log_id,raw_log_text,board_id,test_type,pass_fail
LOG00001,"checked +3.3v rail on board d0859, 3.37v (checks out), per eco-114.",D0859,POWER_RAIL_3V3,PASS
LOG00002,"board A9267 - eye height CH3 3.40Vpp, retest after rework.",A9267,SIGNAL_INTEGRITY,PASS
LOG00003,B6316 VDD_5V rail: 5.12 V (looks good).,B6316,POWER_RAIL_5V,PASS
LOG00004,A5465 CH3 signal check: 3.28 Vpp.,A5465,SIGNAL_INTEGRITY,PASS
LOG00005,"B4629 quiescent current: 131.61 mA, within spec.",B4629,CURRENT_DRAW,PASS
LOG00006,"Checked EN_LINE continuity on D 8322, 6.11Ohm — bad reading, per ECO-114.",D8322,CONTINUITY,FAIL
LOG00007,"D 6648 - 3.3v power check 3.33V, shift B.",D6648,POWER_RAIL_3V3,PASS
LOG00008,"A 6544 - 3.3V rail 3.22V, per ECO-114.",A6544,POWER_RAIL_3V3,PASS
LOG00009,"C-0308 board temp after 10min soak: 45.3 C, nominal.",C0308,THERMAL,PASS
LOG00010,"Checked eye height CH4 on board A4343, 3.23Vpp.",A4343,SIGNAL_INTEGRITY,PASS
LOG00011,"Checked 12v power check on D1061, 11.88V, line 2.",D1061,POWER_RAIL_12V,PASS
LOG00012,"unit b4461: +5v supply reading 5.06v, ok.",B4461,POWER_RAIL_5V,PASS
LOG00013,Unit A-4574: +12V supply reading 13.12V.,A4574,POWER_RAIL_12V,FAIL
LOG00014,"B9026 - scope reading CH3 2.99Vpp (nominal), shift B.",B9026,SIGNAL_INTEGRITY,PASS
LOG00015,B6273 5v power check measured 5.48V.,B6273,POWER_RAIL_5V,FAIL
LOG00016,A6605 signal amplitude CH3: 3.39 Vpp — good reading.,A6605,SIGNAL_INTEGRITY,PASS
LOG00017,"unit B1514 - cont check J12 2.19Ohm — looks good, customer return unit.",B1514,CONTINUITY,PASS
LOG00018,"D-8075 resistance check CLK measured 0.00Ohm, good reading.",D8075,CONTINUITY,PASS
LOG00019,Unit D3156: 3.3V rail reading 3.20V.,D3156,POWER_RAIL_3V3,PASS
LOG00020,Unit D-2302: thermal reading after burn-in reading 0.6C.,D2302,THERMAL,FAIL
LOG00021,d-6348 j7 continuity measured 3.80ohm (checks out).,D6348,CONTINUITY,PASS
LOG00022,"unit B8456 - 12V rail 13.15V, line 2.",B8456,POWER_RAIL_12V,FAIL
LOG00023,unit board d0944: 12v power check reading 12.37v (looks good).,D0944,POWER_RAIL_12V,PASS
LOG00024,Unit D 3672: 3.3V rail reading 3.26V.,D3672,POWER_RAIL_3V3,PASS
LOG00025,D0139 12V rail measured 12.75V (out of spec).,D0139,POWER_RAIL_12V,FAIL
LOG00026,unit c8643 idle current draw: 75.41 ma.,C8643,CURRENT_DRAW,PASS
LOG00027,Unit A 4885: 3.3v power check reading 2.97V.,A4885,POWER_RAIL_3V3,FAIL
LOG00028,"A8407 - resistance check RESET 2.75Ohm (looks good), second attempt.",A8407,CONTINUITY,PASS
LOG00029,Unit D8469: scope reading CH4 reading 3.07Vpp (nominal).,D8469,SIGNAL_INTEGRITY,PASS
LOG00030,"C-1188 - signal amplitude CH3 3.83Vpp (reject), customer return unit.",C1188,SIGNAL_INTEGRITY,FAIL
LOG00031,A8816 +5V supply measured 5.33V.,A8816,POWER_RAIL_5V,FAIL
LOG00032,"Checked scope reading CH2 on C1655, 3.37Vpp, looks good, after reflow.",C1655,SIGNAL_INTEGRITY,PASS
LOG00033,"unit C6807 3v3 supply: 3.34 V, checks out.",C6807,POWER_RAIL_3V3,PASS
LOG00034,A-2280 RESET continuity measured 5.00Ohm.,A2280,CONTINUITY,PASS
LOG00035,C1067 current draw at idle: 133.35 mA.,C1067,CURRENT_DRAW,PASS
LOG00036,board C6424 CH4 signal check: 4.00 Vpp — flagged for rework.,C6424,SIGNAL_INTEGRITY,FAIL
LOG00037,"Unit A2664: idle current draw reading 104.94mA, within spec.",A2664,CURRENT_DRAW,PASS
LOG00038,"board B1829 - EN_LINE continuity 2.41Ohm (OK), unit was reworked yesterday.",B1829,CONTINUITY,PASS
LOG00039,"Checked CLK continuity on unit C2023, 7.04Ohm — out of spec, second attempt.",C2023,CONTINUITY,FAIL
LOG00040,"c6362 - thermal soak reading 6.4c, after reflow.",C6362,THERMAL,FAIL
LOG00041,Unit unit B7826: standby current reading 187.65mA.,B7826,CURRENT_DRAW,FAIL
LOG00042,"Checked +3.3V rail on A 1293, 3.24V, line 2.",A1293,POWER_RAIL_3V3,PASS
LOG00043,"A5995 - J12 continuity 6.60Ohm (out of spec), after reflow.",A5995,CONTINUITY,FAIL
LOG00044,"Unit unit C8983: case temp reading 63.2C, no good.",C8983,THERMAL,FAIL
LOG00045,Unit board A1279: standby current reading 23.92mA.,A1279,CURRENT_DRAW,FAIL
LOG00046,unit A7177 CH2 signal check measured 3.50Vpp (good reading).,A7177,SIGNAL_INTEGRITY,PASS
LOG00047,"Unit C 8253: 3v3 supply reading 2.90V, bad reading.",C8253,POWER_RAIL_3V3,FAIL
LOG00048,unit D0441 CH4 signal check: 2.80 Vpp — looks good.,D0441,SIGNAL_INTEGRITY,PASS
LOG00049,C8634 +3.3V rail: 3.32 V (within spec).,C8634,POWER_RAIL_3V3,PASS
LOG00050,A0054 5V rail: 4.96 V.,A0054,POWER_RAIL_5V,PASS
LOG00051,unit d9681 vdd_12v rail: 12.25 v.,D9681,POWER_RAIL_12V,PASS
LOG00052,C6300 CH4 signal check measured 3.50Vpp — OK.,C6300,SIGNAL_INTEGRITY,PASS
LOG00053,"Checked 5V rail on A6163, 5.30V, line 2.",A6163,POWER_RAIL_5V,FAIL
LOG00054,a 5919 +12v supply: 11.64 v.,A5919,POWER_RAIL_12V,PASS
LOG00055,C-6997 thermal soak reading measured 7.1C.,C6997,THERMAL,FAIL
LOG00056,"Checked thermal reading after burn-in on B9734, 55.0C, nominal, retest after rework.",B9734,THERMAL,PASS
LOG00057,"unit D2176 - thermal soak reading 29.3C — checks out, customer return unit.",D2176,THERMAL,PASS
LOG00058,"Checked 5v power check on board A5897, 5.05V, shift B.",A5897,POWER_RAIL_5V,PASS
LOG00059,C 6260 +12V supply: 11.62 V (good reading).,C6260,POWER_RAIL_12V,PASS
LOG00060,c-2459 scope reading ch2 measured 3.03vpp.,C2459,SIGNAL_INTEGRITY,PASS
LOG00061,D-5652 current draw at idle: 91.99 mA — nominal.,D5652,CURRENT_DRAW,PASS
LOG00062,board A6008 3.3V rail: 3.04 V (flagged for rework).,A6008,POWER_RAIL_3V3,FAIL
LOG00063,"board B9256 - 12v power check 12.92V (failed), line 2.",B9256,POWER_RAIL_12V,FAIL
LOG00064,"unit unit a8390: vdd_5v rail reading 5.54v, flagged for rework.",A8390,POWER_RAIL_5V,FAIL
LOG00065,Unit D9189: signal amplitude CH4 reading 3.55Vpp — checks out.,D9189,SIGNAL_INTEGRITY,PASS
LOG00066,"B0139 - VDD_5V rail 4.75V (good reading), shift B.",B0139,POWER_RAIL_5V,PASS
LOG00067,"unit C5395 - board temp after 10min soak 11.2C, customer return unit.",C5395,THERMAL,FAIL
LOG00068,"D 3049 - board temp after 10min soak 34.5C, retest after rework.",D3049,THERMAL,PASS
LOG00069,Unit board D9173: resistance check J4 reading 2.40Ohm — nominal.,D9173,CONTINUITY,PASS
LOG00070,"Checked 3.3V rail on A 5984, 3.32V (within spec), line 2.",A5984,POWER_RAIL_3V3,PASS
LOG00071,"Checked scope reading CH4 on unit C6508, 3.14Vpp, shift B.",C6508,SIGNAL_INTEGRITY,PASS
LOG00072,board A9615 3.3V rail measured 2.85V.,A9615,POWER_RAIL_3V3,FAIL
LOG00073,"B 0409 - VDD_12V rail 11.26V (reject), unit was reworked yesterday.",B0409,POWER_RAIL_12V,FAIL
LOG00074,Unit unit B5404: +5V supply reading 4.46V.,B5404,POWER_RAIL_5V,FAIL
LOG00075,board D6753 3.3v power check: 3.20 V.,D6753,POWER_RAIL_3V3,PASS
LOG00076,board D1019 +12V supply: 11.79 V.,D1019,POWER_RAIL_12V,PASS
LOG00077,"Checked resistance check RESET on board C8956, 1.75Ohm, good reading, retest after rework.",C8956,CONTINUITY,PASS
LOG00078,"A 2748 - CH3 signal check 3.13Vpp (looks good), retest after rework.",A2748,SIGNAL_INTEGRITY,PASS
LOG00079,"Checked eye height CH4 on C1368, 2.57Vpp, per ECO-114.",C1368,SIGNAL_INTEGRITY,FAIL
LOG00080,"A3653 - thermal reading after burn-in 15.7C — flagged for rework, customer return unit.",A3653,THERMAL,FAIL
LOG00081,"Unit board B9623: standby current reading 52.63mA, nominal.",B9623,CURRENT_DRAW,PASS
LOG00082,Unit board A5907: 5v power check reading 5.63V — no good.,A5907,POWER_RAIL_5V,FAIL
LOG00083,board D2506 12v power check: 12.14 V.,D2506,POWER_RAIL_12V,PASS
LOG00084,"Checked resistance check RESET on B1851, 1.89Ohm — OK.",B1851,CONTINUITY,PASS
LOG00085,Unit C-1030: continuity on CLK reading 0.00Ohm (looks good).,C1030,CONTINUITY,PASS
LOG00086,board C3845 continuity on RESET: 1.06 Ohm.,C3845,CONTINUITY,PASS
LOG00087,"B 1120 - VDD_12V rail 12.00V, looks good, customer return unit.",B1120,POWER_RAIL_12V,PASS
LOG00088,Unit B-2290: VDD_12V rail reading 12.83V (doesn't look right).,B2290,POWER_RAIL_12V,FAIL
LOG00089,d7115 5v rail: 4.51 v — bad reading.,D7115,POWER_RAIL_5V,FAIL
LOG00090,"checked idle current draw on board a7062, 54.64ma — passes, shift b.",A7062,CURRENT_DRAW,PASS
LOG00091,"unit D7729 CH1 signal check: 3.71 Vpp, reject.",D7729,SIGNAL_INTEGRITY,FAIL
LOG00092,Unit A 3183: case temp reading 28.5C.,A3183,THERMAL,PASS
LOG00093,"B-7358 thermal soak reading: 40.8 C, within spec.",B7358,THERMAL,PASS
LOG00094,A-5938 thermal reading after burn-in measured 40.0C (OK).,A5938,THERMAL,PASS
LOG00095,"unit D5533 - 3v3 supply 3.29V, second attempt.",D5533,POWER_RAIL_3V3,PASS
LOG00096,Unit board A2731: idle current draw reading 69.69mA.,A2731,CURRENT_DRAW,PASS
LOG00097,"Checked standby current on D-1562, 127.88mA, customer return unit.",D1562,CURRENT_DRAW,PASS
LOG00098,board C7257 thermal soak reading: 41.2 C.,C7257,THERMAL,PASS
LOG00099,"Checked standby current on C 3584, 83.82mA (looks good).",C3584,CURRENT_DRAW,PASS
LOG00100,board B1784 12V rail: 11.62 V.,B1784,POWER_RAIL_12V,PASS
LOG00101,"B 4130 - 12v power check 12.91V, per ECO-114.",B4130,POWER_RAIL_12V,FAIL
LOG00102,"unit C8655 - CH1 signal check 3.11Vpp, within spec, per ECO-114.",C8655,SIGNAL_INTEGRITY,PASS
LOG00103,"board D8875 - 3v3 supply 3.46V, nominal, shift B.",D8875,POWER_RAIL_3V3,PASS
LOG00104,Unit C-3380: 3.3v power check reading 3.02V — failed.,C3380,POWER_RAIL_3V3,FAIL
LOG00105,B 7535 case temp measured 16.3C — doesn't look right.,B7535,THERMAL,FAIL
LOG00106,"checked 3v3 supply on b 0085, 3.33v, shift b.",B0085,POWER_RAIL_3V3,PASS
LOG00107,"Checked J4 continuity on B-7648, 2.19Ohm.",B7648,CONTINUITY,PASS
LOG00108,"Checked current draw at idle on D-3044, 108.09mA (good reading), per ECO-114.",D3044,CURRENT_DRAW,PASS
LOG00109,Unit unit A1066: resistance check J12 reading 2.06Ohm.,A1066,CONTINUITY,PASS
LOG00110,Unit unit B6033: signal amplitude CH4 reading 3.74Vpp — fails.,B6033,SIGNAL_INTEGRITY,FAIL
LOG00111,"A-1852 - thermal reading after burn-in 42.9C, unit was reworked yesterday.",A1852,THERMAL,PASS
LOG00112,B-2447 idle current draw: 138.18 mA.,B2447,CURRENT_DRAW,PASS
LOG00113,"C 3932 +12V supply measured 11.94V, within spec.",C3932,POWER_RAIL_12V,PASS
LOG00114,D2077 quiescent current: 14.51 mA — doesn't look right.,D2077,CURRENT_DRAW,FAIL
LOG00115,C 5286 standby current: 108.10 mA — checks out.,C5286,CURRENT_DRAW,PASS
LOG00116,"C 3413 signal amplitude CH1 measured 3.31Vpp, good reading.",C3413,SIGNAL_INTEGRITY,PASS
LOG00117,C-4379 eye height CH3: 3.23 Vpp — checks out.,C4379,SIGNAL_INTEGRITY,PASS
LOG00118,Unit D 6322: 3v3 supply reading 3.27V.,D6322,POWER_RAIL_3V3,PASS
LOG00119,B 0728 eye height CH2 measured 2.88Vpp.,B0728,SIGNAL_INTEGRITY,PASS
LOG00120,unit D2896 - quiescent current 60.68mA.,D2896,CURRENT_DRAW,PASS
LOG00121,"board C3663 - resistance check EN_LINE 4.57Ohm — passes, per ECO-114.",C3663,CONTINUITY,PASS
LOG00122,Unit board B3423: cont check J7 reading 2.42Ohm (within spec).,B3423,CONTINUITY,PASS
LOG00123,unit D3265 thermal reading after burn-in: 41.2 C.,D3265,THERMAL,PASS
LOG00124,"Checked quiescent current on C7658, 92.33mA (OK).",C7658,CURRENT_DRAW,PASS
LOG00125,Unit C-2551: 5v power check reading 5.56V (fails).,C2551,POWER_RAIL_5V,FAIL
LOG00126,Unit board A9624: continuity on EN_LINE reading 2.50Ohm (good reading).,A9624,CONTINUITY,PASS
LOG00127,Unit B-8091: case temp reading 30.0C.,B8091,THERMAL,PASS
LOG00128,"Unit board A4806: scope reading CH3 reading 3.99Vpp, fails.",A4806,SIGNAL_INTEGRITY,FAIL
LOG00129,Unit C-8160: VDD_5V rail reading 5.20V — nominal.,C8160,POWER_RAIL_5V,PASS
LOG00130,D6049 +3.3V rail: 3.28 V — checks out.,D6049,POWER_RAIL_3V3,PASS
LOG00131,Unit board B9808: 5V rail reading 4.92V (passes).,B9808,POWER_RAIL_5V,PASS
LOG00132,Unit C5756: 5v power check reading 4.78V — passes.,C5756,POWER_RAIL_5V,PASS
LOG00133,Unit board A0951: thermal soak reading reading 66.7C.,A0951,THERMAL,FAIL
LOG00134,B-7630 5v power check: 5.07 V.,B7630,POWER_RAIL_5V,PASS
LOG00135,"c8013 - scope reading ch2 3.53vpp, second attempt.",C8013,SIGNAL_INTEGRITY,PASS
LOG00136,"checked idle current draw on b 0675, 109.86ma, looks good, unit was reworked yesterday.",B0675,CURRENT_DRAW,PASS
LOG00137,"unit c0651 - 12v power check 11.24v, line 2.",C0651,POWER_RAIL_12V,FAIL
LOG00138,Unit C-2574: CH3 signal check reading 3.49Vpp (good reading).,C2574,SIGNAL_INTEGRITY,PASS
LOG00139,board D1189 12V rail: 12.00 V — within spec.,D1189,POWER_RAIL_12V,PASS
LOG00140,D 1795 thermal reading after burn-in: 32.0 C (checks out).,D1795,THERMAL,PASS
LOG00141,"D-2890 - current draw at idle 89.83mA, per ECO-114.",D2890,CURRENT_DRAW,PASS
LOG00142,Unit board C9309: 12v power check reading 11.88V — nominal.,C9309,POWER_RAIL_12V,PASS
LOG00143,"d2706 eye height ch2: 3.23 vpp, passes.",D2706,SIGNAL_INTEGRITY,PASS
LOG00144,"board D6462 - 3.3V rail 3.27V, after reflow.",D6462,POWER_RAIL_3V3,PASS
LOG00145,D 4741 scope reading CH3 measured 3.60Vpp — looks good.,D4741,SIGNAL_INTEGRITY,PASS
LOG00146,"unit B6515 - 3v3 supply 3.29V — nominal, after reflow.",B6515,POWER_RAIL_3V3,PASS
LOG00147,D8883 VDD_12V rail measured 11.84V — good reading.,D8883,POWER_RAIL_12V,PASS
LOG00148,Unit A 6919: +12V supply reading 13.20V.,A6919,POWER_RAIL_12V,FAIL
LOG00149,"unit D1703 VDD_12V rail: 13.19 V, flagged for rework.",D1703,POWER_RAIL_12V,FAIL
LOG00150,"B-6545 - CH1 signal check 3.21Vpp (good reading), after reflow.",B6545,SIGNAL_INTEGRITY,PASS
LOG00151,"Checked thermal soak reading on unit B3790, 38.2C, retest after rework.",B3790,THERMAL,PASS
LOG00152,"unit b-6587: 12v power check reading 11.73v, checks out.",B6587,POWER_RAIL_12V,PASS
LOG00153,"A 7804 - 12v power check 11.20V, customer return unit.",A7804,POWER_RAIL_12V,FAIL
LOG00154,board d0525 ch1 signal check: 3.33 vpp (checks out).,D0525,SIGNAL_INTEGRITY,PASS
LOG00155,"B7434 VDD_3V3 rail measured 3.49V, failed.",B7434,POWER_RAIL_3V3,FAIL
LOG00156,Unit B-0582: quiescent current reading 13.92mA — no good.,B0582,CURRENT_DRAW,FAIL
LOG00157,unit D1876 resistance check CLK measured 7.60Ohm.,D1876,CONTINUITY,FAIL
LOG00158,"board c9821 - 3.3v power check 3.28v, checks out, second attempt.",C9821,POWER_RAIL_3V3,PASS
LOG00159,"unit D7305 - standby current 28.29mA, flagged for rework, line 2.",D7305,CURRENT_DRAW,FAIL
LOG00160,"unit d6187: thermal reading after burn-in reading 37.3c, checks out.",D6187,THERMAL,PASS
LOG00161,"Unit unit A5120: thermal reading after burn-in reading 27.0C, good reading.",A5120,THERMAL,PASS
LOG00162,a-4310 3.3v rail: 3.69 v (bad reading).,A4310,POWER_RAIL_3V3,FAIL
LOG00163,c3887 vdd_5v rail: 4.98 v.,C3887,POWER_RAIL_5V,PASS
LOG00164,"unit A9157 +3.3V rail measured 2.86V, no good.",A9157,POWER_RAIL_3V3,FAIL
LOG00165,"unit B1979 - 12v power check 12.13V — good reading, per ECO-114.",B1979,POWER_RAIL_12V,PASS
LOG00166,D-7957 - eye height CH4 3.70Vpp — reject.,D7957,SIGNAL_INTEGRITY,FAIL
LOG00167,"Checked board temp after 10min soak on B3615, 35.9C — OK, shift B.",B3615,THERMAL,PASS
LOG00168,Unit D3152: +5V supply reading 4.92V (checks out).,D3152,POWER_RAIL_5V,PASS
LOG00169,Unit C-0491: continuity on J4 reading 5.90Ohm — failed.,C0491,CONTINUITY,FAIL
LOG00170,unit C8005 current draw at idle: 114.37 mA.,C8005,CURRENT_DRAW,PASS
LOG00171,"unit A6209 - 3v3 supply 3.39V — good reading, line 2.",A6209,POWER_RAIL_3V3,PASS
LOG00172,unit A4347 5V rail measured 4.87V.,A4347,POWER_RAIL_5V,PASS
LOG00173,"A 5310 - CH2 signal check 2.83Vpp (nominal), after reflow.",A5310,SIGNAL_INTEGRITY,PASS
LOG00174,"B-2405 - current draw at idle 61.06mA, after reflow.",B2405,CURRENT_DRAW,PASS
LOG00175,board D8222 - current draw at idle 41.68mA.,D8222,CURRENT_DRAW,FAIL
LOG00176,"Checked VDD_5V rail on board D4349, 5.25V.",D4349,POWER_RAIL_5V,PASS
LOG00177,B 4597 12V rail measured 13.15V.,B4597,POWER_RAIL_12V,FAIL
LOG00178,Unit C5632: VDD_12V rail reading 12.84V.,C5632,POWER_RAIL_12V,FAIL
LOG00179,"c7605 - 5v power check 5.02v, good reading, unit was reworked yesterday.",C7605,POWER_RAIL_5V,PASS
LOG00180,"B 7070 - 12V rail 11.99V, after reflow.",B7070,POWER_RAIL_12V,PASS
LOG00181,Unit A 4482: RESET continuity reading 7.49Ohm — bad reading.,A4482,CONTINUITY,FAIL
LOG00182,A3138 cont check J4: 2.44 Ohm (all good).,A3138,CONTINUITY,PASS
LOG00183,"Checked VDD_12V rail on C6429, 12.99V, line 2.",C6429,POWER_RAIL_12V,FAIL
LOG00184,"D7104 - scope reading CH2 2.72Vpp, doesn't look right, line 2.",D7104,SIGNAL_INTEGRITY,FAIL
LOG00185,"Checked case temp on board D1967, 28.1C.",D1967,THERMAL,PASS
LOG00186,Unit unit C2680: current draw at idle reading 106.63mA.,C2680,CURRENT_DRAW,PASS
LOG00187,B7467 case temp measured 22.1C.,B7467,THERMAL,PASS
LOG00188,Unit unit A8119: scope reading CH4 reading 3.37Vpp.,A8119,SIGNAL_INTEGRITY,PASS
LOG00189,"Unit B 9645: board temp after 10min soak reading 31.3C, checks out.",B9645,THERMAL,PASS
LOG00190,"D-8410 thermal soak reading: 23.3 C, passes.",D8410,THERMAL,PASS
LOG00191,Unit D0890: 3v3 supply reading 3.35V.,D0890,POWER_RAIL_3V3,PASS
LOG00192,unit A7410 5v power check measured 4.81V.,A7410,POWER_RAIL_5V,PASS
LOG00193,unit A2458 current draw at idle measured 106.68mA.,A2458,CURRENT_DRAW,PASS
LOG00194,A-2379 - 3v3 supply 3.43V.,A2379,POWER_RAIL_3V3,PASS
LOG00195,"checked ch4 signal check on b1350, 3.19vpp, within spec, unit was reworked yesterday.",B1350,SIGNAL_INTEGRITY,PASS
LOG00196,B7829 12V rail: 12.02 V.,B7829,POWER_RAIL_12V,PASS
LOG00197,"Checked +3.3V rail on A-5414, 3.40V, per ECO-114.",A5414,POWER_RAIL_3V3,PASS
LOG00198,A8766 +3.3V rail: 3.69 V.,A8766,POWER_RAIL_3V3,FAIL
LOG00199,B 3086 thermal soak reading: 22.9 C (passes).,B3086,THERMAL,PASS
LOG00200,"B-6779 eye height CH2 measured 3.32Vpp, good reading.",B6779,SIGNAL_INTEGRITY,PASS
LOG00201,"C4739 CH3 signal check measured 2.47Vpp, doesn't look right.",C4739,SIGNAL_INTEGRITY,FAIL
LOG00202,Unit board B8835: +5V supply reading 4.78V.,B8835,POWER_RAIL_5V,PASS
LOG00203,"board C9178 - 12v power check 11.19V, line 2.",C9178,POWER_RAIL_12V,FAIL
LOG00204,Unit unit B9451: 3.3V rail reading 2.93V.,B9451,POWER_RAIL_3V3,FAIL
LOG00205,"Unit board C4095: VDD_5V rail reading 4.47V, failed.",C4095,POWER_RAIL_5V,FAIL
LOG00206,"Unit D5316: quiescent current reading 50.00mA, looks good.",D5316,CURRENT_DRAW,PASS
LOG00207,D1284 signal amplitude CH4: 3.34 Vpp.,D1284,SIGNAL_INTEGRITY,PASS
LOG00208,A1873 signal amplitude CH4 measured 3.43Vpp — looks good.,A1873,SIGNAL_INTEGRITY,PASS
LOG00209,"Unit board C3075: CH3 signal check reading 4.05Vpp, doesn't look right.",C3075,SIGNAL_INTEGRITY,FAIL
LOG00210,A-7552 3.3v power check: 3.04 V.,A7552,POWER_RAIL_3V3,FAIL
LOG00211,board A3076 thermal reading after burn-in: 40.6 C.,A3076,THERMAL,PASS
LOG00212,board C2845 idle current draw: 117.61 mA.,C2845,CURRENT_DRAW,PASS
LOG00213,Unit board C0740: +3.3V rail reading 3.24V — all good.,C0740,POWER_RAIL_3V3,PASS
LOG00214,"C 4638 - CH2 signal check 3.13Vpp, line 2.",C4638,SIGNAL_INTEGRITY,PASS
LOG00215,"board D6420 - signal amplitude CH1 3.25Vpp, retest after rework.",D6420,SIGNAL_INTEGRITY,PASS
LOG00216,D 5131 cont check J7 measured 4.20Ohm — within spec.,D5131,CONTINUITY,PASS
LOG00217,"D9755 - VDD_12V rail 10.96V, second attempt.",D9755,POWER_RAIL_12V,FAIL
LOG00218,B7596 - thermal reading after burn-in 33.5C.,B7596,THERMAL,PASS
LOG00219,"D-7255 resistance check J7: 5.87 Ohm, fails.",D7255,CONTINUITY,FAIL
LOG00220,Unit unit C4019: 3v3 supply reading 3.13V (passes).,C4019,POWER_RAIL_3V3,PASS
LOG00221,"unit C7984 - +12V supply 13.26V, fails, after reflow.",C7984,POWER_RAIL_12V,FAIL
LOG00222,"C-8077 - thermal soak reading 52.0C, within spec, second attempt.",C8077,THERMAL,PASS
LOG00223,d5539 signal amplitude ch1: 3.21 vpp — within spec.,D5539,SIGNAL_INTEGRITY,PASS
LOG00224,"D0217 - VDD_5V rail 4.90V, passes, customer return unit.",D0217,POWER_RAIL_5V,PASS
LOG00225,"Checked +12V supply on A5481, 12.67V, line 2.",A5481,POWER_RAIL_12V,FAIL
LOG00226,unit A5994 - VDD_5V rail 4.91V — passes.,A5994,POWER_RAIL_5V,PASS
LOG00227,"Checked scope reading CH2 on board A4820, 3.52Vpp, passes, customer return unit.",A4820,SIGNAL_INTEGRITY,PASS
LOG00228,D 8647 resistance check J7 measured 5.53Ohm.,D8647,CONTINUITY,FAIL
LOG00229,"checked board temp after 10min soak on unit b1396, 33.1c, second attempt.",B1396,THERMAL,PASS
LOG00230,board D7630 standby current: 155.66 mA.,D7630,CURRENT_DRAW,FAIL
LOG00231,"checked eye height ch1 on a 4810, 3.92vpp, shift b.",A4810,SIGNAL_INTEGRITY,FAIL
LOG00232,C-5447 thermal reading after burn-in measured 8.4C.,C5447,THERMAL,FAIL
LOG00233,Unit C 9425: 12v power check reading 11.86V (checks out).,C9425,POWER_RAIL_12V,PASS
LOG00234,a-1241 eye height ch4 measured 2.91vpp.,A1241,SIGNAL_INTEGRITY,PASS
LOG00235,"C 4151 - thermal reading after burn-in 29.0C, customer return unit.",C4151,THERMAL,PASS
LOG00236,unit A4463 VDD_12V rail measured 11.66V.,A4463,POWER_RAIL_12V,PASS
LOG00237,"Unit board B1870: thermal soak reading reading 35.2C, nominal.",B1870,THERMAL,PASS
LOG00238,"board B0320 - resistance check J7 2.07Ohm (OK), after reflow.",B0320,CONTINUITY,PASS
LOG00239,"D8103 3v3 supply measured 3.32V, within spec.",D8103,POWER_RAIL_3V3,PASS
LOG00240,"Checked scope reading CH1 on board B0971, 2.90Vpp.",B0971,SIGNAL_INTEGRITY,PASS
LOG00241,"unit B9831 - quiescent current 206.10mA (doesn't look right), line 2.",B9831,CURRENT_DRAW,FAIL
LOG00242,"a 8426 - +5v supply 4.51v (failed), customer return unit.",A8426,POWER_RAIL_5V,FAIL
LOG00243,A0458 5V rail: 4.49 V (reject).,A0458,POWER_RAIL_5V,FAIL
LOG00244,"A 2794 standby current: 62.66 mA, nominal.",A2794,CURRENT_DRAW,PASS
LOG00245,"B-5630 - board temp after 10min soak 38.6C, second attempt.",B5630,THERMAL,PASS
LOG00246,"B 7167 - board temp after 10min soak 44.0C (looks good), after reflow.",B7167,THERMAL,PASS
LOG00247,Unit D 5645: VDD_3V3 rail reading 3.37V (within spec).,D5645,POWER_RAIL_3V3,PASS
LOG00248,"board B7135 - VDD_3V3 rail 3.82V — flagged for rework, second attempt.",B7135,POWER_RAIL_3V3,FAIL
LOG00249,Unit unit A0734: scope reading CH1 reading 3.19Vpp — checks out.,A0734,SIGNAL_INTEGRITY,PASS
LOG00250,a-9124 ch2 signal check measured 2.91vpp — nominal.,A9124,SIGNAL_INTEGRITY,PASS
LOG00251,A 0449 VDD_5V rail measured 5.72V — bad reading.,A0449,POWER_RAIL_5V,FAIL
LOG00252,board C8063 scope reading CH2: 2.41 Vpp.,C8063,SIGNAL_INTEGRITY,FAIL
LOG00253,"Checked standby current on board A0341, 80.01mA, unit was reworked yesterday.",A0341,CURRENT_DRAW,PASS
LOG00254,A8517 +12V supply: 12.13 V (nominal).,A8517,POWER_RAIL_12V,PASS
LOG00255,"Unit board D4259: +12V supply reading 12.07V, looks good.",D4259,POWER_RAIL_12V,PASS
LOG00256,"Checked VDD_3V3 rail on A 5512, 3.25V, customer return unit.",A5512,POWER_RAIL_3V3,PASS
LOG00257,"D 5264 - idle current draw 162.82mA, customer return unit.",D5264,CURRENT_DRAW,FAIL
LOG00258,board D3832 +5V supply measured 5.06V — passes.,D3832,POWER_RAIL_5V,PASS
LOG00259,B-1186 VDD_3V3 rail measured 3.37V.,B1186,POWER_RAIL_3V3,PASS
LOG00260,Unit C7128: 3.3v power check reading 3.04V.,C7128,POWER_RAIL_3V3,FAIL
LOG00261,"board C9296 - standby current 38.73mA, bad reading, per ECO-114.",C9296,CURRENT_DRAW,FAIL
LOG00262,"a6124 - 12v rail 10.87v — fails, retest after rework.",A6124,POWER_RAIL_12V,FAIL
LOG00263,"unit unit b1364: board temp after 10min soak reading 73.6c, no good.",B1364,THERMAL,FAIL
LOG00264,"Unit B1881: cont check CLK reading 2.74Ohm, nominal.",B1881,CONTINUITY,PASS
LOG00265,Unit unit D2656: idle current draw reading 116.93mA (checks out).,D2656,CURRENT_DRAW,PASS
LOG00266,"A 0927 - +3.3V rail 3.70V (fails), after reflow.",A0927,POWER_RAIL_3V3,FAIL
LOG00267,board D4462 eye height CH4 measured 3.03Vpp.,D4462,SIGNAL_INTEGRITY,PASS
LOG00268,"Checked thermal soak reading on A0205, 64.8C — fails, second attempt.",A0205,THERMAL,FAIL
LOG00269,Unit A9720: 3.3v power check reading 2.98V.,A9720,POWER_RAIL_3V3,FAIL
LOG00270,Unit board A9555: board temp after 10min soak reading 18.2C.,A9555,THERMAL,FAIL
LOG00271,"checked cont check clk on d 5217, 0.84ohm.",D5217,CONTINUITY,PASS
LOG00272,"D3521 - quiescent current 94.54mA (looks good), unit was reworked yesterday.",D3521,CURRENT_DRAW,PASS
LOG00273,A7458 scope reading CH4 measured 3.34Vpp — nominal.,A7458,SIGNAL_INTEGRITY,PASS
LOG00274,Unit unit B3125: 12v power check reading 12.00V — all good.,B3125,POWER_RAIL_12V,PASS
LOG00275,Unit board B1703: idle current draw reading 55.75mA.,B1703,CURRENT_DRAW,PASS
LOG00276,"A3008 - +3.3V rail 3.52V (no good), customer return unit.",A3008,POWER_RAIL_3V3,FAIL
LOG00277,Unit unit A5006: CLK continuity reading 6.59Ohm (no good).,A5006,CONTINUITY,FAIL
LOG00278,"unit D2633 - cont check RESET 3.01Ohm — passes, line 2.",D2633,CONTINUITY,PASS
LOG00279,unit A1499 VDD_12V rail measured 11.40V.,A1499,POWER_RAIL_12V,PASS
LOG00280,Unit D5706: quiescent current reading 107.30mA — good reading.,D5706,CURRENT_DRAW,PASS
LOG00281,"unit B7560 3v3 supply: 3.44 V, nominal.",B7560,POWER_RAIL_3V3,PASS
LOG00282,"A 6118 - 12v power check 12.25V, per ECO-114.",A6118,POWER_RAIL_12V,PASS
LOG00283,"Checked quiescent current on unit C2974, 104.20mA, line 2.",C2974,CURRENT_DRAW,PASS
LOG00284,b3484 clk continuity: 5.00 ohm — within spec.,B3484,CONTINUITY,PASS
LOG00285,Unit board A9287: 3.3V rail reading 2.68V (fails).,A9287,POWER_RAIL_3V3,FAIL
LOG00286,"D6972 - CH1 signal check 3.79Vpp, shift B.",D6972,SIGNAL_INTEGRITY,FAIL
LOG00287,"board A2024 - resistance check EN_LINE 5.69Ohm — flagged for rework, after reflow.",A2024,CONTINUITY,FAIL
LOG00288,"Checked 12v power check on C7202, 11.85V, unit was reworked yesterday.",C7202,POWER_RAIL_12V,PASS
LOG00289,Unit C 8442: +3.3V rail reading 3.33V.,C8442,POWER_RAIL_3V3,PASS
LOG00290,Unit D-8274: +3.3V rail reading 3.17V.,D8274,POWER_RAIL_3V3,PASS
LOG00291,"D3303 scope reading CH1: 3.81 Vpp, failed.",D3303,SIGNAL_INTEGRITY,FAIL
LOG00292,"unit A0370 - standby current 128.77mA (good reading), unit was reworked yesterday.",A0370,CURRENT_DRAW,PASS
LOG00293,"Unit unit D9233: VDD_3V3 rail reading 3.09V, reject.",D9233,POWER_RAIL_3V3,FAIL
LOG00294,unit B7726 thermal soak reading: 33.0 C.,B7726,THERMAL,PASS
LOG00295,Unit board D4626: +3.3V rail reading 3.79V — bad reading.,D4626,POWER_RAIL_3V3,FAIL
LOG00296,"Checked +12V supply on A-9948, 11.76V (passes), retest after rework.",A9948,POWER_RAIL_12V,PASS
LOG00297,"Checked case temp on unit A9024, 40.7C, line 2.",A9024,THERMAL,PASS
LOG00298,C 9092 continuity on RESET measured 5.00Ohm.,C9092,CONTINUITY,PASS
LOG00299,C-8303 - VDD_12V rail 12.46V — all good.,C8303,POWER_RAIL_12V,PASS
LOG00300,Unit A4992: 5v power check reading 5.15V.,A4992,POWER_RAIL_5V,PASS
LOG00301,A8729 current draw at idle measured 128.24mA.,A8729,CURRENT_DRAW,PASS
LOG00302,Unit board B0412: signal amplitude CH1 reading 3.13Vpp.,B0412,SIGNAL_INTEGRITY,PASS
LOG00303,A-6199 3.3v power check measured 3.75V.,A6199,POWER_RAIL_3V3,FAIL
LOG00304,Unit A3528: VDD_12V rail reading 11.21V — bad reading.,A3528,POWER_RAIL_12V,FAIL
LOG00305,"Unit unit D6525: continuity on J12 reading 7.71Ohm, reject.",D6525,CONTINUITY,FAIL
LOG00306,"Checked VDD_12V rail on board C4567, 10.90V — out of spec, line 2.",C4567,POWER_RAIL_12V,FAIL
LOG00307,"unit C9211 - scope reading CH4 3.18Vpp — looks good, second attempt.",C9211,SIGNAL_INTEGRITY,PASS
LOG00308,unit D9093 12v power check measured 13.24V (reject).,D9093,POWER_RAIL_12V,FAIL
LOG00309,"Checked 12V rail on unit C2413, 12.16V (good reading), line 2.",C2413,POWER_RAIL_12V,PASS
LOG00310,unit B2494 5v power check: 5.18 V (OK).,B2494,POWER_RAIL_5V,PASS
LOG00311,unit B7294 case temp: 38.3 C.,B7294,THERMAL,PASS
LOG00312,"Checked +5V supply on unit B9110, 5.49V, flagged for rework, after reflow.",B9110,POWER_RAIL_5V,FAIL
LOG00313,A 4916 VDD_5V rail measured 5.03V.,A4916,POWER_RAIL_5V,PASS
LOG00314,B-2851 +12V supply measured 11.80V — passes.,B2851,POWER_RAIL_12V,PASS
LOG00315,"Checked continuity on CLK on C-8536, 6.19Ohm, customer return unit.",C8536,CONTINUITY,FAIL
LOG00316,B5111 - CH1 signal check 3.19Vpp — checks out.,B5111,SIGNAL_INTEGRITY,PASS
LOG00317,"unit D8707 current draw at idle: 23.37 mA, out of spec.",D8707,CURRENT_DRAW,FAIL
LOG00318,unit board b5584: 3.3v rail reading 3.04v.,B5584,POWER_RAIL_3V3,FAIL
LOG00319,"C 9908 - 5V rail 4.49V, line 2.",C9908,POWER_RAIL_5V,FAIL
LOG00320,board B2543 +5V supply measured 4.95V.,B2543,POWER_RAIL_5V,PASS
LOG00321,"A5550 +12V supply measured 11.78V, passes.",A5550,POWER_RAIL_12V,PASS
LOG00322,"unit C3018 - 5V rail 4.75V (good reading), retest after rework.",C3018,POWER_RAIL_5V,PASS
LOG00323,unit D0329 signal amplitude CH3 measured 2.81Vpp.,D0329,SIGNAL_INTEGRITY,PASS
LOG00324,c 6741 +3.3v rail: 3.82 v.,C6741,POWER_RAIL_3V3,FAIL
LOG00325,B 5055 thermal reading after burn-in: 49.1 C.,B5055,THERMAL,PASS
LOG00326,"board A7540 - quiescent current 157.69mA, line 2.",A7540,CURRENT_DRAW,FAIL
LOG00327,"Checked cont check J7 on board A0925, 0.98Ohm (good reading), customer return unit.",A0925,CONTINUITY,PASS
LOG00328,D7095 thermal reading after burn-in: 55.0 C.,D7095,THERMAL,PASS
LOG00329,"Checked CH1 signal check on board C6794, 3.11Vpp, line 2.",C6794,SIGNAL_INTEGRITY,PASS
LOG00330,C 3287 3.3v power check measured 3.14V — checks out.,C3287,POWER_RAIL_3V3,PASS
LOG00331,C 4761 VDD_5V rail measured 4.94V — passes.,C4761,POWER_RAIL_5V,PASS
LOG00332,"unit D9558 - standby current 124.42mA, after reflow.",D9558,CURRENT_DRAW,PASS
LOG00333,"Checked CH3 signal check on D 5466, 2.55Vpp, retest after rework.",D5466,SIGNAL_INTEGRITY,FAIL
LOG00334,Unit board B1901: resistance check RESET reading 3.28Ohm — good reading.,B1901,CONTINUITY,PASS
LOG00335,"A-7189 - quiescent current 102.65mA — all good, unit was reworked yesterday.",A7189,CURRENT_DRAW,PASS
LOG00336,"unit a7477: +12v supply reading 12.94v, fails.",A7477,POWER_RAIL_12V,FAIL
LOG00337,"Checked 12V rail on B 6513, 12.29V, after reflow.",B6513,POWER_RAIL_12V,PASS
LOG00338,"D2167 board temp after 10min soak measured 24.0C, nominal.",D2167,THERMAL,PASS
LOG00339,"unit a 4695: +5v supply reading 5.11v, looks good.",A4695,POWER_RAIL_5V,PASS
LOG00340,board C6176 3.3v power check measured 3.46V.,C6176,POWER_RAIL_3V3,PASS
LOG00341,"A-1243 - +12V supply 12.17V, second attempt.",A1243,POWER_RAIL_12V,PASS
LOG00342,"checked standby current on c 0576, 130.69ma, shift b.",C0576,CURRENT_DRAW,PASS
LOG00343,"Checked cont check EN_LINE on C3302, 3.87Ohm — checks out, customer return unit.",C3302,CONTINUITY,PASS
LOG00344,"A6038 - cont check J12 2.02Ohm, retest after rework.",A6038,CONTINUITY,PASS
LOG00345,"Checked VDD_12V rail on C 9132, 12.17V, per ECO-114.",C9132,POWER_RAIL_12V,PASS
LOG00346,"Checked J4 continuity on C0111, 0.00Ohm (good reading), second attempt.",C0111,CONTINUITY,PASS
LOG00347,board A9576 VDD_5V rail measured 5.11V (looks good).,A9576,POWER_RAIL_5V,PASS
LOG00348,c5244 eye height ch4: 3.29 vpp (within spec).,C5244,SIGNAL_INTEGRITY,PASS
LOG00349,"C-3384 - signal amplitude CH3 3.01Vpp — checks out, customer return unit.",C3384,SIGNAL_INTEGRITY,PASS
LOG00350,"Checked 5V rail on board A1942, 5.66V, per ECO-114.",A1942,POWER_RAIL_5V,FAIL
LOG00351,C6062 - idle current draw 150.00mA — all good.,C6062,CURRENT_DRAW,PASS
LOG00352,C 9138 5V rail: 5.42 V.,C9138,POWER_RAIL_5V,FAIL
LOG00353,C 5940 thermal reading after burn-in measured 2.3C.,C5940,THERMAL,FAIL
LOG00354,"board C7581 - board temp after 10min soak 49.9C, checks out, per ECO-114.",C7581,THERMAL,PASS
LOG00355,"C 3261 - thermal reading after burn-in 58.5C (bad reading), shift B.",C3261,THERMAL,FAIL
LOG00356,"unit b8497 - 5v power check 5.03v, retest after rework.",B8497,POWER_RAIL_5V,PASS
LOG00357,Unit A9853: eye height CH4 reading 2.84Vpp.,A9853,SIGNAL_INTEGRITY,PASS
LOG00358,C 7647 +5V supply: 4.92 V.,C7647,POWER_RAIL_5V,PASS
LOG00359,"Checked 12V rail on C4878, 10.75V, unit was reworked yesterday.",C4878,POWER_RAIL_12V,FAIL
LOG00360,"D 2155 - board temp after 10min soak 39.6C, unit was reworked yesterday.",D2155,THERMAL,PASS
LOG00361,Unit D 9139: 5V rail reading 4.93V — OK.,D9139,POWER_RAIL_5V,PASS
LOG00362,"Checked 3v3 supply on board A9068, 3.90V, after reflow.",A9068,POWER_RAIL_3V3,FAIL
LOG00363,board A3025 5v power check: 4.95 V.,A3025,POWER_RAIL_5V,PASS
LOG00364,B8748 VDD_5V rail: 5.05 V.,B8748,POWER_RAIL_5V,PASS
LOG00365,A-6188 standby current measured 95.23mA — checks out.,A6188,CURRENT_DRAW,PASS
LOG00366,Unit board C3314: current draw at idle reading 116.01mA (looks good).,C3314,CURRENT_DRAW,PASS
LOG00367,board C4752 VDD_12V rail: 12.42 V (OK).,C4752,POWER_RAIL_12V,PASS
LOG00368,"D4541 5V rail measured 5.12V, nominal.",D4541,POWER_RAIL_5V,PASS
LOG00369,d5397 scope reading ch3: 3.09 vpp (passes).,D5397,SIGNAL_INTEGRITY,PASS
LOG00370,Unit D5951: 3.3V rail reading 3.32V.,D5951,POWER_RAIL_3V3,PASS
LOG00371,B-1837 signal amplitude CH2: 4.03 Vpp.,B1837,SIGNAL_INTEGRITY,FAIL
LOG00372,board d0569 vdd_3v3 rail: 3.32 v (good reading).,D0569,POWER_RAIL_3V3,PASS
LOG00373,Unit C2317: +3.3V rail reading 3.24V (looks good).,C2317,POWER_RAIL_3V3,PASS
LOG00374,"B0401 - standby current 192.29mA — fails, after reflow.",B0401,CURRENT_DRAW,FAIL
LOG00375,B0262 CH3 signal check measured 3.02Vpp (within spec).,B0262,SIGNAL_INTEGRITY,PASS
LOG00376,unit board a4865: vdd_12v rail reading 11.72v.,A4865,POWER_RAIL_12V,PASS
LOG00377,"C-7615 - J12 continuity 3.28Ohm, shift B.",C7615,CONTINUITY,PASS
LOG00378,"Checked idle current draw on unit A1094, 82.54mA (within spec).",A1094,CURRENT_DRAW,PASS
LOG00379,"A-8179 case temp measured 18.0C, bad reading.",A8179,THERMAL,FAIL
LOG00380,d 6771 signal amplitude ch2 measured 3.26vpp.,D6771,SIGNAL_INTEGRITY,PASS
LOG00381,Unit C1642: continuity on J7 reading 0.46Ohm.,C1642,CONTINUITY,PASS
LOG00382,Unit D2999: 12V rail reading 13.27V.,D2999,POWER_RAIL_12V,FAIL
LOG00383,unit d 5118: case temp reading 20.2c (all good).,D5118,THERMAL,PASS
LOG00384,A0429 signal amplitude CH2 measured 3.33Vpp.,A0429,SIGNAL_INTEGRITY,PASS
LOG00385,D-7634 EN_LINE continuity measured 1.35Ohm — checks out.,D7634,CONTINUITY,PASS
LOG00386,"B5333 board temp after 10min soak measured 66.1C, fails.",B5333,THERMAL,FAIL
LOG00387,"board A0304 - 3.3V rail 3.30V — looks good, retest after rework.",A0304,POWER_RAIL_3V3,PASS
LOG00388,A4869 - VDD_12V rail 12.60V.,A4869,POWER_RAIL_12V,PASS
LOG00389,unit a8705 3v3 supply: 2.99 v.,A8705,POWER_RAIL_3V3,FAIL
LOG00390,"unit unit a9333: vdd_3v3 rail reading 3.20v, good reading.",A9333,POWER_RAIL_3V3,PASS
LOG00391,C-7915 VDD_5V rail measured 4.88V (all good).,C7915,POWER_RAIL_5V,PASS
LOG00392,"Checked signal amplitude CH2 on D 5064, 2.37Vpp, customer return unit.",D5064,SIGNAL_INTEGRITY,FAIL
LOG00393,"Unit B 5246: VDD_3V3 rail reading 3.22V, checks out.",B5246,POWER_RAIL_3V3,PASS
LOG00394,board A4511 12V rail: 11.99 V.,A4511,POWER_RAIL_12V,PASS
LOG00395,"D0387 scope reading CH2: 2.80 Vpp, nominal.",D0387,SIGNAL_INTEGRITY,PASS
LOG00396,"Checked resistance check J4 on A-3462, 4.33Ohm, customer return unit.",A3462,CONTINUITY,PASS
LOG00397,B4410 VDD_12V rail measured 12.09V (good reading).,B4410,POWER_RAIL_12V,PASS
LOG00398,B 5262 signal amplitude CH2: 3.32 Vpp.,B5262,SIGNAL_INTEGRITY,PASS
LOG00399,c 9653 thermal soak reading measured 27.6c.,C9653,THERMAL,PASS
LOG00400,"Checked VDD_5V rail on unit A7404, 5.29V — fails, after reflow.",A7404,POWER_RAIL_5V,FAIL
LOG00401,Unit unit A0498: scope reading CH3 reading 4.06Vpp.,A0498,SIGNAL_INTEGRITY,FAIL
LOG00402,"Checked scope reading CH2 on A 5400, 3.21Vpp — passes, retest after rework.",A5400,SIGNAL_INTEGRITY,PASS
LOG00403,"board A2735 scope reading CH1 measured 3.80Vpp, bad reading.",A2735,SIGNAL_INTEGRITY,FAIL
LOG00404,unit D9013 thermal soak reading: 67.5 C — out of spec.,D9013,THERMAL,FAIL
LOG00405,"board B2640 12V rail: 11.40 V, checks out.",B2640,POWER_RAIL_12V,PASS
LOG00406,board C0371 3.3v power check measured 2.72V.,C0371,POWER_RAIL_3V3,FAIL
LOG00407,A0204 3.3v power check measured 3.92V (doesn't look right).,A0204,POWER_RAIL_3V3,FAIL
LOG00408,"D-4831 - CH2 signal check 3.78Vpp, line 2.",D4831,SIGNAL_INTEGRITY,FAIL
LOG00409,"unit B8066 - continuity on EN_LINE 2.14Ohm, customer return unit.",B8066,CONTINUITY,PASS
LOG00410,"Checked +12V supply on board C1990, 13.12V, per ECO-114.",C1990,POWER_RAIL_12V,FAIL
LOG00411,"Checked 5v power check on D 8559, 4.99V (passes), customer return unit.",D8559,POWER_RAIL_5V,PASS
LOG00412,B3850 VDD_12V rail measured 10.96V.,B3850,POWER_RAIL_12V,FAIL
LOG00413,Unit B 2780: J4 continuity reading 7.12Ohm.,B2780,CONTINUITY,FAIL
LOG00414,unit A5433 standby current measured 164.47mA (flagged for rework).,A5433,CURRENT_DRAW,FAIL
LOG00415,c9323 ch2 signal check measured 3.45vpp.,C9323,SIGNAL_INTEGRITY,PASS
LOG00416,Unit board B2981: 3.3v power check reading 3.46V (passes).,B2981,POWER_RAIL_3V3,PASS
LOG00417,"b2252 +12v supply: 12.03 v, all good.",B2252,POWER_RAIL_12V,PASS
LOG00418,"D 1477 - 5V rail 5.44V (no good), line 2.",D1477,POWER_RAIL_5V,FAIL
LOG00419,C5039 standby current: 131.86 mA (nominal).,C5039,CURRENT_DRAW,PASS
LOG00420,"B9988 - VDD_3V3 rail 2.75V — doesn't look right, customer return unit.",B9988,POWER_RAIL_3V3,FAIL
LOG00421,"A0737 - VDD_12V rail 12.34V, shift B.",A0737,POWER_RAIL_12V,PASS
LOG00422,unit board d7458: +12v supply reading 11.02v — no good.,D7458,POWER_RAIL_12V,FAIL
LOG00423,"checked ch1 signal check on board c8694, 3.44vpp, retest after rework.",C8694,SIGNAL_INTEGRITY,PASS
LOG00424,board B9355 12V rail measured 12.22V — within spec.,B9355,POWER_RAIL_12V,PASS
LOG00425,"unit C0153 - 12v power check 11.48V, per ECO-114.",C0153,POWER_RAIL_12V,PASS
LOG00426,"Checked +12V supply on C-6218, 11.55V (within spec), retest after rework.",C6218,POWER_RAIL_12V,PASS
LOG00427,"D1430 - CH4 signal check 3.14Vpp, passes, per ECO-114.",D1430,SIGNAL_INTEGRITY,PASS
LOG00428,"checked 12v power check on a 5045, 10.81v — out of spec, unit was reworked yesterday.",A5045,POWER_RAIL_12V,FAIL
LOG00429,Unit B 2470: VDD_5V rail reading 4.54V — reject.,B2470,POWER_RAIL_5V,FAIL
LOG00430,Unit B 8889: eye height CH1 reading 3.28Vpp.,B8889,SIGNAL_INTEGRITY,PASS
LOG00431,"D 2500 - cont check J4 0.63Ohm, checks out, after reflow.",D2500,CONTINUITY,PASS
LOG00432,board C9244 - scope reading CH2 3.02Vpp.,C9244,SIGNAL_INTEGRITY,PASS
LOG00433,"Unit A 7276: standby current reading 21.59mA, out of spec.",A7276,CURRENT_DRAW,FAIL
LOG00434,board A6002 - idle current draw 122.57mA (within spec).,A6002,CURRENT_DRAW,PASS
LOG00435,A 4216 thermal soak reading measured 20.0C.,A4216,THERMAL,PASS
LOG00436,board D7341 VDD_5V rail: 4.91 V.,D7341,POWER_RAIL_5V,PASS
LOG00437,"Checked idle current draw on unit D8102, 199.10mA, fails, line 2.",D8102,CURRENT_DRAW,FAIL
LOG00438,Unit C 2489: eye height CH3 reading 4.08Vpp.,C2489,SIGNAL_INTEGRITY,FAIL
LOG00439,"Checked quiescent current on C-9749, 88.99mA.",C9749,CURRENT_DRAW,PASS
LOG00440,A 8047 thermal reading after burn-in: 40.9 C — OK.,A8047,THERMAL,PASS
LOG00441,"board C5115 - quiescent current 108.81mA, shift B.",C5115,CURRENT_DRAW,PASS
LOG00442,B2365 cont check J7 measured 3.24Ohm.,B2365,CONTINUITY,PASS
LOG00443,board A2222 eye height CH4: 3.80 Vpp.,A2222,SIGNAL_INTEGRITY,FAIL
LOG00444,"Checked thermal reading after burn-in on D6183, 4.7C.",D6183,THERMAL,FAIL
LOG00445,"Checked VDD_3V3 rail on C9278, 2.86V, reject, shift B.",C9278,POWER_RAIL_3V3,FAIL
LOG00446,"B 1004 - thermal soak reading 35.7C, shift B.",B1004,THERMAL,PASS
LOG00447,"B2066 - scope reading CH2 3.22Vpp — looks good, second attempt.",B2066,SIGNAL_INTEGRITY,PASS
LOG00448,"Unit unit D1375: thermal soak reading reading 67.7C, fails.",D1375,THERMAL,FAIL
LOG00449,"Unit board B4172: +3.3V rail reading 3.85V, out of spec.",B4172,POWER_RAIL_3V3,FAIL
LOG00450,"board C6243 - cont check J12 1.44Ohm, retest after rework.",C6243,CONTINUITY,PASS
LOG00451,"board D0399 - RESET continuity 4.32Ohm (OK), shift B.",D0399,CONTINUITY,PASS
LOG00452,"Unit C 7054: thermal reading after burn-in reading 70.8C, flagged for rework.",C7054,THERMAL,FAIL
LOG00453,"unit b3791 - eye height ch3 3.41vpp — all good, after reflow.",B3791,SIGNAL_INTEGRITY,PASS
LOG00454,C-5547 idle current draw measured 73.78mA.,C5547,CURRENT_DRAW,PASS
LOG00455,"unit a1115 - thermal reading after burn-in 28.2c, shift b.",A1115,THERMAL,PASS
LOG00456,board D3569 +5V supply: 4.93 V.,D3569,POWER_RAIL_5V,PASS
LOG00457,"unit A8493 - CLK continuity 0.18Ohm (within spec), shift B.",A8493,CONTINUITY,PASS
LOG00458,"Checked cont check CLK on C3110, 6.96Ohm, failed, second attempt.",C3110,CONTINUITY,FAIL
LOG00459,A 8129 CH3 signal check measured 3.46Vpp — good reading.,A8129,SIGNAL_INTEGRITY,PASS
LOG00460,"A 3049 - resistance check RESET 2.20Ohm (OK), retest after rework.",A3049,CONTINUITY,PASS
LOG00461,A-2073 5v power check measured 4.98V (OK).,A2073,POWER_RAIL_5V,PASS
LOG00462,"Unit C7032: thermal reading after burn-in reading 36.6C, nominal.",C7032,THERMAL,PASS
LOG00463,unit D1856 thermal reading after burn-in measured 29.6C.,D1856,THERMAL,PASS
LOG00464,"checked +12v supply on a-8565, 12.00v, checks out.",A8565,POWER_RAIL_12V,PASS
LOG00465,"board A9469 signal amplitude CH2 measured 2.96Vpp, nominal.",A9469,SIGNAL_INTEGRITY,PASS
LOG00466,board b4979 thermal reading after burn-in: 25.0 c — looks good.,B4979,THERMAL,PASS
LOG00467,c-6257 current draw at idle: 109.06 ma (within spec).,C6257,CURRENT_DRAW,PASS
LOG00468,"A2342 - board temp after 10min soak 25.6C — all good, second attempt.",A2342,THERMAL,PASS
LOG00469,D7198 continuity on J7 measured 6.41Ohm — failed.,D7198,CONTINUITY,FAIL
LOG00470,"B-2675 - scope reading CH1 2.97Vpp, customer return unit.",B2675,SIGNAL_INTEGRITY,PASS
LOG00471,board B2421 - VDD_3V3 rail 3.27V — within spec.,B2421,POWER_RAIL_3V3,PASS
LOG00472,Unit unit D4527: 3.3V rail reading 3.30V.,D4527,POWER_RAIL_3V3,PASS
LOG00473,"Checked 12v power check on board B4355, 13.28V, line 2.",B4355,POWER_RAIL_12V,FAIL
LOG00474,unit A5461 idle current draw: 103.23 mA — OK.,A5461,CURRENT_DRAW,PASS
LOG00475,"D6953 - 3.3v power check 3.29V, line 2.",D6953,POWER_RAIL_3V3,PASS
LOG00476,"A 7175 - VDD_5V rail 5.14V, second attempt.",A7175,POWER_RAIL_5V,PASS
LOG00477,"Checked board temp after 10min soak on D-1185, -0.1C.",D1185,THERMAL,FAIL
LOG00478,board A7891 board temp after 10min soak: 22.2 C.,A7891,THERMAL,PASS
LOG00479,"B9994 - CH2 signal check 3.37Vpp, all good, retest after rework.",B9994,SIGNAL_INTEGRITY,PASS
LOG00480,Unit board B2936: quiescent current reading 112.32mA (passes).,B2936,CURRENT_DRAW,PASS
LOG00481,board B1009 RESET continuity measured 1.55Ohm.,B1009,CONTINUITY,PASS
LOG00482,"B 6867 - VDD_5V rail 5.25V, passes, retest after rework.",B6867,POWER_RAIL_5V,PASS
LOG00483,Unit board D0501: +12V supply reading 12.23V.,D0501,POWER_RAIL_12V,PASS
LOG00484,Unit unit B2678: 12v power check reading 13.17V.,B2678,POWER_RAIL_12V,FAIL
LOG00485,"unit D4224 - thermal reading after burn-in 64.2C (flagged for rework), line 2.",D4224,THERMAL,FAIL
LOG00486,"Checked eye height CH1 on A5103, 3.84Vpp — flagged for rework, unit was reworked yesterday.",A5103,SIGNAL_INTEGRITY,FAIL
LOG00487,D0334 board temp after 10min soak measured 32.0C — all good.,D0334,THERMAL,PASS
LOG00488,b 4717 signal amplitude ch1: 3.39 vpp.,B4717,SIGNAL_INTEGRITY,PASS
LOG00489,B-6382 board temp after 10min soak measured 39.3C.,B6382,THERMAL,PASS
LOG00490,"Checked board temp after 10min soak on board B5364, 36.0C, second attempt.",B5364,THERMAL,PASS
LOG00491,unit b5567 5v power check measured 5.57v.,B5567,POWER_RAIL_5V,FAIL
LOG00492,Unit board D8068: signal amplitude CH1 reading 2.34Vpp (out of spec).,D8068,SIGNAL_INTEGRITY,FAIL
LOG00493,unit d2797 +3.3v rail measured 3.38v (looks good).,D2797,POWER_RAIL_3V3,PASS
LOG00494,"Checked thermal reading after burn-in on board A0287, 6.4C, second attempt.",A0287,THERMAL,FAIL
LOG00495,"A3566 +3.3V rail measured 3.23V, passes.",A3566,POWER_RAIL_3V3,PASS
LOG00496,"A3073 - +12V supply 12.78V (failed), second attempt.",A3073,POWER_RAIL_12V,FAIL
LOG00497,"checked standby current on board b2557, 109.79ma (all good), retest after rework.",B2557,CURRENT_DRAW,PASS
LOG00498,"board A6260 - J12 continuity 5.00Ohm, second attempt.",A6260,CONTINUITY,PASS
LOG00499,"C3114 resistance check J12 measured 0.07Ohm, nominal.",C3114,CONTINUITY,PASS
LOG00500,C8427 resistance check EN_LINE: 5.44 Ohm — reject.,C8427,CONTINUITY,FAIL
LOG00501,"Checked cont check J12 on B 7065, 7.14Ohm (flagged for rework), after reflow.",B7065,CONTINUITY,FAIL
LOG00502,Unit B-0927: resistance check RESET reading 7.62Ohm (reject).,B0927,CONTINUITY,FAIL
LOG00503,A7815 standby current: 150.00 mA.,A7815,CURRENT_DRAW,PASS
LOG00504,B0652 idle current draw: 159.64 mA.,B0652,CURRENT_DRAW,FAIL
LOG00505,unit board b2990: +5v supply reading 5.04v — ok.,B2990,POWER_RAIL_5V,PASS
LOG00506,"board A3442 - VDD_12V rail 12.30V, after reflow.",A3442,POWER_RAIL_12V,PASS
LOG00507,"Checked 5V rail on unit B4437, 4.43V, unit was reworked yesterday.",B4437,POWER_RAIL_5V,FAIL
LOG00508,unit C0589 12V rail measured 12.60V.,C0589,POWER_RAIL_12V,PASS
LOG00509,unit d3230: 12v rail reading 10.72v (no good).,D3230,POWER_RAIL_12V,FAIL
LOG00510,Unit D1274: 3.3V rail reading 3.36V.,D1274,POWER_RAIL_3V3,PASS
LOG00511,"unit D4437 - VDD_12V rail 13.00V (out of spec), shift B.",D4437,POWER_RAIL_12V,FAIL
LOG00512,"Checked 3.3v power check on board C4861, 3.63V, no good.",C4861,POWER_RAIL_3V3,FAIL
LOG00513,C 7805 current draw at idle: 124.30 mA — all good.,C7805,CURRENT_DRAW,PASS
LOG00514,A 1696 3.3v power check measured 3.20V (OK).,A1696,POWER_RAIL_3V3,PASS
LOG00515,unit B1057 eye height CH2 measured 3.52Vpp.,B1057,SIGNAL_INTEGRITY,PASS
LOG00516,"C 2640 - 5V rail 4.98V, retest after rework.",C2640,POWER_RAIL_5V,PASS
LOG00517,"board D7783 - CLK continuity 5.68Ohm, after reflow.",D7783,CONTINUITY,FAIL
LOG00518,"B-3756 VDD_5V rail measured 4.92V, all good.",B3756,POWER_RAIL_5V,PASS
LOG00519,"Checked 5v power check on A9384, 5.01V — passes, customer return unit.",A9384,POWER_RAIL_5V,PASS
LOG00520,B 3792 5V rail measured 4.90V — within spec.,B3792,POWER_RAIL_5V,PASS
LOG00521,Unit D 0056: scope reading CH1 reading 2.50Vpp.,D0056,SIGNAL_INTEGRITY,FAIL
LOG00522,"unit A6754 - RESET continuity 2.54Ohm, OK, line 2.",A6754,CONTINUITY,PASS
LOG00523,"board a8990 - signal amplitude ch2 3.94vpp — fails, per eco-114.",A8990,SIGNAL_INTEGRITY,FAIL
LOG00524,D-3582 thermal soak reading: 33.9 C.,D3582,THERMAL,PASS
LOG00525,"D2354 VDD_5V rail measured 4.75V, looks good.",D2354,POWER_RAIL_5V,PASS
LOG00526,unit C6465 +3.3V rail: 3.46 V.,C6465,POWER_RAIL_3V3,PASS
LOG00527,"C-2802 - case temp 55.0C — good reading, per ECO-114.",C2802,THERMAL,PASS
LOG00528,d-0162 idle current draw measured 30.07ma — doesn't look right.,D0162,CURRENT_DRAW,FAIL
LOG00529,Unit D4603: signal amplitude CH4 reading 2.97Vpp (all good).,D4603,SIGNAL_INTEGRITY,PASS
LOG00530,"unit D8774 signal amplitude CH1: 3.25 Vpp, nominal.",D8774,SIGNAL_INTEGRITY,PASS
LOG00531,"Checked VDD_12V rail on unit C4137, 12.42V, retest after rework.",C4137,POWER_RAIL_12V,PASS
LOG00532,"board c6744 - 3.3v power check 2.85v (fails), line 2.",C6744,POWER_RAIL_3V3,FAIL
LOG00533,unit A3661 continuity on RESET measured 3.03Ohm (checks out).,A3661,CONTINUITY,PASS
LOG00534,B-2837 12V rail measured 10.86V.,B2837,POWER_RAIL_12V,FAIL
LOG00535,B3969 12v power check: 13.14 V.,B3969,POWER_RAIL_12V,FAIL
LOG00536,D-7550 - 5V rail 4.41V.,D7550,POWER_RAIL_5V,FAIL
LOG00537,unit d4370 3v3 supply: 3.46 v (good reading).,D4370,POWER_RAIL_3V3,PASS
LOG00538,board D8498 CLK continuity measured 2.86Ohm.,D8498,CONTINUITY,PASS
LOG00539,unit D4967 resistance check RESET: 2.58 Ohm — within spec.,D4967,CONTINUITY,PASS
LOG00540,Unit B-6230: RESET continuity reading 2.95Ohm.,B6230,CONTINUITY,PASS
LOG00541,"A9732 - case temp 16.2C (out of spec), per ECO-114.",A9732,THERMAL,FAIL
LOG00542,"Checked cont check J7 on B 5565, 4.28Ohm (OK), per ECO-114.",B5565,CONTINUITY,PASS
LOG00543,"A-8699 - continuity on J7 3.60Ohm — nominal, second attempt.",A8699,CONTINUITY,PASS
LOG00544,Unit B-8531: continuity on J7 reading 1.51Ohm.,B8531,CONTINUITY,PASS
LOG00545,A-3495 3.3v power check measured 3.22V.,A3495,POWER_RAIL_3V3,PASS
LOG00546,"C 8026 5V rail: 4.86 V, OK.",C8026,POWER_RAIL_5V,PASS
LOG00547,board A2889 +3.3V rail measured 3.24V.,A2889,POWER_RAIL_3V3,PASS
LOG00548,unit d-3403: vdd_3v3 rail reading 3.37v — ok.,D3403,POWER_RAIL_3V3,PASS
LOG00549,b0383 eye height ch1: 3.23 vpp (good reading).,B0383,SIGNAL_INTEGRITY,PASS
LOG00550,D-0242 +12V supply measured 12.89V (no good).,D0242,POWER_RAIL_12V,FAIL
LOG00551,B-3999 resistance check J7: 7.60 Ohm — doesn't look right.,B3999,CONTINUITY,FAIL
LOG00552,"D-3735 - signal amplitude CH4 2.82Vpp, looks good, retest after rework.",D3735,SIGNAL_INTEGRITY,PASS
LOG00553,"B 9011 - 5v power check 4.43V, no good, retest after rework.",B9011,POWER_RAIL_5V,FAIL
LOG00554,"Checked VDD_12V rail on A-7461, 11.96V, after reflow.",A7461,POWER_RAIL_12V,PASS
LOG00555,Unit D4100: +12V supply reading 12.60V.,D4100,POWER_RAIL_12V,PASS
LOG00556,D3472 current draw at idle measured 157.72mA.,D3472,CURRENT_DRAW,FAIL
LOG00557,a 0364 +5v supply: 5.11 v.,A0364,POWER_RAIL_5V,PASS
LOG00558,"A 1945 - idle current draw 66.42mA, line 2.",A1945,CURRENT_DRAW,PASS
LOG00559,"unit B5016 - 12v power check 12.30V, unit was reworked yesterday.",B5016,POWER_RAIL_12V,PASS
LOG00560,unit b-7375: thermal reading after burn-in reading 28.2c.,B7375,THERMAL,PASS
LOG00561,"Checked +12V supply on D 0749, 12.02V — good reading, per ECO-114.",D0749,POWER_RAIL_12V,PASS
LOG00562,"unit D9500 thermal soak reading measured 75.4C, fails.",D9500,THERMAL,FAIL
LOG00563,"D 9553 - board temp after 10min soak 40.2C — checks out, line 2.",D9553,THERMAL,PASS
LOG00564,"D4324 - cont check J12 1.63Ohm (checks out), after reflow.",D4324,CONTINUITY,PASS
LOG00565,"board B2058 cont check EN_LINE measured 2.87Ohm, OK.",B2058,CONTINUITY,PASS
LOG00566,board C3581 - scope reading CH3 3.09Vpp (all good).,C3581,SIGNAL_INTEGRITY,PASS
LOG00567,"Checked signal amplitude CH2 on unit A7835, 3.30Vpp, after reflow.",A7835,SIGNAL_INTEGRITY,PASS
LOG00568,"Checked 5V rail on B8185, 4.72V, reject, retest after rework.",B8185,POWER_RAIL_5V,FAIL
LOG00569,Unit C1378: 5v power check reading 4.85V (OK).,C1378,POWER_RAIL_5V,PASS
LOG00570,"unit D1295 - 3.3v power check 3.23V, OK, after reflow.",D1295,POWER_RAIL_3V3,PASS
LOG00571,"unit D6622 - 5V rail 4.36V — doesn't look right, second attempt.",D6622,POWER_RAIL_5V,FAIL
LOG00572,"B 2431 - +12V supply 12.60V (passes), second attempt.",B2431,POWER_RAIL_12V,PASS
LOG00573,board d5968 thermal soak reading: 40.5 c (ok).,D5968,THERMAL,PASS
LOG00574,Unit C-9916: +3.3V rail reading 3.13V (nominal).,C9916,POWER_RAIL_3V3,PASS
LOG00575,board C7923 cont check EN_LINE measured 2.54Ohm (within spec).,C7923,CONTINUITY,PASS
LOG00576,"board B2167 thermal reading after burn-in: 5.1 C, out of spec.",B2167,THERMAL,FAIL
LOG00577,"Checked 3.3v power check on B-9899, 3.93V, bad reading, unit was reworked yesterday.",B9899,POWER_RAIL_3V3,FAIL
LOG00578,"Checked cont check EN_LINE on B-7166, 5.00Ohm, shift B.",B7166,CONTINUITY,PASS
LOG00579,unit unit d3637: eye height ch3 reading 3.24vpp.,D3637,SIGNAL_INTEGRITY,PASS
LOG00580,"Checked standby current on D 5315, 141.15mA, line 2.",D5315,CURRENT_DRAW,PASS
LOG00581,C-6183 thermal soak reading: 24.6 C.,C6183,THERMAL,PASS
LOG00582,"Unit C-7146: 5V rail reading 4.86V, looks good.",C7146,POWER_RAIL_5V,PASS
LOG00583,A5809 12v power check: 12.30 V.,A5809,POWER_RAIL_12V,PASS
LOG00584,A 4651 3v3 supply: 3.68 V.,A4651,POWER_RAIL_3V3,FAIL
LOG00585,a-2449 eye height ch3: 3.35 vpp — passes.,A2449,SIGNAL_INTEGRITY,PASS
LOG00586,A-4898 cont check J7 measured 7.19Ohm.,A4898,CONTINUITY,FAIL
LOG00587,board B5203 current draw at idle: 69.23 mA.,B5203,CURRENT_DRAW,PASS
LOG00588,"Checked 3v3 supply on D-4028, 3.82V — out of spec.",D4028,POWER_RAIL_3V3,FAIL
LOG00589,"board B4901 - +3.3V rail 3.36V, checks out, unit was reworked yesterday.",B4901,POWER_RAIL_3V3,PASS
LOG00590,d 4348 quiescent current measured 150.00ma.,D4348,CURRENT_DRAW,PASS
LOG00591,board D3089 scope reading CH4: 3.28 Vpp — good reading.,D3089,SIGNAL_INTEGRITY,PASS
LOG00592,"A-5555 3.3V rail: 3.38 V, checks out.",A5555,POWER_RAIL_3V3,PASS
LOG00593,board B5585 signal amplitude CH3 measured 2.57Vpp.,B5585,SIGNAL_INTEGRITY,FAIL
LOG00594,Unit board C1686: continuity on RESET reading 3.48Ohm — within spec.,C1686,CONTINUITY,PASS
LOG00595,"A-5031 - cont check J7 3.00Ohm (all good), line 2.",A5031,CONTINUITY,PASS
LOG00596,"unit a3499 - current draw at idle 102.24ma, all good, retest after rework.",A3499,CURRENT_DRAW,PASS
LOG00597,D 9867 standby current: 103.52 mA.,D9867,CURRENT_DRAW,PASS
LOG00598,A5556 12v power check: 12.33 V.,A5556,POWER_RAIL_12V,PASS
LOG00599,board C8773 5V rail: 5.03 V.,C8773,POWER_RAIL_5V,PASS
LOG00600,b 1717 5v power check: 4.93 v.,B1717,POWER_RAIL_5V,PASS
LOG00601,"D9488 3.3v power check measured 3.27V, passes.",D9488,POWER_RAIL_3V3,PASS
LOG00602,C4394 continuity on CLK measured 2.83Ohm.,C4394,CONTINUITY,PASS
LOG00603,Unit unit B8745: 12v power check reading 11.53V — within spec.,B8745,POWER_RAIL_12V,PASS
LOG00604,"Checked board temp after 10min soak on unit C7449, 29.9C — good reading.",C7449,THERMAL,PASS
LOG00605,"unit A0879 - cont check J4 3.65Ohm, looks good, after reflow.",A0879,CONTINUITY,PASS
LOG00606,"Checked VDD_12V rail on D 9912, 11.74V, good reading, shift B.",D9912,POWER_RAIL_12V,PASS
LOG00607,b-8817 clk continuity: 5.59 ohm.,B8817,CONTINUITY,FAIL
LOG00608,"unit a6034: ch3 signal check reading 3.04vpp, all good.",A6034,SIGNAL_INTEGRITY,PASS
LOG00609,"Checked +5V supply on C3295, 4.86V — checks out, shift B.",C3295,POWER_RAIL_5V,PASS
LOG00610,"Checked case temp on A8803, 32.8C, nominal, per ECO-114.",A8803,THERMAL,PASS
LOG00611,unit b 2976: current draw at idle reading 80.81ma (looks good).,B2976,CURRENT_DRAW,PASS
LOG00612,"D2451 - standby current 79.45mA, customer return unit.",D2451,CURRENT_DRAW,PASS
LOG00613,"B0703 - +5V supply 4.96V (passes), after reflow.",B0703,POWER_RAIL_5V,PASS
LOG00614,A-0044 3.3V rail: 3.29 V (checks out).,A0044,POWER_RAIL_3V3,PASS
LOG00615,B3956 12v power check: 12.78 V — flagged for rework.,B3956,POWER_RAIL_12V,FAIL
LOG00616,D6530 12v power check: 11.52 V — passes.,D6530,POWER_RAIL_12V,PASS
LOG00617,Unit board A4446: case temp reading 28.3C.,A4446,THERMAL,PASS
LOG00618,unit b 5850: 12v rail reading 12.16v.,B5850,POWER_RAIL_12V,PASS
LOG00619,unit B4739 eye height CH4: 3.87 Vpp.,B4739,SIGNAL_INTEGRITY,FAIL
LOG00620,Unit D7425: standby current reading 118.52mA.,D7425,CURRENT_DRAW,PASS
LOG00621,Unit D1122: VDD_12V rail reading 11.50V.,D1122,POWER_RAIL_12V,PASS
LOG00622,board B3936 CH3 signal check: 3.60 Vpp.,B3936,SIGNAL_INTEGRITY,PASS
LOG00623,board B0734 12v power check measured 12.47V.,B0734,POWER_RAIL_12V,PASS
LOG00624,"Checked +3.3V rail on D-2817, 3.03V, reject, customer return unit.",D2817,POWER_RAIL_3V3,FAIL
LOG00625,b 0358 +3.3v rail: 3.33 v (looks good).,B0358,POWER_RAIL_3V3,PASS
LOG00626,"Checked standby current on D-6022, 107.07mA, within spec, shift B.",D6022,CURRENT_DRAW,PASS
LOG00627,Unit board A2800: 5v power check reading 4.81V.,A2800,POWER_RAIL_5V,PASS
LOG00628,"Checked eye height CH2 on board C8687, 3.02Vpp (looks good), per ECO-114.",C8687,SIGNAL_INTEGRITY,PASS
LOG00629,Unit B 7531: eye height CH4 reading 3.29Vpp.,B7531,SIGNAL_INTEGRITY,PASS
LOG00630,B 8190 current draw at idle: 150.00 mA — good reading.,B8190,CURRENT_DRAW,PASS
LOG00631,"unit D0437 12v power check: 12.26 V, within spec.",D0437,POWER_RAIL_12V,PASS
LOG00632,Unit board B2556: 3.3v power check reading 3.22V (passes).,B2556,POWER_RAIL_3V3,PASS
LOG00633,"Unit board D0554: idle current draw reading 58.35mA, within spec.",D0554,CURRENT_DRAW,PASS
LOG00634,Unit A4637: quiescent current reading 57.80mA — nominal.,A4637,CURRENT_DRAW,PASS
LOG00635,"A7360 - 3v3 supply 2.93V, per ECO-114.",A7360,POWER_RAIL_3V3,FAIL
LOG00636,"Checked VDD_12V rail on D2676, 12.31V — passes, per ECO-114.",D2676,POWER_RAIL_12V,PASS
LOG00637,A-9828 VDD_12V rail: 11.11 V — no good.,A9828,POWER_RAIL_12V,FAIL
LOG00638,"A6010 - quiescent current 206.03mA, no good, customer return unit.",A6010,CURRENT_DRAW,FAIL
LOG00639,A7607 +5V supply measured 4.28V — no good.,A7607,POWER_RAIL_5V,FAIL
LOG00640,"board B3520 - eye height CH1 3.36Vpp — looks good, shift B.",B3520,SIGNAL_INTEGRITY,PASS
LOG00641,"A 6459 signal amplitude CH3 measured 3.72Vpp, fails.",A6459,SIGNAL_INTEGRITY,FAIL
LOG00642,"checked 3.3v rail on a 7961, 3.40v — ok, retest after rework.",A7961,POWER_RAIL_3V3,PASS
LOG00643,"checked thermal soak reading on a-9212, 42.4c, passes.",A9212,THERMAL,PASS
LOG00644,A-8838 VDD_3V3 rail measured 3.13V.,A8838,POWER_RAIL_3V3,PASS
LOG00645,"C-8855 board temp after 10min soak: 40.4 C, good reading.",C8855,THERMAL,PASS
LOG00646,"board D1712 current draw at idle: 98.16 mA, all good.",D1712,CURRENT_DRAW,PASS
LOG00647,"checked 3.3v power check on a 1589, 3.39v — passes, line 2.",A1589,POWER_RAIL_3V3,PASS
LOG00648,"board B1455 - 12v power check 11.21V — bad reading, second attempt.",B1455,POWER_RAIL_12V,FAIL
LOG00649,"unit B1318 - 3.3v power check 3.02V, retest after rework.",B1318,POWER_RAIL_3V3,FAIL
LOG00650,"Checked scope reading CH2 on B 7521, 2.90Vpp, retest after rework.",B7521,SIGNAL_INTEGRITY,PASS
LOG00651,"Checked +3.3V rail on B5998, 3.37V (looks good), per ECO-114.",B5998,POWER_RAIL_3V3,PASS
LOG00652,B-3307 3v3 supply: 3.19 V — OK.,B3307,POWER_RAIL_3V3,PASS
LOG00653,B-9294 +12V supply: 12.03 V — nominal.,B9294,POWER_RAIL_12V,PASS
LOG00654,Unit unit C5686: case temp reading 31.7C (looks good).,C5686,THERMAL,PASS
LOG00655,"Checked standby current on C-6767, 132.53mA, line 2.",C6767,CURRENT_DRAW,PASS
LOG00656,"B 2078 - thermal soak reading 75.0C (doesn't look right), shift B.",B2078,THERMAL,FAIL
LOG00657,"D-5698 - 12v power check 11.95V, after reflow.",D5698,POWER_RAIL_12V,PASS
LOG00658,"unit b2896 - resistance check clk 3.79ohm, retest after rework.",B2896,CONTINUITY,PASS
LOG00659,"Checked J7 continuity on C6047, 3.39Ohm.",C6047,CONTINUITY,PASS
LOG00660,"board A9704 - current draw at idle 122.28mA — all good, customer return unit.",A9704,CURRENT_DRAW,PASS
LOG00661,"board B7348 - case temp 32.2C — OK, customer return unit.",B7348,THERMAL,PASS
LOG00662,"board B4189 idle current draw measured 69.46mA, OK.",B4189,CURRENT_DRAW,PASS
LOG00663,A-3755 resistance check J12: 7.41 Ohm (flagged for rework).,A3755,CONTINUITY,FAIL
LOG00664,"checked cont check en_line on c5907, 6.47ohm (failed).",C5907,CONTINUITY,FAIL
LOG00665,"B5283 - signal amplitude CH4 2.75Vpp (fails), customer return unit.",B5283,SIGNAL_INTEGRITY,FAIL
LOG00666,board C3616 current draw at idle measured 202.79mA (flagged for rework).,C3616,CURRENT_DRAW,FAIL
LOG00667,d-5239 12v power check: 12.58 v (passes).,D5239,POWER_RAIL_12V,PASS
LOG00668,"A-8920 +3.3V rail: 3.28 V, within spec.",A8920,POWER_RAIL_3V3,PASS
LOG00669,unit B6669 3v3 supply: 3.34 V — good reading.,B6669,POWER_RAIL_3V3,PASS
LOG00670,"Checked VDD_3V3 rail on D 9038, 3.38V, passes, line 2.",D9038,POWER_RAIL_3V3,PASS
LOG00671,unit D5148 12V rail: 11.21 V.,D5148,POWER_RAIL_12V,FAIL
LOG00672,"Checked VDD_3V3 rail on unit C8888, 3.37V, per ECO-114.",C8888,POWER_RAIL_3V3,PASS
LOG00673,"Checked VDD_12V rail on unit D5936, 12.11V.",D5936,POWER_RAIL_12V,PASS
LOG00674,"Checked +5V supply on A9140, 5.09V, after reflow.",A9140,POWER_RAIL_5V,PASS
LOG00675,Unit unit D9346: 12V rail reading 11.22V.,D9346,POWER_RAIL_12V,FAIL
LOG00676,b-6094 3.3v rail measured 3.52v — doesn't look right.,B6094,POWER_RAIL_3V3,FAIL
LOG00677,"D 6844 VDD_5V rail: 5.50 V, flagged for rework.",D6844,POWER_RAIL_5V,FAIL
LOG00678,unit b-2234: signal amplitude ch3 reading 2.52vpp.,B2234,SIGNAL_INTEGRITY,FAIL
LOG00679,A 8660 signal amplitude CH4: 3.85 Vpp.,A8660,SIGNAL_INTEGRITY,FAIL
LOG00680,"Checked signal amplitude CH4 on A-6907, 3.33Vpp — good reading, shift B.",A6907,SIGNAL_INTEGRITY,PASS
LOG00681,"Checked resistance check J12 on board D4139, 2.13Ohm, shift B.",D4139,CONTINUITY,PASS
LOG00682,"B-0625 - J12 continuity 7.53Ohm, out of spec, per ECO-114.",B0625,CONTINUITY,FAIL
LOG00683,"B-3507 - scope reading CH2 2.67Vpp, unit was reworked yesterday.",B3507,SIGNAL_INTEGRITY,FAIL
LOG00684,C-2481 eye height CH2: 3.33 Vpp.,C2481,SIGNAL_INTEGRITY,PASS
LOG00685,"unit A0963 VDD_12V rail measured 11.87V, checks out.",A0963,POWER_RAIL_12V,PASS
LOG00686,b 1504 current draw at idle: 128.36 ma.,B1504,CURRENT_DRAW,PASS
LOG00687,"unit A0236 - +5V supply 5.69V (flagged for rework), unit was reworked yesterday.",A0236,POWER_RAIL_5V,FAIL
LOG00688,"Checked resistance check J12 on C5701, 5.00Ohm.",C5701,CONTINUITY,PASS
LOG00689,"board D6069 12v power check measured 11.21V, out of spec.",D6069,POWER_RAIL_12V,FAIL
LOG00690,"Checked +5V supply on unit A7124, 5.11V — within spec, line 2.",A7124,POWER_RAIL_5V,PASS
LOG00691,B4787 VDD_12V rail measured 11.96V.,B4787,POWER_RAIL_12V,PASS
LOG00692,"board c0275 - standby current 76.26ma (within spec), line 2.",C0275,CURRENT_DRAW,PASS
LOG00693,"board D7821 +5V supply measured 5.02V, checks out.",D7821,POWER_RAIL_5V,PASS
LOG00694,"C 1047 - thermal soak reading 48.4C — OK, shift B.",C1047,THERMAL,PASS
LOG00695,Unit D7021: standby current reading 19.38mA.,D7021,CURRENT_DRAW,FAIL
LOG00696,C-8774 continuity on CLK: 7.50 Ohm.,C8774,CONTINUITY,FAIL
LOG00697,A 2398 +12V supply: 12.07 V.,A2398,POWER_RAIL_12V,PASS
LOG00698,"C8921 - thermal reading after burn-in 33.8C, looks good, per ECO-114.",C8921,THERMAL,PASS
LOG00699,"unit c4579 - 12v rail 12.30v, within spec, unit was reworked yesterday.",C4579,POWER_RAIL_12V,PASS
LOG00700,Unit C0797: 12V rail reading 12.05V (nominal).,C0797,POWER_RAIL_12V,PASS
LOG00701,"C-7992 +5V supply: 4.84 V, OK.",C7992,POWER_RAIL_5V,PASS
LOG00702,"Checked thermal reading after burn-in on board A0133, 15.2C — flagged for rework, unit was reworked yesterday.",A0133,THERMAL,FAIL
LOG00703,"Checked VDD_12V rail on B 3780, 12.19V — OK, line 2.",B3780,POWER_RAIL_12V,PASS
LOG00704,D 7647 continuity on EN_LINE: 2.47 Ohm.,D7647,CONTINUITY,PASS
LOG00705,Unit A5099: 3.3v power check reading 3.34V (OK).,A5099,POWER_RAIL_3V3,PASS
LOG00706,"A 6261 - signal amplitude CH4 3.64Vpp, failed, unit was reworked yesterday.",A6261,SIGNAL_INTEGRITY,FAIL
LOG00707,"Checked CH4 signal check on C8783, 3.70Vpp, second attempt.",C8783,SIGNAL_INTEGRITY,FAIL
LOG00708,A-4559 3.3V rail: 3.38 V (checks out).,A4559,POWER_RAIL_3V3,PASS
LOG00709,"Checked VDD_5V rail on B 4038, 5.06V (good reading).",B4038,POWER_RAIL_5V,PASS
LOG00710,"checked resistance check j4 on b 2661, 4.91ohm — passes, unit was reworked yesterday.",B2661,CONTINUITY,PASS
LOG00711,"Checked VDD_5V rail on C-5704, 4.98V, per ECO-114.",C5704,POWER_RAIL_5V,PASS
LOG00712,"unit A9549 - VDD_5V rail 5.24V — within spec, customer return unit.",A9549,POWER_RAIL_5V,PASS
LOG00713,"unit a1829: vdd_3v3 rail reading 3.32v, ok.",A1829,POWER_RAIL_3V3,PASS
LOG00714,"D 1170 - VDD_3V3 rail 3.32V (looks good), unit was reworked yesterday.",D1170,POWER_RAIL_3V3,PASS
LOG00715,C0663 continuity on J4 measured 3.68Ohm.,C0663,CONTINUITY,PASS
LOG00716,A-6383 idle current draw measured 111.95mA.,A6383,CURRENT_DRAW,PASS
LOG00717,"Checked 5V rail on unit D2368, 4.80V (nominal), shift B.",D2368,POWER_RAIL_5V,PASS
LOG00718,c4115 3.3v power check: 3.44 v — ok.,C4115,POWER_RAIL_3V3,PASS
LOG00719,"A-1766 5V rail: 4.92 V, nominal.",A1766,POWER_RAIL_5V,PASS
LOG00720,Unit B-6411: 3.3v power check reading 3.35V — nominal.,B6411,POWER_RAIL_3V3,PASS
LOG00721,"Unit A6912: case temp reading 28.0C, looks good.",A6912,THERMAL,PASS
LOG00722,Unit board D7332: case temp reading 0.6C.,D7332,THERMAL,FAIL
LOG00723,"B5113 - scope reading CH4 3.36Vpp (within spec), after reflow.",B5113,SIGNAL_INTEGRITY,PASS
LOG00724,"Unit C 7352: 5V rail reading 5.56V, fails.",C7352,POWER_RAIL_5V,FAIL
LOG00725,"a 9906 - 12v power check 12.29v, checks out.",A9906,POWER_RAIL_12V,PASS
LOG00726,"Checked idle current draw on board C0882, 165.91mA, customer return unit.",C0882,CURRENT_DRAW,FAIL
LOG00727,board C4859 thermal reading after burn-in measured 14.5C (doesn't look right).,C4859,THERMAL,FAIL
LOG00728,d2885 quiescent current measured 118.05ma.,D2885,CURRENT_DRAW,PASS
LOG00729,"board B3819 - 12v power check 10.85V — bad reading, shift B.",B3819,POWER_RAIL_12V,FAIL
LOG00730,"a-9142 - 12v rail 11.64v, second attempt.",A9142,POWER_RAIL_12V,PASS
LOG00731,A 4522 cont check EN_LINE: 1.25 Ohm.,A4522,CONTINUITY,PASS
LOG00732,unit C4207 eye height CH2: 2.89 Vpp.,C4207,SIGNAL_INTEGRITY,PASS
LOG00733,A 1670 thermal reading after burn-in: 32.4 C.,A1670,THERMAL,PASS
LOG00734,b-3138 5v power check: 4.52 v.,B3138,POWER_RAIL_5V,FAIL
LOG00735,"A 8849 - thermal reading after burn-in 30.4C (all good), per ECO-114.",A8849,THERMAL,PASS
LOG00736,A 8144 5v power check measured 4.71V (flagged for rework).,A8144,POWER_RAIL_5V,FAIL
LOG00737,Unit A 7499: 3.3V rail reading 3.35V.,A7499,POWER_RAIL_3V3,PASS
LOG00738,A 7803 cont check RESET: 6.79 Ohm.,A7803,CONTINUITY,FAIL
LOG00739,"Checked standby current on board D1133, 162.24mA, shift B.",D1133,CURRENT_DRAW,FAIL
LOG00740,unit B7225 5V rail: 4.91 V.,B7225,POWER_RAIL_5V,PASS
LOG00741,unit C0414 3.3V rail measured 3.20V — OK.,C0414,POWER_RAIL_3V3,PASS
LOG00742,"Checked cont check J7 on D-2309, 3.44Ohm, after reflow.",D2309,CONTINUITY,PASS
LOG00743,"A 2498 - board temp after 10min soak 64.5C, customer return unit.",A2498,THERMAL,FAIL
LOG00744,C-5614 eye height CH3: 3.39 Vpp (passes).,C5614,SIGNAL_INTEGRITY,PASS
LOG00745,"Checked 12v power check on unit B9669, 11.94V, line 2.",B9669,POWER_RAIL_12V,PASS
LOG00746,"unit D2736 - board temp after 10min soak 65.1C (doesn't look right), after reflow.",D2736,THERMAL,FAIL
LOG00747,"B4320 - RESET continuity 2.23Ohm, shift B.",B4320,CONTINUITY,PASS
LOG00748,"Checked VDD_12V rail on unit C3120, 12.69V, customer return unit.",C3120,POWER_RAIL_12V,FAIL
LOG00749,"Checked VDD_5V rail on C7057, 4.51V, retest after rework.",C7057,POWER_RAIL_5V,FAIL
LOG00750,"unit d9199 +5v supply: 5.00 v, within spec.",D9199,POWER_RAIL_5V,PASS
LOG00751,B 7931 12V rail: 11.95 V.,B7931,POWER_RAIL_12V,PASS
LOG00752,A1518 12v power check measured 11.84V.,A1518,POWER_RAIL_12V,PASS
LOG00753,"B 7585 - +5V supply 5.03V, line 2.",B7585,POWER_RAIL_5V,PASS
LOG00754,"board b6142 - 3.3v power check 3.30v (passes), per eco-114.",B6142,POWER_RAIL_3V3,PASS
LOG00755,"Unit A3949: scope reading CH4 reading 2.94Vpp, all good.",A3949,SIGNAL_INTEGRITY,PASS
LOG00756,"unit A5069 - 3v3 supply 3.29V, customer return unit.",A5069,POWER_RAIL_3V3,PASS
LOG00757,D0183 thermal soak reading measured 61.1C.,D0183,THERMAL,FAIL
LOG00758,"Checked board temp after 10min soak on D 4908, 32.1C.",D4908,THERMAL,PASS
LOG00759,"Checked 3v3 supply on C-9210, 3.39V, per ECO-114.",C9210,POWER_RAIL_3V3,PASS
LOG00760,"board C9539 VDD_5V rail: 4.38 V, out of spec.",C9539,POWER_RAIL_5V,FAIL
LOG00761,A 2601 board temp after 10min soak measured 40.4C (nominal).,A2601,THERMAL,PASS
LOG00762,Unit unit C8885: cont check RESET reading 7.93Ohm.,C8885,CONTINUITY,FAIL
LOG00763,"C-1604 - standby current 128.43mA, OK, customer return unit.",C1604,CURRENT_DRAW,PASS
LOG00764,unit c5331 5v rail: 4.45 v.,C5331,POWER_RAIL_5V,FAIL
LOG00765,D7863 idle current draw measured 133.27mA (within spec).,D7863,CURRENT_DRAW,PASS
LOG00766,Unit C-3404: thermal reading after burn-in reading 52.7C.,C3404,THERMAL,PASS
LOG00767,B0263 +3.3V rail: 3.46 V — nominal.,B0263,POWER_RAIL_3V3,PASS
LOG00768,"Checked signal amplitude CH3 on A4650, 3.34Vpp.",A4650,SIGNAL_INTEGRITY,PASS
LOG00769,unit A0706 5V rail: 5.40 V — flagged for rework.,A0706,POWER_RAIL_5V,FAIL
LOG00770,unit D0785 5V rail measured 4.79V (all good).,D0785,POWER_RAIL_5V,PASS
LOG00771,A1092 thermal soak reading: 48.9 C.,A1092,THERMAL,PASS
LOG00772,"Checked thermal soak reading on D-8983, 24.0C, checks out, customer return unit.",D8983,THERMAL,PASS
LOG00773,unit C4143 +5V supply: 5.01 V.,C4143,POWER_RAIL_5V,PASS
LOG00774,C 2573 thermal reading after burn-in: 55.0 C.,C2573,THERMAL,PASS
LOG00775,"unit B9869 - case temp 2.8C (failed), customer return unit.",B9869,THERMAL,FAIL
LOG00776,D-2716 3.3V rail measured 3.44V.,D2716,POWER_RAIL_3V3,PASS
LOG00777,board a4991 +3.3v rail measured 3.32v — passes.,A4991,POWER_RAIL_3V3,PASS
LOG00778,unit d2448: quiescent current reading 140.97ma.,D2448,CURRENT_DRAW,PASS
LOG00779,Unit board B9900: 3v3 supply reading 3.32V.,B9900,POWER_RAIL_3V3,PASS
LOG00780,"Checked case temp on C-5794, 38.3C — all good.",C5794,THERMAL,PASS
LOG00781,b-5941 3.3v power check measured 3.21v — ok.,B5941,POWER_RAIL_3V3,PASS
LOG00782,"Unit board C9892: 3.3v power check reading 2.80V, bad reading.",C9892,POWER_RAIL_3V3,FAIL
LOG00783,"Checked CH4 signal check on unit D7161, 2.61Vpp — reject, per ECO-114.",D7161,SIGNAL_INTEGRITY,FAIL
LOG00784,"checked current draw at idle on b-0110, 140.57ma, passes, retest after rework.",B0110,CURRENT_DRAW,PASS
LOG00785,C0360 board temp after 10min soak: 41.4 C.,C0360,THERMAL,PASS
LOG00786,"unit D0270 - 3v3 supply 3.22V, shift B.",D0270,POWER_RAIL_3V3,PASS
LOG00787,"D-8181 - cont check J12 2.79Ohm, nominal, second attempt.",D8181,CONTINUITY,PASS
LOG00788,"B9792 - signal amplitude CH4 3.55Vpp, all good, second attempt.",B9792,SIGNAL_INTEGRITY,PASS
LOG00789,Unit unit C8563: cont check J4 reading 3.45Ohm.,C8563,CONTINUITY,PASS
LOG00790,d3935 scope reading ch1 measured 3.85vpp — failed.,D3935,SIGNAL_INTEGRITY,FAIL
LOG00791,"checked vdd_12v rail on board a5779, 12.00v (good reading), second attempt.",A5779,POWER_RAIL_12V,PASS
LOG00792,unit board d2190: board temp after 10min soak reading 25.3c — passes.,D2190,THERMAL,PASS
LOG00793,B6108 +3.3V rail measured 3.14V (looks good).,B6108,POWER_RAIL_3V3,PASS
LOG00794,board d3616 3v3 supply: 3.08 v.,D3616,POWER_RAIL_3V3,FAIL
LOG00795,board D6778 +5V supply: 4.91 V.,D6778,POWER_RAIL_5V,PASS
LOG00796,"Unit D 0883: EN_LINE continuity reading 3.40Ohm, looks good.",D0883,CONTINUITY,PASS
LOG00797,"C-2781 - +3.3V rail 3.20V — passes, after reflow.",C2781,POWER_RAIL_3V3,PASS
LOG00798,"Checked case temp on C-7582, 31.7C — good reading, after reflow.",C7582,THERMAL,PASS
LOG00799,"C9765 - VDD_5V rail 4.96V, second attempt.",C9765,POWER_RAIL_5V,PASS
LOG00800,"board B7728 - 12v power check 12.03V, per ECO-114.",B7728,POWER_RAIL_12V,PASS
LOG00801,"a1040 scope reading ch1 measured 2.97vpp, good reading.",A1040,SIGNAL_INTEGRITY,PASS
LOG00802,"Checked 3.3v power check on D 3205, 3.22V, passes, shift B.",D3205,POWER_RAIL_3V3,PASS
LOG00803,"D 4939 - 3.3v power check 3.46V (good reading), customer return unit.",D4939,POWER_RAIL_3V3,PASS
LOG00804,unit A8915 5v power check measured 4.87V.,A8915,POWER_RAIL_5V,PASS
LOG00805,A 4175 signal amplitude CH2: 3.17 Vpp.,A4175,SIGNAL_INTEGRITY,PASS
LOG00806,board A3369 12V rail measured 11.91V — passes.,A3369,POWER_RAIL_12V,PASS
LOG00807,"Checked scope reading CH3 on D 4634, 3.34Vpp — OK, line 2.",D4634,SIGNAL_INTEGRITY,PASS
LOG00808,Unit C-1240: cont check CLK reading 0.64Ohm — checks out.,C1240,CONTINUITY,PASS
LOG00809,"Checked current draw at idle on A-4819, 88.66mA.",A4819,CURRENT_DRAW,PASS
LOG00810,Unit B-6281: current draw at idle reading 50.00mA — checks out.,B6281,CURRENT_DRAW,PASS
LOG00811,unit A5208 3.3v power check: 2.83 V (flagged for rework).,A5208,POWER_RAIL_3V3,FAIL
LOG00812,"Checked +12V supply on board D9873, 13.19V, customer return unit.",D9873,POWER_RAIL_12V,FAIL
LOG00813,"board C0463 12v power check measured 12.89V, flagged for rework.",C0463,POWER_RAIL_12V,FAIL
LOG00814,A-1690 scope reading CH1 measured 3.02Vpp.,A1690,SIGNAL_INTEGRITY,PASS
LOG00815,"c6439 - current draw at idle 193.33ma, unit was reworked yesterday.",C6439,CURRENT_DRAW,FAIL
LOG00816,B 2911 standby current: 14.83 mA (no good).,B2911,CURRENT_DRAW,FAIL
LOG00817,Unit unit B1191: eye height CH1 reading 4.08Vpp.,B1191,SIGNAL_INTEGRITY,FAIL
LOG00818,unit b-3567: 12v rail reading 11.78v.,B3567,POWER_RAIL_12V,PASS
LOG00819,C 5238 current draw at idle: 85.96 mA.,C5238,CURRENT_DRAW,PASS
LOG00820,"Checked 12V rail on unit C8207, 12.68V, after reflow.",C8207,POWER_RAIL_12V,FAIL
LOG00821,d-9960 3.3v rail: 3.33 v.,D9960,POWER_RAIL_3V3,PASS
LOG00822,board A2576 VDD_3V3 rail: 3.29 V (good reading).,A2576,POWER_RAIL_3V3,PASS
LOG00823,"board B3998 - resistance check CLK 7.29Ohm, second attempt.",B3998,CONTINUITY,FAIL
LOG00824,"Checked CH4 signal check on B 5731, 2.76Vpp — flagged for rework, retest after rework.",B5731,SIGNAL_INTEGRITY,FAIL
LOG00825,D5234 eye height CH4: 3.13 Vpp.,D5234,SIGNAL_INTEGRITY,PASS
LOG00826,B 2712 current draw at idle: 91.54 mA (passes).,B2712,CURRENT_DRAW,PASS
LOG00827,C 1661 3.3v power check: 3.46 V (good reading).,C1661,POWER_RAIL_3V3,PASS
LOG00828,Unit unit C0989: 3.3V rail reading 3.31V.,C0989,POWER_RAIL_3V3,PASS
LOG00829,Unit B 2212: +12V supply reading 11.59V — looks good.,B2212,POWER_RAIL_12V,PASS
LOG00830,Unit A4413: idle current draw reading 89.41mA — nominal.,A4413,CURRENT_DRAW,PASS
LOG00831,"A7078 - 12v power check 12.94V — flagged for rework, retest after rework.",A7078,POWER_RAIL_12V,FAIL
LOG00832,Unit B3997: VDD_12V rail reading 11.64V.,B3997,POWER_RAIL_12V,PASS
LOG00833,Unit C7567: eye height CH1 reading 3.21Vpp (within spec).,C7567,SIGNAL_INTEGRITY,PASS
LOG00834,"Checked cont check J7 on D6761, 7.36Ohm — bad reading, customer return unit.",D6761,CONTINUITY,FAIL
LOG00835,"board D0623 - 3v3 supply 3.21V, checks out.",D0623,POWER_RAIL_3V3,PASS
LOG00836,Unit board A7034: J12 continuity reading 6.86Ohm (flagged for rework).,A7034,CONTINUITY,FAIL
LOG00837,Unit A6431: current draw at idle reading 110.08mA.,A6431,CURRENT_DRAW,PASS
LOG00838,"D 8512 +12V supply measured 12.57V, all good.",D8512,POWER_RAIL_12V,PASS
LOG00839,"Checked VDD_3V3 rail on B-4882, 3.28V, second attempt.",B4882,POWER_RAIL_3V3,PASS
LOG00840,"Checked +12V supply on C7239, 10.78V, retest after rework.",C7239,POWER_RAIL_12V,FAIL
LOG00841,unit C9095 +5V supply: 5.55 V.,C9095,POWER_RAIL_5V,FAIL
LOG00842,B4492 current draw at idle: 65.78 mA.,B4492,CURRENT_DRAW,PASS
LOG00843,a 1781 12v rail: 12.11 v — ok.,A1781,POWER_RAIL_12V,PASS
LOG00844,"Checked +12V supply on D 9223, 11.51V, good reading, retest after rework.",D9223,POWER_RAIL_12V,PASS
LOG00845,"A-6410 - 5v power check 4.98V, OK, line 2.",A6410,POWER_RAIL_5V,PASS
LOG00846,"Checked 5V rail on board B9559, 5.07V, customer return unit.",B9559,POWER_RAIL_5V,PASS
LOG00847,"checked vdd_3v3 rail on unit b5390, 3.30v, retest after rework.",B5390,POWER_RAIL_3V3,PASS
LOG00848,"unit c5142 - en_line continuity 4.85ohm, shift b.",C5142,CONTINUITY,PASS
LOG00849,"a-1956 - signal amplitude ch1 3.77vpp (flagged for rework), second attempt.",A1956,SIGNAL_INTEGRITY,FAIL
LOG00850,board D1918 case temp measured 47.3C — looks good.,D1918,THERMAL,PASS
LOG00851,Unit C 8230: CH3 signal check reading 2.47Vpp.,C8230,SIGNAL_INTEGRITY,FAIL
LOG00852,"Checked case temp on unit D1423, 20.0C (good reading), shift B.",D1423,THERMAL,PASS
LOG00853,Unit board C5377: continuity on RESET reading 6.93Ohm (reject).,C5377,CONTINUITY,FAIL
LOG00854,"D5624 3.3V rail: 3.49 V, bad reading.",D5624,POWER_RAIL_3V3,FAIL
LOG00855,Unit board D8454: 5V rail reading 4.61V.,D8454,POWER_RAIL_5V,FAIL
LOG00856,board C1582 thermal reading after burn-in: 58.4 C.,C1582,THERMAL,FAIL
LOG00857,"A-1867 - idle current draw 127.73mA (good reading), second attempt.",A1867,CURRENT_DRAW,PASS
LOG00858,B-6430 board temp after 10min soak: 0.8 C.,B6430,THERMAL,FAIL
LOG00859,"board C8115 - 12V rail 11.74V — all good, retest after rework.",C8115,POWER_RAIL_12V,PASS
LOG00860,"unit C1725 - VDD_5V rail 4.89V, after reflow.",C1725,POWER_RAIL_5V,PASS
LOG00861,unit A9676 5v power check measured 4.97V.,A9676,POWER_RAIL_5V,PASS
LOG00862,"Unit C2115: standby current reading 117.12mA, nominal.",C2115,CURRENT_DRAW,PASS
LOG00863,"Unit unit C6676: +5V supply reading 4.99V, nominal.",C6676,POWER_RAIL_5V,PASS
LOG00864,C 4767 3v3 supply measured 3.17V — looks good.,C4767,POWER_RAIL_3V3,PASS
LOG00865,"board C8261 - thermal reading after burn-in 36.4C — nominal, shift B.",C8261,THERMAL,PASS
LOG00866,"B1842 continuity on EN_LINE: 7.51 Ohm, no good.",B1842,CONTINUITY,FAIL
LOG00867,"board B5483 - idle current draw 200.25mA (reject), retest after rework.",B5483,CURRENT_DRAW,FAIL
LOG00868,a5266 cont check clk measured 1.77ohm.,A5266,CONTINUITY,PASS
LOG00869,A-1332 EN_LINE continuity: 1.92 Ohm.,A1332,CONTINUITY,PASS
LOG00870,B-3560 thermal soak reading: 67.1 C — flagged for rework.,B3560,THERMAL,FAIL
LOG00871,unit C2114 3.3v power check measured 3.21V.,C2114,POWER_RAIL_3V3,PASS
LOG00872,"C 7071 thermal reading after burn-in measured 1.4C, out of spec.",C7071,THERMAL,FAIL
LOG00873,C-1615 5v power check: 4.25 V.,C1615,POWER_RAIL_5V,FAIL
LOG00874,C 4259 scope reading CH2: 3.22 Vpp — looks good.,C4259,SIGNAL_INTEGRITY,PASS
LOG00875,"board D7374 - scope reading CH2 2.74Vpp, shift B.",D7374,SIGNAL_INTEGRITY,FAIL
LOG00876,"Checked cont check CLK on board A1032, 3.29Ohm, line 2.",A1032,CONTINUITY,PASS
LOG00877,A 1731 eye height CH4 measured 3.03Vpp (passes).,A1731,SIGNAL_INTEGRITY,PASS
LOG00878,"unit A9883 - VDD_3V3 rail 3.57V, doesn't look right, retest after rework.",A9883,POWER_RAIL_3V3,FAIL
LOG00879,B 9083 resistance check J4 measured 2.19Ohm.,B9083,CONTINUITY,PASS
LOG00880,unit b1607: signal amplitude ch2 reading 2.75vpp.,B1607,SIGNAL_INTEGRITY,FAIL
LOG00881,"C 5022 - eye height CH1 3.79Vpp, flagged for rework, per ECO-114.",C5022,SIGNAL_INTEGRITY,FAIL
LOG00882,"board B9644 - VDD_5V rail 4.75V, after reflow.",B9644,POWER_RAIL_5V,PASS
LOG00883,"board c4779 thermal reading after burn-in: 27.3 c, good reading.",C4779,THERMAL,PASS
LOG00884,"Checked 12V rail on unit A4621, 12.57V — looks good, shift B.",A4621,POWER_RAIL_12V,PASS
LOG00885,"B7655 eye height CH1: 2.80 Vpp, nominal.",B7655,SIGNAL_INTEGRITY,PASS
LOG00886,unit D4615 - 12V rail 12.07V — OK.,D4615,POWER_RAIL_12V,PASS
LOG00887,"Checked continuity on CLK on board B1123, 1.85Ohm, per ECO-114.",B1123,CONTINUITY,PASS
LOG00888,board C3215 VDD_12V rail: 12.86 V.,C3215,POWER_RAIL_12V,FAIL
LOG00889,unit A9813 - 3.3v power check 3.28V — OK.,A9813,POWER_RAIL_3V3,PASS
LOG00890,unit a0087 standby current measured 25.24ma.,A0087,CURRENT_DRAW,FAIL
LOG00891,unit b5707: scope reading ch3 reading 2.80vpp.,B5707,SIGNAL_INTEGRITY,PASS
LOG00892,D-0383 case temp measured 28.6C.,D0383,THERMAL,PASS
LOG00893,C 4044 eye height CH1 measured 2.44Vpp.,C4044,SIGNAL_INTEGRITY,FAIL
LOG00894,"C7786 continuity on J12 measured 7.96Ohm, reject.",C7786,CONTINUITY,FAIL
LOG00895,D-8089 scope reading CH1: 3.16 Vpp.,D8089,SIGNAL_INTEGRITY,PASS
LOG00896,D-4173 signal amplitude CH3: 2.70 Vpp.,D4173,SIGNAL_INTEGRITY,FAIL
LOG00897,"board D8869 - +3.3V rail 3.40V — OK, per ECO-114.",D8869,POWER_RAIL_3V3,PASS
LOG00898,unit unit c7230: resistance check j12 reading 2.04ohm (ok).,C7230,CONTINUITY,PASS
LOG00899,"unit B6922 - +12V supply 11.73V (passes), after reflow.",B6922,POWER_RAIL_12V,PASS
LOG00900,"Checked +5V supply on board B5510, 5.34V.",B5510,POWER_RAIL_5V,FAIL
LOG00901,A-4714 resistance check CLK: 1.70 Ohm.,A4714,CONTINUITY,PASS
LOG00902,D 0524 eye height CH4: 3.42 Vpp (within spec).,D0524,SIGNAL_INTEGRITY,PASS
LOG00903,"unit a6946 - board temp after 10min soak 34.8c, ok, retest after rework.",A6946,THERMAL,PASS
LOG00904,Unit D-2247: 12V rail reading 12.08V.,D2247,POWER_RAIL_12V,PASS
LOG00905,A 0427 VDD_5V rail measured 5.04V.,A0427,POWER_RAIL_5V,PASS
LOG00906,"C-3730 - 12v power check 11.50V (nominal), per ECO-114.",C3730,POWER_RAIL_12V,PASS
LOG00907,"Unit board D7522: +5V supply reading 5.08V, within spec.",D7522,POWER_RAIL_5V,PASS
LOG00908,"unit B2659 - 3.3v power check 3.06V, no good, unit was reworked yesterday.",B2659,POWER_RAIL_3V3,FAIL
LOG00909,"Checked thermal reading after burn-in on A 0013, 4.0C, doesn't look right, line 2.",A0013,THERMAL,FAIL
LOG00910,"C5827 - resistance check J4 7.41Ohm, customer return unit.",C5827,CONTINUITY,FAIL
LOG00911,"unit C8487 - scope reading CH3 3.09Vpp, second attempt.",C8487,SIGNAL_INTEGRITY,PASS
LOG00912,"board C9420 3v3 supply measured 3.25V, all good.",C9420,POWER_RAIL_3V3,PASS
LOG00913,B2469 3.3v power check: 3.51 V — reject.,B2469,POWER_RAIL_3V3,FAIL
LOG00914,Unit A-7633: +12V supply reading 10.87V — reject.,A7633,POWER_RAIL_12V,FAIL
LOG00915,C-9843 continuity on CLK measured 6.74Ohm.,C9843,CONTINUITY,FAIL
LOG00916,"Checked current draw at idle on B-0941, -3.18mA (no good), retest after rework.",B0941,CURRENT_DRAW,FAIL
LOG00917,"Checked J12 continuity on C-3394, 7.40Ohm (failed), shift B.",C3394,CONTINUITY,FAIL
LOG00918,"A-5540 - thermal soak reading 21.0C, per ECO-114.",A5540,THERMAL,PASS
LOG00919,"unit C5695 - case temp 37.1C, good reading, second attempt.",C5695,THERMAL,PASS
LOG00920,Unit B-6931: eye height CH2 reading 3.68Vpp — bad reading.,B6931,SIGNAL_INTEGRITY,FAIL
LOG00921,"C1070 scope reading CH4 measured 2.73Vpp, bad reading.",C1070,SIGNAL_INTEGRITY,FAIL
LOG00922,board A2612 case temp: 66.1 C — bad reading.,A2612,THERMAL,FAIL
LOG00923,C 8970 eye height CH2 measured 3.21Vpp.,C8970,SIGNAL_INTEGRITY,PASS
LOG00924,"Checked scope reading CH3 on C-9990, 2.74Vpp — reject, after reflow.",C9990,SIGNAL_INTEGRITY,FAIL
LOG00925,"Checked 3.3V rail on D-1029, 3.10V, after reflow.",D1029,POWER_RAIL_3V3,FAIL
LOG00926,b6590 12v power check measured 11.83v.,B6590,POWER_RAIL_12V,PASS
LOG00927,Unit B1827: standby current reading 149.17mA.,B1827,CURRENT_DRAW,PASS
LOG00928,"B-1875 - 12v power check 13.29V, after reflow.",B1875,POWER_RAIL_12V,FAIL
LOG00929,"checked standby current on unit d4328, 115.38ma.",D4328,CURRENT_DRAW,PASS
LOG00930,unit C3942 standby current: 9.16 mA.,C3942,CURRENT_DRAW,FAIL
LOG00931,"Checked 5V rail on board A2163, 5.00V (passes), after reflow.",A2163,POWER_RAIL_5V,PASS
LOG00932,D2288 5V rail measured 5.12V.,D2288,POWER_RAIL_5V,PASS
LOG00933,C-1349 3.3V rail: 3.13 V.,C1349,POWER_RAIL_3V3,PASS
LOG00934,"Checked 12V rail on B8867, 11.40V, unit was reworked yesterday.",B8867,POWER_RAIL_12V,PASS
LOG00935,"B7069 - +12V supply 11.51V (OK), per ECO-114.",B7069,POWER_RAIL_12V,PASS
LOG00936,D-0872 5V rail measured 4.84V.,D0872,POWER_RAIL_5V,PASS
LOG00937,"Checked board temp after 10min soak on unit A5106, 72.9C, retest after rework.",A5106,THERMAL,FAIL
LOG00938,"Checked VDD_12V rail on unit D2019, 13.17V, unit was reworked yesterday.",D2019,POWER_RAIL_12V,FAIL
LOG00939,"Checked +5V supply on A-1193, 4.31V — doesn't look right, customer return unit.",A1193,POWER_RAIL_5V,FAIL
LOG00940,D7756 current draw at idle: 43.57 mA (failed).,D7756,CURRENT_DRAW,FAIL
LOG00941,Unit D2224: 12v power check reading 12.90V — no good.,D2224,POWER_RAIL_12V,FAIL
LOG00942,"Unit B9474: +12V supply reading 11.94V, good reading.",B9474,POWER_RAIL_12V,PASS
LOG00943,"D-6908 - VDD_12V rail 11.56V, customer return unit.",D6908,POWER_RAIL_12V,PASS
LOG00944,"D-0835 VDD_3V3 rail: 3.23 V, looks good.",D0835,POWER_RAIL_3V3,PASS
LOG00945,Unit unit D2339: +12V supply reading 12.60V (OK).,D2339,POWER_RAIL_12V,PASS
LOG00946,A-5771 scope reading CH3 measured 3.91Vpp.,A5771,SIGNAL_INTEGRITY,FAIL
LOG00947,"B-9393 thermal reading after burn-in measured 36.9C, all good.",B9393,THERMAL,PASS
LOG00948,"Checked 3.3V rail on B 3703, 3.22V, line 2.",B3703,POWER_RAIL_3V3,PASS
LOG00949,C-6152 3.3V rail measured 3.58V.,C6152,POWER_RAIL_3V3,FAIL
LOG00950,d2343 current draw at idle: 146.21 ma — looks good.,D2343,CURRENT_DRAW,PASS
LOG00951,"Checked standby current on B-4521, 15.91mA — fails, line 2.",B4521,CURRENT_DRAW,FAIL
LOG00952,"unit C9523 - +5V supply 4.98V, shift B.",C9523,POWER_RAIL_5V,PASS
LOG00953,"Checked 12v power check on C-9377, 12.74V, failed, retest after rework.",C9377,POWER_RAIL_12V,FAIL
LOG00954,C-0407 standby current: -6.93 mA — fails.,C0407,CURRENT_DRAW,FAIL
LOG00955,"unit A8242 - cont check J7 7.45Ohm — flagged for rework, after reflow.",A8242,CONTINUITY,FAIL
LOG00956,board B2833 scope reading CH3: 3.21 Vpp.,B2833,SIGNAL_INTEGRITY,PASS
LOG00957,"Checked 5v power check on board A5205, 4.48V, customer return unit.",A5205,POWER_RAIL_5V,FAIL
LOG00958,Unit D-2623: 5v power check reading 5.20V — passes.,D2623,POWER_RAIL_5V,PASS
LOG00959,"Checked 5V rail on unit C9761, 4.96V (good reading), per ECO-114.",C9761,POWER_RAIL_5V,PASS
LOG00960,Unit board C6853: 5v power check reading 5.03V.,C6853,POWER_RAIL_5V,PASS
LOG00961,"Checked VDD_12V rail on C3990, 12.68V, fails, line 2.",C3990,POWER_RAIL_12V,FAIL
LOG00962,"unit C8440 - 5v power check 4.29V (flagged for rework), second attempt.",C8440,POWER_RAIL_5V,FAIL
LOG00963,"Checked resistance check EN_LINE on board D2591, 0.00Ohm (nominal), retest after rework.",D2591,CONTINUITY,PASS
LOG00964,unit D6677 12v power check: 10.70 V — out of spec.,D6677,POWER_RAIL_12V,FAIL
LOG00965,"B-3386 - 3v3 supply 2.74V, customer return unit.",B3386,POWER_RAIL_3V3,FAIL
LOG00966,"Checked 3v3 supply on B6555, 3.35V (passes), customer return unit.",B6555,POWER_RAIL_3V3,PASS
LOG00967,Unit A-7503: 3.3V rail reading 3.80V — reject.,A7503,POWER_RAIL_3V3,FAIL
LOG00968,"D 0731 +12V supply measured 12.13V, passes.",D0731,POWER_RAIL_12V,PASS
LOG00969,"d-6034 - thermal reading after burn-in 3.5c, shift b.",D6034,THERMAL,FAIL
LOG00970,Unit board C9645: VDD_12V rail reading 13.10V (fails).,C9645,POWER_RAIL_12V,FAIL
LOG00971,"Checked VDD_12V rail on A-6615, 12.84V (fails).",A6615,POWER_RAIL_12V,FAIL
LOG00972,"A 5041 12V rail: 11.93 V, within spec.",A5041,POWER_RAIL_12V,PASS
LOG00973,"Checked CH2 signal check on A7445, 3.85Vpp, unit was reworked yesterday.",A7445,SIGNAL_INTEGRITY,FAIL
LOG00974,A-1476 current draw at idle: 134.92 mA (all good).,A1476,CURRENT_DRAW,PASS
LOG00975,Unit unit A9703: VDD_3V3 rail reading 3.13V — nominal.,A9703,POWER_RAIL_3V3,PASS
LOG00976,"C-7437 J4 continuity measured 7.64Ohm, out of spec.",C7437,CONTINUITY,FAIL
LOG00977,D 0125 RESET continuity measured 4.25Ohm.,D0125,CONTINUITY,PASS
LOG00978,board A2844 quiescent current measured 118.05mA.,A2844,CURRENT_DRAW,PASS
LOG00979,"unit B6718 - +12V supply 12.36V, second attempt.",B6718,POWER_RAIL_12V,PASS
LOG00980,unit A7068 eye height CH4 measured 3.34Vpp.,A7068,SIGNAL_INTEGRITY,PASS
LOG00981,unit D4149 - case temp 20.4C (within spec).,D4149,THERMAL,PASS
LOG00982,"D-1196 - J7 continuity 5.00Ohm — looks good, retest after rework.",D1196,CONTINUITY,PASS
LOG00983,Unit C-5764: resistance check RESET reading 2.36Ohm.,C5764,CONTINUITY,PASS
LOG00984,"D 3126 - 12V rail 11.46V (within spec), customer return unit.",D3126,POWER_RAIL_12V,PASS
LOG00985,C 3647 board temp after 10min soak measured 43.4C.,C3647,THERMAL,PASS
LOG00986,"Checked continuity on CLK on board B5037, 7.95Ohm, unit was reworked yesterday.",B5037,CONTINUITY,FAIL
LOG00987,"board D8801 - current draw at idle 68.54mA, second attempt.",D8801,CURRENT_DRAW,PASS
LOG00988,unit B6551 thermal reading after burn-in measured 24.9C.,B6551,THERMAL,PASS
LOG00989,Unit A-3426: +3.3V rail reading 3.95V.,A3426,POWER_RAIL_3V3,FAIL
LOG00990,"Checked case temp on unit C4522, 41.9C, per ECO-114.",C4522,THERMAL,PASS
LOG00991,"Checked scope reading CH2 on board C7641, 3.72Vpp (doesn't look right), unit was reworked yesterday.",C7641,SIGNAL_INTEGRITY,FAIL
LOG00992,d 9419 3.3v rail measured 2.74v (bad reading).,D9419,POWER_RAIL_3V3,FAIL
LOG00993,Unit unit D0342: 12v power check reading 13.02V.,D0342,POWER_RAIL_12V,FAIL
LOG00994,"Checked scope reading CH1 on board C5224, 3.23Vpp (good reading), retest after rework.",C5224,SIGNAL_INTEGRITY,PASS
LOG00995,unit A2803 VDD_3V3 rail: 3.36 V — good reading.,A2803,POWER_RAIL_3V3,PASS
LOG00996,"board D2938 - +12V supply 12.70V, second attempt.",D2938,POWER_RAIL_12V,FAIL
LOG00997,a1595 standby current measured 183.97ma.,A1595,CURRENT_DRAW,FAIL
LOG00998,board D4019 scope reading CH3: 3.45 Vpp — passes.,D4019,SIGNAL_INTEGRITY,PASS
LOG00999,"Unit unit B2949: 12V rail reading 12.00V, passes.",B2949,POWER_RAIL_12V,PASS
LOG01000,board A3656 VDD_5V rail: 4.75 V — nominal.,A3656,POWER_RAIL_5V,PASS
LOG01001,"checked vdd_5v rail on c4252, 4.42v — reject, per eco-114.",C4252,POWER_RAIL_5V,FAIL
LOG01002,Unit A 1826: 5V rail reading 4.60V (reject).,A1826,POWER_RAIL_5V,FAIL
LOG01003,Unit board C7388: quiescent current reading 50.00mA.,C7388,CURRENT_DRAW,PASS
LOG01004,"D 7370 - scope reading CH4 2.45Vpp, customer return unit.",D7370,SIGNAL_INTEGRITY,FAIL
LOG01005,"Checked VDD_5V rail on board B3679, 5.01V (good reading), second attempt.",B3679,POWER_RAIL_5V,PASS
LOG01006,"D 2050 eye height CH2 measured 2.32Vpp, bad reading.",D2050,SIGNAL_INTEGRITY,FAIL
LOG01007,"unit B5300 - +3.3V rail 3.30V — within spec, retest after rework.",B5300,POWER_RAIL_3V3,PASS
LOG01008,B-8715 cont check J7: 2.76 Ohm (good reading).,B8715,CONTINUITY,PASS
LOG01009,"Checked board temp after 10min soak on D-0505, 33.7C, line 2.",D0505,THERMAL,PASS
LOG01010,a2509 current draw at idle: 36.07 ma.,A2509,CURRENT_DRAW,FAIL
LOG01011,unit B6859 3.3V rail: 3.37 V.,B6859,POWER_RAIL_3V3,PASS
LOG01012,A8202 3.3v power check: 3.39 V — checks out.,A8202,POWER_RAIL_3V3,PASS
LOG01013,Unit D 6371: idle current draw reading 101.30mA — OK.,D6371,CURRENT_DRAW,PASS
LOG01014,"Checked 5V rail on A2182, 5.12V (nominal), retest after rework.",A2182,POWER_RAIL_5V,PASS
LOG01015,board B3223 case temp measured 40.1C.,B3223,THERMAL,PASS
LOG01016,"A 0375 +12V supply: 11.83 V, nominal.",A0375,POWER_RAIL_12V,PASS
LOG01017,b 4568 current draw at idle: 110.80 ma.,B4568,CURRENT_DRAW,PASS
LOG01018,board B4719 3v3 supply: 3.06 V.,B4719,POWER_RAIL_3V3,FAIL
LOG01019,"checked ch3 signal check on c-7768, 2.83vpp, within spec, unit was reworked yesterday.",C7768,SIGNAL_INTEGRITY,PASS
LOG01020,"board a0114 - 5v rail 5.43v, shift b.",A0114,POWER_RAIL_5V,FAIL
LOG01021,"B-4244 - cont check J7 3.46Ohm, OK, retest after rework.",B4244,CONTINUITY,PASS
LOG01022,Unit A-1750: board temp after 10min soak reading 30.1C.,A1750,THERMAL,PASS
LOG01023,"Unit B 1950: signal amplitude CH4 reading 3.13Vpp, looks good.",B1950,SIGNAL_INTEGRITY,PASS
LOG01024,unit B9253 J4 continuity measured 6.64Ohm (failed).,B9253,CONTINUITY,FAIL
LOG01025,"Checked +5V supply on D7631, 5.25V, good reading, after reflow.",D7631,POWER_RAIL_5V,PASS
LOG01026,"Checked 12v power check on board A7312, 12.11V, retest after rework.",A7312,POWER_RAIL_12V,PASS
LOG01027,unit B4139 case temp measured 70.7C.,B4139,THERMAL,FAIL
LOG01028,B2179 5V rail: 4.96 V.,B2179,POWER_RAIL_5V,PASS
LOG01029,unit a7979 vdd_5v rail measured 4.93v.,A7979,POWER_RAIL_5V,PASS
LOG01030,Unit board D0814: 5v power check reading 5.00V — all good.,D0814,POWER_RAIL_5V,PASS
LOG01031,Unit C9582: quiescent current reading 111.73mA.,C9582,CURRENT_DRAW,PASS
LOG01032,"unit C8029 - 3.3V rail 3.19V, customer return unit.",C8029,POWER_RAIL_3V3,PASS
LOG01033,"Checked signal amplitude CH1 on C-6002, 3.03Vpp (within spec), customer return unit.",C6002,SIGNAL_INTEGRITY,PASS
LOG01034,A-7885 VDD_3V3 rail: 3.49 V.,A7885,POWER_RAIL_3V3,FAIL
LOG01035,board D5488 12v power check measured 12.87V.,D5488,POWER_RAIL_12V,FAIL
LOG01036,D 8797 VDD_12V rail: 11.40 V.,D8797,POWER_RAIL_12V,PASS
LOG01037,D5486 CH2 signal check measured 3.37Vpp.,D5486,SIGNAL_INTEGRITY,PASS
LOG01038,Unit C0184: +5V supply reading 5.15V (within spec).,C0184,POWER_RAIL_5V,PASS
LOG01039,Unit A-9765: scope reading CH2 reading 4.01Vpp (failed).,A9765,SIGNAL_INTEGRITY,FAIL
LOG01040,"d-2532 - continuity on j12 7.88ohm (doesn't look right), unit was reworked yesterday.",D2532,CONTINUITY,FAIL
LOG01041,"D 4062 - board temp after 10min soak 33.9C, per ECO-114.",D4062,THERMAL,PASS
LOG01042,Unit unit A9779: 5v power check reading 4.58V.,A9779,POWER_RAIL_5V,FAIL
LOG01043,a0246 cont check j12: 6.99 ohm — out of spec.,A0246,CONTINUITY,FAIL
LOG01044,"A2447 scope reading CH3: 3.99 Vpp, failed.",A2447,SIGNAL_INTEGRITY,FAIL
LOG01045,Unit board A7838: +12V supply reading 11.95V.,A7838,POWER_RAIL_12V,PASS
LOG01046,"Checked 3v3 supply on D-8503, 3.17V (passes), retest after rework.",D8503,POWER_RAIL_3V3,PASS
LOG01047,unit A8675 resistance check CLK measured 1.83Ohm — OK.,A8675,CONTINUITY,PASS
LOG01048,"unit unit c9628: +12v supply reading 12.48v, good reading.",C9628,POWER_RAIL_12V,PASS
LOG01049,d-9409 resistance check reset measured 7.89ohm (bad reading).,D9409,CONTINUITY,FAIL
LOG01050,"A9439 - +12V supply 13.12V, line 2.",A9439,POWER_RAIL_12V,FAIL
LOG01051,"checked +5v supply on board a9697, 4.79v (within spec), per eco-114.",A9697,POWER_RAIL_5V,PASS
LOG01052,board C2720 thermal soak reading measured 37.5C.,C2720,THERMAL,PASS
LOG01053,D 5343 VDD_5V rail measured 4.95V (checks out).,D5343,POWER_RAIL_5V,PASS
LOG01054,"board A7212 - CH3 signal check 3.23Vpp, unit was reworked yesterday.",A7212,SIGNAL_INTEGRITY,PASS
LOG01055,D-5025 idle current draw measured 51.65mA.,D5025,CURRENT_DRAW,PASS
LOG01056,D3654 +12V supply: 12.05 V.,D3654,POWER_RAIL_12V,PASS
LOG01057,"checked +3.3v rail on d-1434, 3.16v, looks good, after reflow.",D1434,POWER_RAIL_3V3,PASS
LOG01058,board C0322 board temp after 10min soak: 42.0 C.,C0322,THERMAL,PASS
LOG01059,Unit board D6231: 5v power check reading 5.46V.,D6231,POWER_RAIL_5V,FAIL
LOG01060,a-5240 standby current measured 149.25ma.,A5240,CURRENT_DRAW,PASS
LOG01061,b 3147 12v power check: 10.75 v — reject.,B3147,POWER_RAIL_12V,FAIL
LOG01062,Unit board C3648: 12v power check reading 11.96V — looks good.,C3648,POWER_RAIL_12V,PASS
LOG01063,D 3866 resistance check J12: 0.00 Ohm.,D3866,CONTINUITY,PASS
LOG01064,"unit C4398 - resistance check EN_LINE 5.34Ohm, line 2.",C4398,CONTINUITY,FAIL
LOG01065,"Checked 12V rail on A 3301, 11.61V, retest after rework.",A3301,POWER_RAIL_12V,PASS
LOG01066,"checked 5v rail on a 7413, 4.84v, retest after rework.",A7413,POWER_RAIL_5V,PASS
LOG01067,"B8532 - standby current 140.95mA — looks good, after reflow.",B8532,CURRENT_DRAW,PASS
LOG01068,Unit D6621: 5v power check reading 4.89V — checks out.,D6621,POWER_RAIL_5V,PASS
LOG01069,"Checked CH3 signal check on unit B2694, 3.08Vpp, within spec, customer return unit.",B2694,SIGNAL_INTEGRITY,PASS
LOG01070,"Checked current draw at idle on unit C3130, 124.92mA — checks out, retest after rework.",C3130,CURRENT_DRAW,PASS
LOG01071,"Checked resistance check J12 on A1552, 4.77Ohm, unit was reworked yesterday.",A1552,CONTINUITY,PASS
LOG01072,Unit board B9584: board temp after 10min soak reading 1.7C.,B9584,THERMAL,FAIL
LOG01073,A0344 3.3V rail: 2.83 V.,A0344,POWER_RAIL_3V3,FAIL
LOG01074,Unit C2277: thermal soak reading reading 30.7C (checks out).,C2277,THERMAL,PASS
LOG01075,B-3825 3.3V rail measured 3.19V (checks out).,B3825,POWER_RAIL_3V3,PASS
LOG01076,"Checked quiescent current on A4075, 89.69mA, after reflow.",A4075,CURRENT_DRAW,PASS
LOG01077,unit b4308: 12v power check reading 11.44v — nominal.,B4308,POWER_RAIL_12V,PASS
LOG01078,D9975 board temp after 10min soak measured 36.7C (passes).,D9975,THERMAL,PASS
LOG01079,"Checked board temp after 10min soak on board A2276, 24.5C, per ECO-114.",A2276,THERMAL,PASS
LOG01080,"unit A2925 thermal soak reading measured 20.0C, OK.",A2925,THERMAL,PASS
LOG01081,unit a4691: 5v power check reading 4.75v.,A4691,POWER_RAIL_5V,PASS
LOG01082,unit b-2455: 12v power check reading 12.93v.,B2455,POWER_RAIL_12V,FAIL
LOG01083,unit A8929 continuity on J12 measured 0.90Ohm.,A8929,CONTINUITY,PASS
LOG01084,B3801 standby current measured 71.18mA.,B3801,CURRENT_DRAW,PASS
LOG01085,Unit board C7926: eye height CH4 reading 3.06Vpp.,C7926,SIGNAL_INTEGRITY,PASS
LOG01086,Unit unit A2954: +12V supply reading 13.29V — no good.,A2954,POWER_RAIL_12V,FAIL
LOG01087,"Checked continuity on RESET on unit B1704, 4.97Ohm (passes).",B1704,CONTINUITY,PASS
LOG01088,"Checked +5V supply on A-2702, 5.01V, checks out, second attempt.",A2702,POWER_RAIL_5V,PASS
LOG01089,board a4697 case temp: 28.3 c.,A4697,THERMAL,PASS
LOG01090,Unit D0186: signal amplitude CH1 reading 3.92Vpp.,D0186,SIGNAL_INTEGRITY,FAIL
LOG01091,"a 1944 - resistance check en_line 6.56ohm, out of spec.",A1944,CONTINUITY,FAIL
LOG01092,b2188 standby current measured 159.54ma (out of spec).,B2188,CURRENT_DRAW,FAIL
LOG01093,D 5699 thermal reading after burn-in: 13.5 C (flagged for rework).,D5699,THERMAL,FAIL
LOG01094,Unit C-1051: standby current reading 87.49mA.,C1051,CURRENT_DRAW,PASS
LOG01095,"Checked current draw at idle on A0955, 111.77mA — all good, customer return unit.",A0955,CURRENT_DRAW,PASS
LOG01096,C5133 signal amplitude CH3 measured 3.41Vpp.,C5133,SIGNAL_INTEGRITY,PASS
LOG01097,"c 4200 3.3v rail measured 3.13v, passes.",C4200,POWER_RAIL_3V3,PASS
LOG01098,"checked 3v3 supply on a5770, 2.81v.",A5770,POWER_RAIL_3V3,FAIL
LOG01099,"Checked 3.3V rail on board D6818, 3.21V, customer return unit.",D6818,POWER_RAIL_3V3,PASS
LOG01100,"C2793 - quiescent current 116.69mA, shift B.",C2793,CURRENT_DRAW,PASS
LOG01101,board B0389 VDD_3V3 rail measured 3.85V.,B0389,POWER_RAIL_3V3,FAIL
LOG01102,"C9987 - thermal reading after burn-in 48.4C — within spec, unit was reworked yesterday.",C9987,THERMAL,PASS
LOG01103,unit B8682 idle current draw: 16.70 mA.,B8682,CURRENT_DRAW,FAIL
LOG01104,"Checked +3.3V rail on A-6695, 3.58V, after reflow.",A6695,POWER_RAIL_3V3,FAIL
LOG01105,"checked +5v supply on c 6518, 4.96v, shift b.",C6518,POWER_RAIL_5V,PASS
LOG01106,"Checked cont check CLK on board C3422, 7.03Ohm, reject, unit was reworked yesterday.",C3422,CONTINUITY,FAIL
LOG01107,"Unit B9758: continuity on RESET reading 6.70Ohm, flagged for rework.",B9758,CONTINUITY,FAIL
LOG01108,"A-6886 - case temp 31.0C — OK, per ECO-114.",A6886,THERMAL,PASS
LOG01109,board D5364 current draw at idle measured 88.54mA — within spec.,D5364,CURRENT_DRAW,PASS
LOG01110,Unit B2826: current draw at idle reading 67.80mA — nominal.,B2826,CURRENT_DRAW,PASS
LOG01111,Unit B0665: 12V rail reading 13.01V (failed).,B0665,POWER_RAIL_12V,FAIL
LOG01112,"Checked standby current on A-1572, 93.49mA — checks out, unit was reworked yesterday.",A1572,CURRENT_DRAW,PASS
LOG01113,"Checked case temp on A1567, 25.1C — nominal.",A1567,THERMAL,PASS
LOG01114,"Checked cont check J4 on D 9661, 0.52Ohm, shift B.",D9661,CONTINUITY,PASS
LOG01115,"board a9564 - ch2 signal check 3.16vpp — checks out, unit was reworked yesterday.",A9564,SIGNAL_INTEGRITY,PASS
LOG01116,"Checked case temp on board C1079, 25.1C (all good), per ECO-114.",C1079,THERMAL,PASS
LOG01117,A 4552 +5V supply measured 5.00V — OK.,A4552,POWER_RAIL_5V,PASS
LOG01118,Unit B 1758: case temp reading 47.8C.,B1758,THERMAL,PASS
LOG01119,A 8172 standby current measured 156.75mA — flagged for rework.,A8172,CURRENT_DRAW,FAIL
LOG01120,Unit A 6390: VDD_3V3 rail reading 3.37V (looks good).,A6390,POWER_RAIL_3V3,PASS
LOG01121,unit A8728 +12V supply measured 10.69V — flagged for rework.,A8728,POWER_RAIL_12V,FAIL
LOG01122,d-9191 5v rail measured 5.35v.,D9191,POWER_RAIL_5V,FAIL
LOG01123,unit a 1705: 3.3v power check reading 3.32v.,A1705,POWER_RAIL_3V3,PASS
LOG01124,D 5567 3v3 supply measured 3.27V.,D5567,POWER_RAIL_3V3,PASS
LOG01125,"board a2624 thermal reading after burn-in measured 34.4c, passes.",A2624,THERMAL,PASS
LOG01126,unit A0635 thermal reading after burn-in: 20.0 C.,A0635,THERMAL,PASS
LOG01127,B9983 +3.3V rail measured 3.28V.,B9983,POWER_RAIL_3V3,PASS
LOG01128,"board D3459 current draw at idle measured 107.03mA, within spec.",D3459,CURRENT_DRAW,PASS
LOG01129,"Checked current draw at idle on B 4415, 110.80mA — checks out, retest after rework.",B4415,CURRENT_DRAW,PASS
LOG01130,"B0517 - quiescent current 150.00mA — OK, second attempt.",B0517,CURRENT_DRAW,PASS
LOG01131,board A7482 VDD_3V3 rail measured 3.84V.,A7482,POWER_RAIL_3V3,FAIL
LOG01132,"board C9686 12V rail measured 11.80V, nominal.",C9686,POWER_RAIL_12V,PASS
LOG01133,board D8284 case temp: 42.0 C (checks out).,D8284,THERMAL,PASS
LOG01134,A2002 quiescent current: 99.76 mA.,A2002,CURRENT_DRAW,PASS
LOG01135,"Unit C 0779: resistance check EN_LINE reading 7.50Ohm, flagged for rework.",C0779,CONTINUITY,FAIL
LOG01136,unit B2668 board temp after 10min soak: 4.0 C.,B2668,THERMAL,FAIL
LOG01137,"Checked idle current draw on A 4020, 184.39mA, customer return unit.",A4020,CURRENT_DRAW,FAIL
LOG01138,"unit B9348 - 3.3v power check 3.27V (within spec), after reflow.",B9348,POWER_RAIL_3V3,PASS
LOG01139,A4479 signal amplitude CH3: 3.16 Vpp.,A4479,SIGNAL_INTEGRITY,PASS
LOG01140,A-1531 continuity on CLK measured 1.56Ohm — looks good.,A1531,CONTINUITY,PASS
LOG01141,board C9241 VDD_5V rail: 5.02 V.,C9241,POWER_RAIL_5V,PASS
LOG01142,D-2397 3.3v power check measured 2.88V — no good.,D2397,POWER_RAIL_3V3,FAIL
LOG01143,"Checked CH2 signal check on unit B6058, 2.80Vpp, nominal, shift B.",B6058,SIGNAL_INTEGRITY,PASS
LOG01144,B1762 idle current draw measured 130.98mA.,B1762,CURRENT_DRAW,PASS
LOG01145,"Checked VDD_12V rail on C-4590, 12.03V, shift B.",C4590,POWER_RAIL_12V,PASS
LOG01146,unit board b8380: signal amplitude ch4 reading 3.15vpp.,B8380,SIGNAL_INTEGRITY,PASS
LOG01147,d7495 12v power check: 11.65 v — ok.,D7495,POWER_RAIL_12V,PASS
LOG01148,"C 0587 - VDD_3V3 rail 3.23V, OK, per ECO-114.",C0587,POWER_RAIL_3V3,PASS
LOG01149,"Checked 3.3V rail on B7776, 3.74V, failed, unit was reworked yesterday.",B7776,POWER_RAIL_3V3,FAIL
LOG01150,"A-7247 - 12V rail 11.86V, OK, second attempt.",A7247,POWER_RAIL_12V,PASS
LOG01151,"unit B0351 12V rail measured 11.26V, failed.",B0351,POWER_RAIL_12V,FAIL
LOG01152,Unit board A5401: idle current draw reading 117.98mA.,A5401,CURRENT_DRAW,PASS
LOG01153,"board B7677 +5V supply measured 4.52V, fails.",B7677,POWER_RAIL_5V,FAIL
LOG01154,A-5961 12v power check: 11.99 V.,A5961,POWER_RAIL_12V,PASS
LOG01155,"unit B0464 - standby current 98.81mA, good reading, per ECO-114.",B0464,CURRENT_DRAW,PASS
LOG01156,"A4139 - +5V supply 5.68V — doesn't look right, unit was reworked yesterday.",A4139,POWER_RAIL_5V,FAIL
LOG01157,D 6394 idle current draw: 117.36 mA.,D6394,CURRENT_DRAW,PASS
LOG01158,"board B4112 - VDD_12V rail 11.97V, within spec, after reflow.",B4112,POWER_RAIL_12V,PASS
LOG01159,a5003 3.3v rail: 3.32 v — nominal.,A5003,POWER_RAIL_3V3,PASS
LOG01160,B3306 standby current: 89.91 mA.,B3306,CURRENT_DRAW,PASS
LOG01161,Unit B3576: CH3 signal check reading 2.86Vpp.,B3576,SIGNAL_INTEGRITY,PASS
LOG01162,"Checked 12V rail on B-3458, 12.08V, customer return unit.",B3458,POWER_RAIL_12V,PASS
LOG01163,A0061 scope reading CH3: 3.87 Vpp.,A0061,SIGNAL_INTEGRITY,FAIL
LOG01164,"Checked standby current on D-3460, 167.40mA, line 2.",D3460,CURRENT_DRAW,FAIL
LOG01165,"unit C3188 case temp: 41.7 C, passes.",C3188,THERMAL,PASS
LOG01166,"Checked standby current on B 2924, 52.20mA, checks out, second attempt.",B2924,CURRENT_DRAW,PASS
LOG01167,"Checked resistance check J7 on board A9716, 5.00Ohm, good reading, line 2.",A9716,CONTINUITY,PASS
LOG01168,"Checked 3v3 supply on A8777, 3.35V — looks good, per ECO-114.",A8777,POWER_RAIL_3V3,PASS
LOG01169,"Checked thermal reading after burn-in on D 3056, 45.8C (looks good), unit was reworked yesterday.",D3056,THERMAL,PASS
LOG01170,"C-9943 - VDD_5V rail 5.01V (nominal), shift B.",C9943,POWER_RAIL_5V,PASS
LOG01171,"checked 5v power check on a 2417, 4.82v — within spec.",A2417,POWER_RAIL_5V,PASS
LOG01172,D1796 +3.3V rail measured 3.46V.,D1796,POWER_RAIL_3V3,PASS
LOG01173,"Checked thermal reading after burn-in on board B5152, 20.0C, after reflow.",B5152,THERMAL,PASS
LOG01174,unit B5983 3.3v power check: 3.44 V.,B5983,POWER_RAIL_3V3,PASS
LOG01175,"B-4911 board temp after 10min soak: 42.5 C, within spec.",B4911,THERMAL,PASS
LOG01176,"B4809 - resistance check CLK 0.00Ohm, second attempt.",B4809,CONTINUITY,PASS
LOG01177,"a-9793 - 3.3v rail 3.32v (all good), after reflow.",A9793,POWER_RAIL_3V3,PASS
LOG01178,board A5536 +3.3V rail: 2.81 V (fails).,A5536,POWER_RAIL_3V3,FAIL
LOG01179,"Checked 5V rail on A9256, 4.66V, second attempt.",A9256,POWER_RAIL_5V,FAIL
LOG01180,"Checked VDD_12V rail on unit D5356, 10.68V, shift B.",D5356,POWER_RAIL_12V,FAIL
LOG01181,board A3321 cont check J7: 0.20 Ohm.,A3321,CONTINUITY,PASS
LOG01182,unit b6903 quiescent current measured 92.35ma.,B6903,CURRENT_DRAW,PASS
LOG01183,Unit B 0939: quiescent current reading 203.60mA.,B0939,CURRENT_DRAW,FAIL
LOG01184,Unit A-2206: thermal reading after burn-in reading 33.3C (passes).,A2206,THERMAL,PASS
LOG01185,"A5636 - resistance check J12 6.78Ohm, retest after rework.",A5636,CONTINUITY,FAIL
LOG01186,board A5466 thermal soak reading measured 72.3C.,A5466,THERMAL,FAIL
LOG01187,c6339 j12 continuity: 2.80 ohm.,C6339,CONTINUITY,PASS
LOG01188,"Checked standby current on D 7710, 135.76mA, unit was reworked yesterday.",D7710,CURRENT_DRAW,PASS
LOG01189,B-3432 CH2 signal check measured 3.81Vpp (doesn't look right).,B3432,SIGNAL_INTEGRITY,FAIL
LOG01190,D-4426 thermal soak reading measured 22.2C — within spec.,D4426,THERMAL,PASS
LOG01191,board A9501 3.3V rail measured 3.31V (checks out).,A9501,POWER_RAIL_3V3,PASS
LOG01192,board d3133 thermal soak reading: 48.0 c.,D3133,THERMAL,PASS
LOG01193,"C-5185 - VDD_3V3 rail 3.05V — out of spec, retest after rework.",C5185,POWER_RAIL_3V3,FAIL
LOG01194,"B-4431 - 3v3 supply 2.95V — doesn't look right, unit was reworked yesterday.",B4431,POWER_RAIL_3V3,FAIL
LOG01195,B 3750 12v power check: 12.43 V (good reading).,B3750,POWER_RAIL_12V,PASS
LOG01196,Unit D-9581: standby current reading 98.72mA.,D9581,CURRENT_DRAW,PASS
LOG01197,"Checked 5v power check on B 2681, 4.86V, customer return unit.",B2681,POWER_RAIL_5V,PASS
LOG01198,"a 6924 +5v supply measured 5.15v, within spec.",A6924,POWER_RAIL_5V,PASS
LOG01199,"Checked standby current on D-0004, 50.62mA (all good).",D0004,CURRENT_DRAW,PASS
LOG01200,Unit board C6387: signal amplitude CH3 reading 2.54Vpp.,C6387,SIGNAL_INTEGRITY,FAIL
LOG01201,Unit B8657: 3.3V rail reading 3.24V.,B8657,POWER_RAIL_3V3,PASS
LOG01202,A 6984 CLK continuity: 3.84 Ohm.,A6984,CONTINUITY,PASS
LOG01203,Unit B0632: board temp after 10min soak reading 58.2C (reject).,B0632,THERMAL,FAIL
LOG01204,Unit D0719: current draw at idle reading 71.57mA (all good).,D0719,CURRENT_DRAW,PASS
LOG01205,unit C7855 3.3V rail: 3.14 V — good reading.,C7855,POWER_RAIL_3V3,PASS
LOG01206,"D-1748 - 3v3 supply 2.78V, retest after rework.",D1748,POWER_RAIL_3V3,FAIL
LOG01207,"Unit unit A2433: +12V supply reading 12.70V, out of spec.",A2433,POWER_RAIL_12V,FAIL
LOG01208,a-2961 board temp after 10min soak measured 68.4c — failed.,A2961,THERMAL,FAIL
LOG01209,Unit board A8441: cont check CLK reading 7.10Ohm.,A8441,CONTINUITY,FAIL
LOG01210,unit a3052: vdd_5v rail reading 4.67v.,A3052,POWER_RAIL_5V,FAIL
LOG01211,"C 2744 - J7 continuity 6.42Ohm, second attempt.",C2744,CONTINUITY,FAIL
LOG01212,C4263 idle current draw measured 182.93mA.,C4263,CURRENT_DRAW,FAIL
LOG01213,"A7123 VDD_3V3 rail: 3.13 V, within spec.",A7123,POWER_RAIL_3V3,PASS
LOG01214,Unit D 8096: current draw at idle reading 84.19mA (looks good).,D8096,CURRENT_DRAW,PASS
LOG01215,"Checked 5V rail on board C5556, 4.32V (fails), line 2.",C5556,POWER_RAIL_5V,FAIL
LOG01216,B7669 3.3V rail: 3.95 V.,B7669,POWER_RAIL_3V3,FAIL
LOG01217,Unit B 8284: scope reading CH2 reading 3.60Vpp (passes).,B8284,SIGNAL_INTEGRITY,PASS
LOG01218,unit A6741 resistance check CLK: 3.08 Ohm.,A6741,CONTINUITY,PASS
LOG01219,unit d-7921: +5v supply reading 4.81v (looks good).,D7921,POWER_RAIL_5V,PASS
LOG01220,board a8908 - cont check j7 0.00ohm.,A8908,CONTINUITY,PASS
LOG01221,"Checked continuity on J7 on unit C9043, 2.77Ohm, after reflow.",C9043,CONTINUITY,PASS
LOG01222,"Checked board temp after 10min soak on unit A8566, 30.6C, shift B.",A8566,THERMAL,PASS
LOG01223,board C9002 case temp measured 40.3C.,C9002,THERMAL,PASS
LOG01224,board C9999 standby current measured 73.04mA (passes).,C9999,CURRENT_DRAW,PASS
LOG01225,board D4714 3.3V rail measured 3.23V (nominal).,D4714,POWER_RAIL_3V3,PASS
LOG01226,"b 4383 3.3v power check: 3.40 v, good reading.",B4383,POWER_RAIL_3V3,PASS
LOG01227,Unit board A4943: board temp after 10min soak reading 33.7C.,A4943,THERMAL,PASS
LOG01228,d-5437 - cont check clk 1.68ohm.,D5437,CONTINUITY,PASS
LOG01229,Unit D-9179: thermal soak reading reading 29.6C — checks out.,D9179,THERMAL,PASS
LOG01230,"checked 5v power check on board d3960, 5.36v, per eco-114.",D3960,POWER_RAIL_5V,FAIL
LOG01231,Unit C-0957: cont check RESET reading 1.18Ohm — OK.,C0957,CONTINUITY,PASS
LOG01232,d 4912 3.3v power check measured 3.09v (failed).,D4912,POWER_RAIL_3V3,FAIL
LOG01233,"Checked idle current draw on D6351, 169.38mA (bad reading), customer return unit.",D6351,CURRENT_DRAW,FAIL
LOG01234,"unit B7814 - thermal reading after burn-in 0.9C (fails), shift B.",B7814,THERMAL,FAIL
LOG01235,unit d6165 ch2 signal check: 3.03 vpp.,D6165,SIGNAL_INTEGRITY,PASS
LOG01236,a1627 +3.3v rail measured 3.86v.,A1627,POWER_RAIL_3V3,FAIL
LOG01237,"Checked 12V rail on unit C2874, 12.60V, after reflow.",C2874,POWER_RAIL_12V,PASS
LOG01238,D6524 continuity on J4: 1.68 Ohm (OK).,D6524,CONTINUITY,PASS
LOG01239,A-6899 VDD_12V rail: 12.28 V (all good).,A6899,POWER_RAIL_12V,PASS
LOG01240,"A 2926 signal amplitude CH3: 2.37 Vpp, flagged for rework.",A2926,SIGNAL_INTEGRITY,FAIL
LOG01241,unit D5796 5v power check measured 4.98V (looks good).,D5796,POWER_RAIL_5V,PASS
LOG01242,board C1920 eye height CH4: 3.35 Vpp (within spec).,C1920,SIGNAL_INTEGRITY,PASS
LOG01243,"Checked +12V supply on C-4233, 11.88V, line 2.",C4233,POWER_RAIL_12V,PASS
LOG01244,board B2239 +12V supply measured 11.81V (passes).,B2239,POWER_RAIL_12V,PASS
LOG01245,"unit C1389 resistance check J7: 0.54 Ohm, good reading.",C1389,CONTINUITY,PASS
LOG01246,"Checked 12V rail on B4725, 11.42V, second attempt.",B4725,POWER_RAIL_12V,PASS
LOG01247,D-4964 VDD_12V rail: 11.26 V.,D4964,POWER_RAIL_12V,FAIL
LOG01248,"A 1419 - eye height CH1 3.21Vpp — nominal, per ECO-114.",A1419,SIGNAL_INTEGRITY,PASS
LOG01249,unit c 9076: current draw at idle reading 117.72ma (within spec).,C9076,CURRENT_DRAW,PASS
LOG01250,d-9613 12v rail measured 11.85v.,D9613,POWER_RAIL_12V,PASS
LOG01251,"Checked thermal soak reading on board D3093, 67.3C, unit was reworked yesterday.",D3093,THERMAL,FAIL
LOG01252,"unit C5112 - continuity on J7 0.30Ohm (passes), customer return unit.",C5112,CONTINUITY,PASS
LOG01253,"board a8647 - resistance check reset 2.92ohm, second attempt.",A8647,CONTINUITY,PASS
LOG01254,"Checked VDD_12V rail on board C9511, 12.81V — out of spec, second attempt.",C9511,POWER_RAIL_12V,FAIL
LOG01255,B9488 +3.3V rail measured 2.75V (out of spec).,B9488,POWER_RAIL_3V3,FAIL
LOG01256,"Checked thermal reading after burn-in on board B9555, 73.1C (no good), unit was reworked yesterday.",B9555,THERMAL,FAIL
LOG01257,"board A0692 - continuity on CLK 6.65Ohm, second attempt.",A0692,CONTINUITY,FAIL
LOG01258,board A7642 cont check RESET measured 7.58Ohm (fails).,A7642,CONTINUITY,FAIL
LOG01259,Unit B6775: RESET continuity reading 3.14Ohm (all good).,B6775,CONTINUITY,PASS
LOG01260,A-0175 thermal soak reading measured 35.0C — all good.,A0175,THERMAL,PASS
LOG01261,"board d0756 - continuity on en_line 7.23ohm, line 2.",D0756,CONTINUITY,FAIL
LOG01262,"Checked 12V rail on C-3972, 11.03V, fails, retest after rework.",C3972,POWER_RAIL_12V,FAIL
LOG01263,"unit D7728 - current draw at idle 86.03mA (nominal), per ECO-114.",D7728,CURRENT_DRAW,PASS
LOG01264,"B5513 - +3.3V rail 3.36V, line 2.",B5513,POWER_RAIL_3V3,PASS
LOG01265,D-6861 signal amplitude CH1 measured 3.73Vpp.,D6861,SIGNAL_INTEGRITY,FAIL
LOG01266,"A 0333 +12V supply measured 12.05V, good reading.",A0333,POWER_RAIL_12V,PASS
LOG01267,Unit D 2055: CH3 signal check reading 3.45Vpp — passes.,D2055,SIGNAL_INTEGRITY,PASS
LOG01268,D0696 - continuity on EN_LINE 5.63Ohm (bad reading).,D0696,CONTINUITY,FAIL
LOG01269,A-1934 +5V supply measured 5.14V.,A1934,POWER_RAIL_5V,PASS
LOG01270,Unit B 5500: +3.3V rail reading 3.35V — nominal.,B5500,POWER_RAIL_3V3,PASS
LOG01271,"board B0384 thermal soak reading measured 31.9C, looks good.",B0384,THERMAL,PASS
LOG01272,"Checked signal amplitude CH3 on D1043, 2.94Vpp — nominal, shift B.",D1043,SIGNAL_INTEGRITY,PASS
LOG01273,unit a 7603: thermal reading after burn-in reading 42.6c (within spec).,A7603,THERMAL,PASS
LOG01274,"Checked idle current draw on board B2520, 5.15mA, customer return unit.",B2520,CURRENT_DRAW,FAIL
LOG01275,Unit D 7992: eye height CH1 reading 3.67Vpp — doesn't look right.,D7992,SIGNAL_INTEGRITY,FAIL
LOG01276,"unit A6863 eye height CH3: 3.18 Vpp, all good.",A6863,SIGNAL_INTEGRITY,PASS
LOG01277,A0332 12V rail: 11.89 V.,A0332,POWER_RAIL_12V,PASS
LOG01278,a 2359 standby current measured -9.76ma — doesn't look right.,A2359,CURRENT_DRAW,FAIL
LOG01279,"Checked signal amplitude CH4 on unit B8949, 4.04Vpp — no good, retest after rework.",B8949,SIGNAL_INTEGRITY,FAIL
LOG01280,Unit A-4638: 3.3v power check reading 3.38V.,A4638,POWER_RAIL_3V3,PASS
LOG01281,A-5381 cont check RESET measured 2.95Ohm — checks out.,A5381,CONTINUITY,PASS
LOG01282,A 4026 case temp: 70.4 C.,A4026,THERMAL,FAIL
LOG01283,"Checked idle current draw on D8028, 50.00mA, good reading, second attempt.",D8028,CURRENT_DRAW,PASS
LOG01284,Unit unit B6234: CH2 signal check reading 2.91Vpp.,B6234,SIGNAL_INTEGRITY,PASS
LOG01285,C8988 thermal soak reading: 33.8 C.,C8988,THERMAL,PASS
LOG01286,D 4744 +12V supply: 12.23 V.,D4744,POWER_RAIL_12V,PASS
LOG01287,"D-0376 - thermal soak reading 52.4C, retest after rework.",D0376,THERMAL,PASS
LOG01288,Unit A-4918: CH4 signal check reading 3.90Vpp (failed).,A4918,SIGNAL_INTEGRITY,FAIL
LOG01289,"unit C9442 thermal soak reading: 39.3 C, looks good.",C9442,THERMAL,PASS
LOG01290,B 7071 quiescent current measured 110.45mA (passes).,B7071,CURRENT_DRAW,PASS
LOG01291,Unit unit B7114: 12V rail reading 11.96V (all good).,B7114,POWER_RAIL_12V,PASS
LOG01292,Unit C5332: continuity on J12 reading 6.79Ohm.,C5332,CONTINUITY,FAIL
LOG01293,Unit unit C7200: 3.3v power check reading 3.50V.,C7200,POWER_RAIL_3V3,FAIL
LOG01294,"Checked +3.3V rail on board A8840, 3.13V, per ECO-114.",A8840,POWER_RAIL_3V3,PASS
LOG01295,"D 9688 - case temp 38.2C, OK, retest after rework.",D9688,THERMAL,PASS
LOG01296,Unit unit C0204: standby current reading 5.62mA (out of spec).,C0204,CURRENT_DRAW,FAIL
LOG01297,"unit D2567 - board temp after 10min soak 24.4C — all good, line 2.",D2567,THERMAL,PASS
LOG01298,"Checked eye height CH4 on unit A2853, 2.80Vpp, unit was reworked yesterday.",A2853,SIGNAL_INTEGRITY,PASS
LOG01299,A-3649 RESET continuity measured 2.59Ohm (nominal).,A3649,CONTINUITY,PASS
LOG01300,Unit B5767: 5V rail reading 4.53V — bad reading.,B5767,POWER_RAIL_5V,FAIL
LOG01301,"Checked idle current draw on unit B7561, 95.96mA, good reading, customer return unit.",B7561,CURRENT_DRAW,PASS
LOG01302,"Checked standby current on board A2278, 106.71mA.",A2278,CURRENT_DRAW,PASS
LOG01303,"board C1732 - thermal soak reading 50.6C, unit was reworked yesterday.",C1732,THERMAL,PASS
LOG01304,D 3746 thermal reading after burn-in measured 35.2C.,D3746,THERMAL,PASS
LOG01305,A5483 CLK continuity: 4.58 Ohm.,A5483,CONTINUITY,PASS
LOG01306,"Checked 5v power check on D-0618, 5.15V (passes), after reflow.",D0618,POWER_RAIL_5V,PASS
LOG01307,D3630 +12V supply: 12.08 V.,D3630,POWER_RAIL_12V,PASS
LOG01308,C-4919 12V rail: 11.63 V — within spec.,C4919,POWER_RAIL_12V,PASS
LOG01309,"A-9748 - CH3 signal check 3.39Vpp, unit was reworked yesterday.",A9748,SIGNAL_INTEGRITY,PASS
LOG01310,"checked current draw at idle on a-2924, 143.57ma — ok, retest after rework.",A2924,CURRENT_DRAW,PASS
LOG01311,unit a6499: scope reading ch1 reading 3.11vpp (ok).,A6499,SIGNAL_INTEGRITY,PASS
LOG01312,D7636 scope reading CH2: 2.64 Vpp.,D7636,SIGNAL_INTEGRITY,FAIL
LOG01313,"Checked eye height CH1 on board C1404, 3.16Vpp, retest after rework.",C1404,SIGNAL_INTEGRITY,PASS
LOG01314,D 7956 idle current draw: 96.45 mA.,D7956,CURRENT_DRAW,PASS
LOG01315,"A 8645 - thermal reading after burn-in 27.8C (within spec), retest after rework.",A8645,THERMAL,PASS
LOG01316,"checked cont check clk on board b7793, 3.53ohm, second attempt.",B7793,CONTINUITY,PASS
LOG01317,Unit board A8869: VDD_5V rail reading 5.25V (OK).,A8869,POWER_RAIL_5V,PASS
LOG01318,"Checked 3.3V rail on unit D8119, 3.29V, unit was reworked yesterday.",D8119,POWER_RAIL_3V3,PASS
LOG01319,"unit A3634 - +12V supply 12.54V (passes), per ECO-114.",A3634,POWER_RAIL_12V,PASS
LOG01320,"Checked 12V rail on A-0965, 12.55V (good reading), second attempt.",A0965,POWER_RAIL_12V,PASS
LOG01321,board A5436 VDD_5V rail measured 4.33V.,A5436,POWER_RAIL_5V,FAIL
LOG01322,C-5005 eye height CH1: 3.34 Vpp.,C5005,SIGNAL_INTEGRITY,PASS
LOG01323,"c4625 - vdd_5v rail 5.04v — good reading, per eco-114.",C4625,POWER_RAIL_5V,PASS
LOG01324,"A-0547 - eye height CH4 3.60Vpp, line 2.",A0547,SIGNAL_INTEGRITY,PASS
LOG01325,Unit board A6444: scope reading CH1 reading 3.00Vpp — nominal.,A6444,SIGNAL_INTEGRITY,PASS
LOG01326,"Checked 3v3 supply on A7822, 3.44V (all good), customer return unit.",A7822,POWER_RAIL_3V3,PASS
LOG01327,board C8627 3v3 supply: 3.22 V.,C8627,POWER_RAIL_3V3,PASS
LOG01328,"Checked +3.3V rail on A 6636, 3.04V (no good), per ECO-114.",A6636,POWER_RAIL_3V3,FAIL
LOG01329,"Checked standby current on B 9875, 100.07mA, second attempt.",B9875,CURRENT_DRAW,PASS
LOG01330,"b-1832 continuity on clk measured 5.28ohm, reject.",B1832,CONTINUITY,FAIL
LOG01331,"board A1864 current draw at idle: 103.66 mA, nominal.",A1864,CURRENT_DRAW,PASS
LOG01332,A 6920 continuity on EN_LINE: 1.29 Ohm.,A6920,CONTINUITY,PASS
LOG01333,"A 1062 - thermal reading after burn-in 34.5C, passes, line 2.",A1062,THERMAL,PASS
LOG01334,"checked clk continuity on c2541, 3.55ohm, after reflow.",C2541,CONTINUITY,PASS
LOG01335,"B 5874 cont check J4 measured 5.40Ohm, out of spec.",B5874,CONTINUITY,FAIL
LOG01336,"Checked resistance check EN_LINE on unit D8720, 5.00Ohm — within spec, line 2.",D8720,CONTINUITY,PASS
LOG01337,unit a5628 resistance check reset: 6.99 ohm — no good.,A5628,CONTINUITY,FAIL
LOG01338,"A-0571 - scope reading CH1 2.49Vpp, line 2.",A0571,SIGNAL_INTEGRITY,FAIL
LOG01339,"board B6981 - +12V supply 12.13V (nominal), retest after rework.",B6981,POWER_RAIL_12V,PASS
LOG01340,Unit unit C6797: RESET continuity reading 0.65Ohm.,C6797,CONTINUITY,PASS
LOG01341,Unit unit B1726: current draw at idle reading 95.61mA (all good).,B1726,CURRENT_DRAW,PASS
LOG01342,Unit unit A0554: 3.3V rail reading 3.22V.,A0554,POWER_RAIL_3V3,PASS
LOG01343,unit B9420 eye height CH3: 2.93 Vpp (OK).,B9420,SIGNAL_INTEGRITY,PASS
LOG01344,board C8865 3.3V rail: 3.08 V (doesn't look right).,C8865,POWER_RAIL_3V3,FAIL
LOG01345,board C2945 board temp after 10min soak measured 30.2C.,C2945,THERMAL,PASS
LOG01346,"B 0256 - VDD_5V rail 5.05V (all good), line 2.",B0256,POWER_RAIL_5V,PASS
LOG01347,"board d6224 case temp measured 31.6c, within spec.",D6224,THERMAL,PASS
LOG01348,"Checked quiescent current on board D6527, 88.73mA, after reflow.",D6527,CURRENT_DRAW,PASS
LOG01349,B-6851 signal amplitude CH1 measured 3.82Vpp — bad reading.,B6851,SIGNAL_INTEGRITY,FAIL
LOG01350,"Checked standby current on board D4690, 189.31mA (fails), customer return unit.",D4690,CURRENT_DRAW,FAIL
LOG01351,"unit A7366 - continuity on J12 5.89Ohm (out of spec), second attempt.",A7366,CONTINUITY,FAIL
LOG01352,"Checked thermal soak reading on board B3938, 20.0C, checks out, unit was reworked yesterday.",B3938,THERMAL,PASS
LOG01353,unit b8954 vdd_5v rail: 5.01 v — nominal.,B8954,POWER_RAIL_5V,PASS
LOG01354,"b 9860 - board temp after 10min soak 29.6c, passes, after reflow.",B9860,THERMAL,PASS
LOG01355,"board D0226 - idle current draw 93.70mA (OK), per ECO-114.",D0226,CURRENT_DRAW,PASS
LOG01356,"D7272 thermal reading after burn-in measured 45.6C, passes.",D7272,THERMAL,PASS
LOG01357,"Checked case temp on unit D7125, 10.0C (fails), shift B.",D7125,THERMAL,FAIL
LOG01358,"A 8601 - 12v power check 11.96V (checks out), shift B.",A8601,POWER_RAIL_12V,PASS
LOG01359,"Checked +12V supply on D 8262, 13.22V, failed, second attempt.",D8262,POWER_RAIL_12V,FAIL
LOG01360,C-5931 J12 continuity measured 6.47Ohm.,C5931,CONTINUITY,FAIL
LOG01361,Unit A 6643: current draw at idle reading 69.11mA (checks out).,A6643,CURRENT_DRAW,PASS
LOG01362,Unit D9847: standby current reading 166.94mA — doesn't look right.,D9847,CURRENT_DRAW,FAIL
LOG01363,D-3806 quiescent current measured 85.70mA.,D3806,CURRENT_DRAW,PASS
LOG01364,"checked quiescent current on a6368, 54.00ma — ok, retest after rework.",A6368,CURRENT_DRAW,PASS
LOG01365,unit A2308 3.3v power check measured 3.31V.,A2308,POWER_RAIL_3V3,PASS
LOG01366,board A8954 12v power check measured 12.60V (all good).,A8954,POWER_RAIL_12V,PASS
LOG01367,unit a-3201: eye height ch1 reading 2.80vpp.,A3201,SIGNAL_INTEGRITY,PASS
LOG01368,A-7733 5v power check: 4.99 V.,A7733,POWER_RAIL_5V,PASS
LOG01369,"Unit A 1379: cont check CLK reading 0.00Ohm, all good.",A1379,CONTINUITY,PASS
LOG01370,"b 2160 - thermal reading after burn-in 24.0c (passes), retest after rework.",B2160,THERMAL,PASS
LOG01371,"Checked board temp after 10min soak on unit A3013, 64.8C, per ECO-114.",A3013,THERMAL,FAIL
LOG01372,"d 4764 - thermal reading after burn-in 48.1c, line 2.",D4764,THERMAL,PASS
LOG01373,A-9453 eye height CH4 measured 2.96Vpp (all good).,A9453,SIGNAL_INTEGRITY,PASS
LOG01374,Unit B-2686: current draw at idle reading 165.95mA.,B2686,CURRENT_DRAW,FAIL
LOG01375,"unit A5226 - VDD_5V rail 5.07V, line 2.",A5226,POWER_RAIL_5V,PASS
LOG01376,"unit D2062 - eye height CH3 3.11Vpp — all good, line 2.",D2062,SIGNAL_INTEGRITY,PASS
LOG01377,unit D0543 3.3V rail: 3.13 V (OK).,D0543,POWER_RAIL_3V3,PASS
LOG01378,c0497 resistance check clk measured 5.00ohm — within spec.,C0497,CONTINUITY,PASS
LOG01379,"Unit unit B4989: board temp after 10min soak reading 60.2C, reject.",B4989,THERMAL,FAIL
LOG01380,"A7133 eye height CH4: 3.81 Vpp, reject.",A7133,SIGNAL_INTEGRITY,FAIL
LOG01381,board C3099 VDD_12V rail measured 12.13V.,C3099,POWER_RAIL_12V,PASS
LOG01382,"Checked quiescent current on unit C3705, 112.50mA — nominal, shift B.",C3705,CURRENT_DRAW,PASS
LOG01383,"Checked continuity on J4 on A 9353, 2.74Ohm, per ECO-114.",A9353,CONTINUITY,PASS
LOG01384,unit B3415 3.3v power check measured 3.31V — passes.,B3415,POWER_RAIL_3V3,PASS
LOG01385,B 9565 scope reading CH3 measured 2.52Vpp.,B9565,SIGNAL_INTEGRITY,FAIL
LOG01386,board B9951 case temp measured 4.5C.,B9951,THERMAL,FAIL
LOG01387,"C 1665 - board temp after 10min soak 49.8C, unit was reworked yesterday.",C1665,THERMAL,PASS
LOG01388,"board C7088 - current draw at idle 75.02mA (within spec), unit was reworked yesterday.",C7088,CURRENT_DRAW,PASS
LOG01389,D-7243 - current draw at idle 181.74mA — reject.,D7243,CURRENT_DRAW,FAIL
LOG01390,"checked 3.3v power check on b-7108, 3.82v (failed), customer return unit.",B7108,POWER_RAIL_3V3,FAIL
LOG01391,"A 4412 - 3v3 supply 3.42V, unit was reworked yesterday.",A4412,POWER_RAIL_3V3,PASS
LOG01392,"unit C2682 - 3.3v power check 3.32V, line 2.",C2682,POWER_RAIL_3V3,PASS
LOG01393,"Checked continuity on J7 on A-1760, 6.66Ohm — bad reading, retest after rework.",A1760,CONTINUITY,FAIL
LOG01394,B-5457 current draw at idle: 122.20 mA (all good).,B5457,CURRENT_DRAW,PASS
LOG01395,d-8314 standby current: 129.03 ma.,D8314,CURRENT_DRAW,PASS
LOG01396,board b0033 5v power check measured 5.14v (checks out).,B0033,POWER_RAIL_5V,PASS
LOG01397,C 4345 case temp: 26.9 C.,C4345,THERMAL,PASS
LOG01398,"checked +12v supply on a-0115, 12.14v, nominal, line 2.",A0115,POWER_RAIL_12V,PASS
LOG01399,"Checked thermal soak reading on A-8945, 38.3C, after reflow.",A8945,THERMAL,PASS
LOG01400,"B-7147 - 12v power check 11.92V, after reflow.",B7147,POWER_RAIL_12V,PASS
LOG01401,"Checked 12v power check on unit D3510, 12.84V, unit was reworked yesterday.",D3510,POWER_RAIL_12V,FAIL
LOG01402,unit D6988 thermal soak reading measured 20.0C.,D6988,THERMAL,PASS
LOG01403,"Checked eye height CH1 on board B4084, 4.02Vpp, line 2.",B4084,SIGNAL_INTEGRITY,FAIL
LOG01404,"board C7578 - 12v power check 12.90V, doesn't look right, customer return unit.",C7578,POWER_RAIL_12V,FAIL
LOG01405,d 4313 - 5v power check 4.96v (good reading).,D4313,POWER_RAIL_5V,PASS
LOG01406,"D0984 - cont check J7 7.07Ohm, after reflow.",D0984,CONTINUITY,FAIL
LOG01407,D4088 VDD_3V3 rail: 3.31 V.,D4088,POWER_RAIL_3V3,PASS
LOG01408,C9408 cont check EN_LINE: 5.87 Ohm — failed.,C9408,CONTINUITY,FAIL
LOG01409,"Unit A 2333: cont check RESET reading 6.67Ohm, failed.",A2333,CONTINUITY,FAIL
LOG01410,c 2568 vdd_3v3 rail: 3.93 v — failed.,C2568,POWER_RAIL_3V3,FAIL
LOG01411,"B-6141 - quiescent current 183.49mA, reject, second attempt.",B6141,CURRENT_DRAW,FAIL
LOG01412,C-9554 5V rail measured 5.49V.,C9554,POWER_RAIL_5V,FAIL
LOG01413,"unit a 5175: j7 continuity reading 7.76ohm, bad reading.",A5175,CONTINUITY,FAIL
LOG01414,"C 2183 - case temp 40.4C, passes, second attempt.",C2183,THERMAL,PASS
LOG01415,d 8678 - thermal soak reading 28.6c (ok).,D8678,THERMAL,PASS
LOG01416,"Checked thermal soak reading on board D0841, 15.9C, retest after rework.",D0841,THERMAL,FAIL
LOG01417,Unit A0894: cont check J12 reading 2.19Ohm.,A0894,CONTINUITY,PASS
LOG01418,"Checked 12v power check on A1164, 12.02V, retest after rework.",A1164,POWER_RAIL_12V,PASS
LOG01419,"Checked VDD_5V rail on B0432, 4.76V, per ECO-114.",B0432,POWER_RAIL_5V,PASS
LOG01420,D 9949 +5V supply measured 4.93V.,D9949,POWER_RAIL_5V,PASS
LOG01421,"Checked continuity on J12 on board D0044, 6.14Ohm, second attempt.",D0044,CONTINUITY,FAIL
LOG01422,"Unit A-7958: 3v3 supply reading 3.30V, all good.",A7958,POWER_RAIL_3V3,PASS
LOG01423,"Checked 12V rail on board B6091, 12.51V, checks out, retest after rework.",B6091,POWER_RAIL_12V,PASS
LOG01424,Unit C0035: idle current draw reading 28.23mA (doesn't look right).,C0035,CURRENT_DRAW,FAIL
LOG01425,"Checked 5V rail on board B7192, 4.98V, passes, line 2.",B7192,POWER_RAIL_5V,PASS
LOG01426,board D1478 thermal soak reading measured 62.5C — no good.,D1478,THERMAL,FAIL
LOG01427,"Checked VDD_5V rail on C 4803, 5.52V, per ECO-114.",C4803,POWER_RAIL_5V,FAIL
LOG01428,unit c5802: thermal soak reading reading 10.8c (no good).,C5802,THERMAL,FAIL
LOG01429,"board B5244 - resistance check J7 7.51Ohm — no good, per ECO-114.",B5244,CONTINUITY,FAIL
LOG01430,"board D1717 - 3.3v power check 3.30V — all good, second attempt.",D1717,POWER_RAIL_3V3,PASS
LOG01431,unit B7689 board temp after 10min soak: 38.2 C — passes.,B7689,THERMAL,PASS
LOG01432,"Checked VDD_12V rail on A3041, 11.09V, after reflow.",A3041,POWER_RAIL_12V,FAIL
LOG01433,"B1411 - quiescent current 116.09mA — OK, second attempt.",B1411,CURRENT_DRAW,PASS
LOG01434,board C1461 3v3 supply: 3.27 V (OK).,C1461,POWER_RAIL_3V3,PASS
LOG01435,"checked +12v supply on c 0368, 13.08v, bad reading, second attempt.",C0368,POWER_RAIL_12V,FAIL
LOG01436,B4974 signal amplitude CH2: 3.35 Vpp — nominal.,B4974,SIGNAL_INTEGRITY,PASS
LOG01437,"board A7225 - thermal reading after burn-in 52.8C — all good, per ECO-114.",A7225,THERMAL,PASS
LOG01438,Unit C6042: board temp after 10min soak reading 31.1C (checks out).,C6042,THERMAL,PASS
LOG01439,C2229 thermal soak reading: 69.7 C.,C2229,THERMAL,FAIL
LOG01440,Unit C5243: VDD_12V rail reading 12.94V (no good).,C5243,POWER_RAIL_12V,FAIL
LOG01441,"Unit board C7633: +3.3V rail reading 2.97V, fails.",C7633,POWER_RAIL_3V3,FAIL
LOG01442,"a3248 current draw at idle: 88.81 ma, good reading.",A3248,CURRENT_DRAW,PASS
LOG01443,C 6643 5v power check measured 4.28V.,C6643,POWER_RAIL_5V,FAIL
LOG01444,"Checked thermal reading after burn-in on D-1446, 38.1C — good reading.",D1446,THERMAL,PASS
LOG01445,A 6554 VDD_12V rail measured 10.92V.,A6554,POWER_RAIL_12V,FAIL
LOG01446,"Unit unit A9930: resistance check J12 reading 0.00Ohm, within spec.",A9930,CONTINUITY,PASS
LOG01447,"C 8580 idle current draw: 90.19 mA, all good.",C8580,CURRENT_DRAW,PASS
LOG01448,Unit C 8587: +12V supply reading 12.23V — looks good.,C8587,POWER_RAIL_12V,PASS
LOG01449,Unit A-5028: current draw at idle reading 108.88mA.,A5028,CURRENT_DRAW,PASS
LOG01450,"Checked thermal soak reading on unit A0928, 39.0C, after reflow.",A0928,THERMAL,PASS
LOG01451,"Checked standby current on unit D5793, 101.77mA, within spec, second attempt.",D5793,CURRENT_DRAW,PASS
LOG01452,Unit D-6195: idle current draw reading 180.40mA (doesn't look right).,D6195,CURRENT_DRAW,FAIL
LOG01453,Unit D0060: 12v power check reading 12.15V.,D0060,POWER_RAIL_12V,PASS
LOG01454,C-2348 standby current measured 89.68mA — OK.,C2348,CURRENT_DRAW,PASS
LOG01455,board A3015 5V rail measured 4.78V — good reading.,A3015,POWER_RAIL_5V,PASS
LOG01456,"B-1876 - eye height CH3 3.22Vpp, per ECO-114.",B1876,SIGNAL_INTEGRITY,PASS
LOG01457,"A3762 - 12V rail 11.29V — reject, per ECO-114.",A3762,POWER_RAIL_12V,FAIL
LOG01458,unit D7000 +3.3V rail: 3.33 V.,D7000,POWER_RAIL_3V3,PASS
LOG01459,"Checked VDD_5V rail on board A7811, 5.03V, after reflow.",A7811,POWER_RAIL_5V,PASS
LOG01460,"D5737 cont check J7 measured 2.64Ohm, checks out.",D5737,CONTINUITY,PASS
LOG01461,unit A2978 signal amplitude CH2 measured 3.15Vpp (looks good).,A2978,SIGNAL_INTEGRITY,PASS
LOG01462,Unit C7935: standby current reading 50.00mA (all good).,C7935,CURRENT_DRAW,PASS
LOG01463,D-1629 thermal soak reading: 50.0 C.,D1629,THERMAL,PASS
LOG01464,board B4184 - EN_LINE continuity 7.15Ohm — failed.,B4184,CONTINUITY,FAIL
LOG01465,unit a8690: thermal soak reading reading 15.8c.,A8690,THERMAL,FAIL
LOG01466,"A 7330 - 12V rail 12.31V — good reading, shift B.",A7330,POWER_RAIL_12V,PASS
LOG01467,C 3602 VDD_12V rail: 12.17 V.,C3602,POWER_RAIL_12V,PASS
LOG01468,unit board d1802: +3.3v rail reading 3.28v.,D1802,POWER_RAIL_3V3,PASS
LOG01469,Unit board B7769: idle current draw reading 50.00mA.,B7769,CURRENT_DRAW,PASS
LOG01470,"b0803 - 12v rail 11.40v, second attempt.",B0803,POWER_RAIL_12V,PASS
LOG01471,"board C2473 case temp measured 32.3C, within spec.",C2473,THERMAL,PASS
LOG01472,"B-1036 thermal reading after burn-in: 63.1 C, reject.",B1036,THERMAL,FAIL
LOG01473,C4413 5v power check: 5.11 V.,C4413,POWER_RAIL_5V,PASS
LOG01474,"C 3088 VDD_5V rail: 4.88 V, looks good.",C3088,POWER_RAIL_5V,PASS
LOG01475,"unit b 5014: +5v supply reading 5.12v, good reading.",B5014,POWER_RAIL_5V,PASS
LOG01476,unit a3768 - 5v power check 5.07v (all good).,A3768,POWER_RAIL_5V,PASS
LOG01477,"Checked VDD_12V rail on B-5068, 12.03V — OK.",B5068,POWER_RAIL_12V,PASS
LOG01478,"Checked 12v power check on D4638, 11.69V.",D4638,POWER_RAIL_12V,PASS
LOG01479,unit C1547 signal amplitude CH2 measured 3.04Vpp — checks out.,C1547,SIGNAL_INTEGRITY,PASS
LOG01480,D4140 +12V supply measured 11.42V (passes).,D4140,POWER_RAIL_12V,PASS
LOG01481,"Unit board D7472: case temp reading 6.1C, flagged for rework.",D7472,THERMAL,FAIL
LOG01482,board D9294 quiescent current measured 33.77mA.,D9294,CURRENT_DRAW,FAIL
LOG01483,"unit D7027 - 12V rail 11.26V, after reflow.",D7027,POWER_RAIL_12V,FAIL
LOG01484,"Checked +12V supply on board B4004, 13.17V.",B4004,POWER_RAIL_12V,FAIL
LOG01485,board A7368 board temp after 10min soak: 33.7 C.,A7368,THERMAL,PASS
LOG01486,"board A7013 - 5V rail 5.02V, all good, shift B.",A7013,POWER_RAIL_5V,PASS
LOG01487,Unit board C8949: continuity on J4 reading 1.85Ohm (within spec).,C8949,CONTINUITY,PASS
LOG01488,A2677 +3.3V rail: 3.36 V (looks good).,A2677,POWER_RAIL_3V3,PASS
LOG01489,"board D1147 - 5v power check 5.07V — all good, after reflow.",D1147,POWER_RAIL_5V,PASS
LOG01490,B-1410 thermal soak reading measured 0.5C — out of spec.,B1410,THERMAL,FAIL
LOG01491,"A-8852 - CH1 signal check 2.80Vpp — looks good, second attempt.",A8852,SIGNAL_INTEGRITY,PASS
LOG01492,B-2099 3v3 supply measured 3.31V.,B2099,POWER_RAIL_3V3,PASS
LOG01493,"Checked 12v power check on unit D7725, 13.16V (doesn't look right), customer return unit.",D7725,POWER_RAIL_12V,FAIL
LOG01494,"B-9167 12V rail: 11.24 V, fails.",B9167,POWER_RAIL_12V,FAIL
LOG01495,unit unit a5217: thermal soak reading reading 39.3c — passes.,A5217,THERMAL,PASS
LOG01496,unit A4076 board temp after 10min soak: 15.8 C.,A4076,THERMAL,FAIL
LOG01497,Unit C8603: case temp reading 52.4C.,C8603,THERMAL,PASS
LOG01498,B-1696 VDD_12V rail: 12.77 V.,B1696,POWER_RAIL_12V,FAIL
LOG01499,"A-3398 VDD_3V3 rail measured 3.21V, passes.",A3398,POWER_RAIL_3V3,PASS
LOG01500,"D-5224 +3.3V rail: 3.35 V, good reading.",D5224,POWER_RAIL_3V3,PASS
LOG01501,board A1074 +12V supply measured 12.01V.,A1074,POWER_RAIL_12V,PASS
LOG01502,"checked 3v3 supply on b7693, 2.89v — out of spec, line 2.",B7693,POWER_RAIL_3V3,FAIL
LOG01503,"Checked scope reading CH4 on D 5994, 3.87Vpp, unit was reworked yesterday.",D5994,SIGNAL_INTEGRITY,FAIL
LOG01504,unit A4954 signal amplitude CH2 measured 3.12Vpp (OK).,A4954,SIGNAL_INTEGRITY,PASS
LOG01505,"Unit A 6551: 3.3V rail reading 3.24V, passes.",A6551,POWER_RAIL_3V3,PASS
LOG01506,"board D0783 - VDD_5V rail 4.38V (bad reading), second attempt.",D0783,POWER_RAIL_5V,FAIL
LOG01507,"Checked +12V supply on board B1922, 10.99V, fails, line 2.",B1922,POWER_RAIL_12V,FAIL
LOG01508,D5149 resistance check CLK measured 4.90Ohm — within spec.,D5149,CONTINUITY,PASS
LOG01509,"unit A2351 - thermal reading after burn-in 8.6C, retest after rework.",A2351,THERMAL,FAIL
LOG01510,"Checked standby current on C 4273, 84.24mA, OK, per ECO-114.",C4273,CURRENT_DRAW,PASS
LOG01511,board A2650 idle current draw measured 96.32mA (looks good).,A2650,CURRENT_DRAW,PASS
LOG01512,"Checked resistance check J4 on A1604, 5.91Ohm, customer return unit.",A1604,CONTINUITY,FAIL
LOG01513,Unit board A1179: thermal reading after burn-in reading 40.0C.,A1179,THERMAL,PASS
LOG01514,D-7271 scope reading CH3: 3.16 Vpp — nominal.,D7271,SIGNAL_INTEGRITY,PASS
LOG01515,"unit d9892 3.3v power check measured 3.42v, ok.",D9892,POWER_RAIL_3V3,PASS
LOG01516,Unit B2702: 5v power check reading 5.14V.,B2702,POWER_RAIL_5V,PASS
LOG01517,unit unit c1166: 3.3v power check reading 3.55v.,C1166,POWER_RAIL_3V3,FAIL
LOG01518,"unit D2898 - VDD_12V rail 11.76V (within spec), after reflow.",D2898,POWER_RAIL_12V,PASS
LOG01519,unit B1218 - idle current draw 90.08mA (within spec).,B1218,CURRENT_DRAW,PASS
LOG01520,"C 5971 - +3.3V rail 3.42V, retest after rework.",C5971,POWER_RAIL_3V3,PASS
LOG01521,Unit D-3518: VDD_5V rail reading 4.94V.,D3518,POWER_RAIL_5V,PASS
LOG01522,"Unit B 5140: board temp after 10min soak reading 44.8C, good reading.",B5140,THERMAL,PASS
LOG01523,B 8195 standby current measured 68.10mA.,B8195,CURRENT_DRAW,PASS
LOG01524,"D-6137 - VDD_5V rail 5.35V, unit was reworked yesterday.",D6137,POWER_RAIL_5V,FAIL
LOG01525,"c-6986 - quiescent current 85.68ma — all good, unit was reworked yesterday.",C6986,CURRENT_DRAW,PASS
LOG01526,D4999 signal amplitude CH3 measured 3.10Vpp.,D4999,SIGNAL_INTEGRITY,PASS
LOG01527,"Unit B6927: VDD_3V3 rail reading 3.28V, within spec.",B6927,POWER_RAIL_3V3,PASS
LOG01528,"unit B1676 - case temp 46.6C — checks out, retest after rework.",B1676,THERMAL,PASS
LOG01529,"Unit D-7866: scope reading CH4 reading 3.03Vpp, passes.",D7866,SIGNAL_INTEGRITY,PASS
LOG01530,unit D6053 VDD_12V rail measured 11.72V — good reading.,D6053,POWER_RAIL_12V,PASS
LOG01531,unit b1578 clk continuity measured 5.00ohm — passes.,B1578,CONTINUITY,PASS
LOG01532,b-8898 cont check reset measured 4.91ohm — ok.,B8898,CONTINUITY,PASS
LOG01533,unit C6452 eye height CH2 measured 3.68Vpp.,C6452,SIGNAL_INTEGRITY,FAIL
LOG01534,unit D6791 12V rail measured 13.06V — failed.,D6791,POWER_RAIL_12V,FAIL
LOG01535,"Unit D-0257: 5v power check reading 4.75V, looks good.",D0257,POWER_RAIL_5V,PASS
LOG01536,board C0046 5V rail measured 4.72V.,C0046,POWER_RAIL_5V,FAIL
LOG01537,"D-2431 - thermal reading after burn-in 42.0C, after reflow.",D2431,THERMAL,PASS
LOG01538,C-9507 idle current draw measured 21.48mA.,C9507,CURRENT_DRAW,FAIL
LOG01539,Unit B 8280: scope reading CH4 reading 3.60Vpp.,B8280,SIGNAL_INTEGRITY,PASS
LOG01540,C 1749 CH4 signal check: 3.10 Vpp (looks good).,C1749,SIGNAL_INTEGRITY,PASS
LOG01541,B 8580 +12V supply measured 12.60V.,B8580,POWER_RAIL_12V,PASS
LOG01542,A5053 12v power check measured 12.45V.,A5053,POWER_RAIL_12V,PASS
LOG01543,B5405 quiescent current: 111.25 mA.,B5405,CURRENT_DRAW,PASS
LOG01544,Unit C7603: scope reading CH4 reading 3.38Vpp.,C7603,SIGNAL_INTEGRITY,PASS
LOG01545,A-1210 +5V supply: 4.63 V.,A1210,POWER_RAIL_5V,FAIL
LOG01546,"Checked 3.3V rail on B9639, 3.11V — doesn't look right, second attempt.",B9639,POWER_RAIL_3V3,FAIL
LOG01547,unit b4083 cont check reset measured 2.96ohm (all good).,B4083,CONTINUITY,PASS
LOG01548,"Checked thermal soak reading on board A0896, 12.8C — bad reading, line 2.",A0896,THERMAL,FAIL
LOG01549,"Unit A 4700: 5V rail reading 5.25V, looks good.",A4700,POWER_RAIL_5V,PASS
LOG01550,"checked idle current draw on d0013, 73.20ma — passes, customer return unit.",D0013,CURRENT_DRAW,PASS
LOG01551,"Unit D-2821: VDD_5V rail reading 5.01V, looks good.",D2821,POWER_RAIL_5V,PASS
LOG01552,unit D9764 current draw at idle: 22.49 mA (flagged for rework).,D9764,CURRENT_DRAW,FAIL
LOG01553,Unit board A5364: VDD_12V rail reading 11.94V.,A5364,POWER_RAIL_12V,PASS
LOG01554,"Checked thermal soak reading on B 6093, 0.2C, line 2.",B6093,THERMAL,FAIL
LOG01555,D5824 cont check EN_LINE measured 0.00Ohm.,D5824,CONTINUITY,PASS
LOG01556,unit c 6726: 5v power check reading 5.15v.,C6726,POWER_RAIL_5V,PASS
LOG01557,"Checked VDD_12V rail on C6254, 11.79V — checks out, second attempt.",C6254,POWER_RAIL_12V,PASS
LOG01558,"checked 12v rail on a 7615, 10.76v — out of spec.",A7615,POWER_RAIL_12V,FAIL
LOG01559,"Checked VDD_12V rail on B-1677, 10.75V, failed, retest after rework.",B1677,POWER_RAIL_12V,FAIL
LOG01560,"unit A4270 VDD_5V rail: 5.10 V, passes.",A4270,POWER_RAIL_5V,PASS
LOG01561,C-0278 +5V supply measured 5.74V.,C0278,POWER_RAIL_5V,FAIL
LOG01562,C6530 - VDD_3V3 rail 3.41V.,C6530,POWER_RAIL_3V3,PASS
LOG01563,Unit D2672: case temp reading 34.1C (nominal).,D2672,THERMAL,PASS
LOG01564,"Checked VDD_5V rail on unit B8937, 4.93V, second attempt.",B8937,POWER_RAIL_5V,PASS
LOG01565,"D-5665 - +3.3V rail 3.28V, per ECO-114.",D5665,POWER_RAIL_3V3,PASS
LOG01566,unit D3220 3v3 supply measured 3.38V.,D3220,POWER_RAIL_3V3,PASS
LOG01567,A 1345 quiescent current: 191.28 mA.,A1345,CURRENT_DRAW,FAIL
LOG01568,"B-4562 3v3 supply measured 3.22V, all good.",B4562,POWER_RAIL_3V3,PASS
LOG01569,C2988 VDD_3V3 rail: 3.41 V (looks good).,C2988,POWER_RAIL_3V3,PASS
LOG01570,unit B7384 CH4 signal check measured 3.97Vpp.,B7384,SIGNAL_INTEGRITY,FAIL
LOG01571,"B 4190 - signal amplitude CH4 3.01Vpp — looks good, customer return unit.",B4190,SIGNAL_INTEGRITY,PASS
LOG01572,B3013 current draw at idle measured 91.76mA.,B3013,CURRENT_DRAW,PASS
LOG01573,"unit A6506 - case temp 44.2C — OK, unit was reworked yesterday.",A6506,THERMAL,PASS
LOG01574,C-0243 current draw at idle: 125.73 mA — passes.,C0243,CURRENT_DRAW,PASS
LOG01575,"D8250 - 12v power check 13.17V — reject, second attempt.",D8250,POWER_RAIL_12V,FAIL
LOG01576,"checked 12v rail on a 6765, 11.45v — passes, customer return unit.",A6765,POWER_RAIL_12V,PASS
LOG01577,A-9182 VDD_12V rail: 10.85 V — bad reading.,A9182,POWER_RAIL_12V,FAIL
LOG01578,"Unit D7901: VDD_12V rail reading 12.01V, all good.",D7901,POWER_RAIL_12V,PASS
LOG01579,"unit B4781 - VDD_5V rail 5.20V, nominal, per ECO-114.",B4781,POWER_RAIL_5V,PASS
LOG01580,Unit board B3265: signal amplitude CH1 reading 3.32Vpp.,B3265,SIGNAL_INTEGRITY,PASS
LOG01581,unit A9482 12V rail measured 11.88V.,A9482,POWER_RAIL_12V,PASS
LOG01582,"Checked cont check J4 on C-3214, 1.98Ohm, after reflow.",C3214,CONTINUITY,PASS
LOG01583,"board B2863 - VDD_3V3 rail 3.27V — within spec, per ECO-114.",B2863,POWER_RAIL_3V3,PASS
LOG01584,"unit C0514 - 5V rail 5.22V, nominal, after reflow.",C0514,POWER_RAIL_5V,PASS
LOG01585,"D5483 J4 continuity: 6.21 Ohm, no good.",D5483,CONTINUITY,FAIL
LOG01586,A9037 current draw at idle: 144.04 mA.,A9037,CURRENT_DRAW,PASS
LOG01587,C 4261 12V rail: 12.04 V.,C4261,POWER_RAIL_12V,PASS
LOG01588,"Unit board C1751: board temp after 10min soak reading 37.4C, good reading.",C1751,THERMAL,PASS
LOG01589,"board B5102 - signal amplitude CH2 3.20Vpp, retest after rework.",B5102,SIGNAL_INTEGRITY,PASS
LOG01590,D8356 +3.3V rail measured 3.16V — checks out.,D8356,POWER_RAIL_3V3,PASS
LOG01591,"board A1008 - cont check J7 1.30Ohm (checks out), after reflow.",A1008,CONTINUITY,PASS
LOG01592,c0959 +5v supply measured 4.30v.,C0959,POWER_RAIL_5V,FAIL
LOG01593,A-3256 +5V supply measured 5.42V (bad reading).,A3256,POWER_RAIL_5V,FAIL
LOG01594,unit d1665 scope reading ch3 measured 3.27vpp.,D1665,SIGNAL_INTEGRITY,PASS
LOG01595,board D9544 5V rail: 4.93 V — within spec.,D9544,POWER_RAIL_5V,PASS
LOG01596,"A-6806 - current draw at idle 80.94mA, unit was reworked yesterday.",A6806,CURRENT_DRAW,PASS
LOG01597,"Checked idle current draw on D-3344, 68.31mA, shift B.",D3344,CURRENT_DRAW,PASS
LOG01598,"D-6580 resistance check CLK: 3.27 Ohm, OK.",D6580,CONTINUITY,PASS
LOG01599,"checked 3v3 supply on b 8239, 3.41v.",B8239,POWER_RAIL_3V3,PASS
LOG01600,"Checked current draw at idle on board B7802, 67.65mA (checks out), retest after rework.",B7802,CURRENT_DRAW,PASS
LOG01601,unit b6958 vdd_12v rail: 11.40 v — good reading.,B6958,POWER_RAIL_12V,PASS
LOG01602,Unit board C9609: standby current reading 124.18mA.,C9609,CURRENT_DRAW,PASS
LOG01603,unit c4569 thermal reading after burn-in: 39.8 c.,C4569,THERMAL,PASS
LOG01604,D-1782 resistance check J4 measured 2.39Ohm.,D1782,CONTINUITY,PASS
LOG01605,board B1518 3.3v power check: 3.46 V.,B1518,POWER_RAIL_3V3,PASS
LOG01606,"board A3817 - 3v3 supply 3.04V (flagged for rework), customer return unit.",A3817,POWER_RAIL_3V3,FAIL
LOG01607,"Checked VDD_12V rail on unit A9684, 12.21V, good reading, customer return unit.",A9684,POWER_RAIL_12V,PASS
LOG01608,"C-8759 - case temp 49.2C — within spec, customer return unit.",C8759,THERMAL,PASS
LOG01609,Unit B8275: thermal reading after burn-in reading 28.1C — within spec.,B8275,THERMAL,PASS
LOG01610,"C-3234 scope reading CH4 measured 3.24Vpp, looks good.",C3234,SIGNAL_INTEGRITY,PASS
LOG01611,board B1601 3v3 supply: 3.38 V — looks good.,B1601,POWER_RAIL_3V3,PASS
LOG01612,board A0170 - thermal soak reading 20.0C (all good).,A0170,THERMAL,PASS
LOG01613,"Unit C3858: 5v power check reading 4.88V, looks good.",C3858,POWER_RAIL_5V,PASS
LOG01614,Unit board A1983: 5V rail reading 4.75V.,A1983,POWER_RAIL_5V,PASS
LOG01615,"Checked current draw at idle on board A9050, 93.78mA, all good, shift B.",A9050,CURRENT_DRAW,PASS
LOG01616,"Checked VDD_3V3 rail on unit D3604, 3.13V, line 2.",D3604,POWER_RAIL_3V3,PASS
LOG01617,"Checked board temp after 10min soak on board A8597, 73.6C, fails, unit was reworked yesterday.",A8597,THERMAL,FAIL
LOG01618,unit D1645 cont check RESET measured 3.39Ohm.,D1645,CONTINUITY,PASS
LOG01619,B-4000 board temp after 10min soak measured 39.6C.,B4000,THERMAL,PASS
LOG01620,"unit D9511 - board temp after 10min soak 55.0C, unit was reworked yesterday.",D9511,THERMAL,PASS
LOG01621,B3006 signal amplitude CH2: 3.46 Vpp.,B3006,SIGNAL_INTEGRITY,PASS
LOG01622,"A 7616 - continuity on J4 7.18Ohm, bad reading.",A7616,CONTINUITY,FAIL
LOG01623,"Unit board B5919: case temp reading 23.2C, all good.",B5919,THERMAL,PASS
LOG01624,"Checked thermal reading after burn-in on C 5936, 7.5C — doesn't look right, after reflow.",C5936,THERMAL,FAIL
LOG01625,"A 7981 - VDD_12V rail 13.10V, line 2.",A7981,POWER_RAIL_12V,FAIL
LOG01626,"Checked CH4 signal check on C3040, 4.06Vpp — fails, retest after rework.",C3040,SIGNAL_INTEGRITY,FAIL
LOG01627,"Checked board temp after 10min soak on unit D0423, 54.0C, retest after rework.",D0423,THERMAL,PASS
LOG01628,D 1297 standby current measured 101.20mA — passes.,D1297,CURRENT_DRAW,PASS
LOG01629,"D-2081 - case temp 35.9C, good reading, shift B.",D2081,THERMAL,PASS
LOG01630,"unit B1387 - scope reading CH3 3.08Vpp (within spec), after reflow.",B1387,SIGNAL_INTEGRITY,PASS
LOG01631,"Checked +5V supply on B6048, 4.94V, unit was reworked yesterday.",B6048,POWER_RAIL_5V,PASS
LOG01632,board B8944 VDD_3V3 rail measured 3.36V — looks good.,B8944,POWER_RAIL_3V3,PASS
LOG01633,"D8431 5v power check measured 5.13V, nominal.",D8431,POWER_RAIL_5V,PASS
LOG01634,"Checked RESET continuity on D 1537, 7.16Ohm, unit was reworked yesterday.",D1537,CONTINUITY,FAIL
LOG01635,unit B3445 cont check CLK measured 6.32Ohm.,B3445,CONTINUITY,FAIL
LOG01636,"Unit unit A9365: board temp after 10min soak reading 32.1C, checks out.",A9365,THERMAL,PASS
LOG01637,"board A4997 +12V supply measured 10.68V, flagged for rework.",A4997,POWER_RAIL_12V,FAIL
LOG01638,"Unit board C9958: current draw at idle reading 78.02mA, checks out.",C9958,CURRENT_DRAW,PASS
LOG01639,"C 8846 - +12V supply 13.04V, retest after rework.",C8846,POWER_RAIL_12V,FAIL
LOG01640,"checked eye height ch1 on b 3426, 3.99vpp, out of spec, unit was reworked yesterday.",B3426,SIGNAL_INTEGRITY,FAIL
LOG01641,Unit unit A7881: CH4 signal check reading 2.34Vpp.,A7881,SIGNAL_INTEGRITY,FAIL
LOG01642,"D-1569 - case temp 37.3C (passes), retest after rework.",D1569,THERMAL,PASS
LOG01643,unit d-0706: j12 continuity reading 3.97ohm.,D0706,CONTINUITY,PASS
LOG01644,Unit B-1583: VDD_5V rail reading 4.89V.,B1583,POWER_RAIL_5V,PASS
LOG01645,B-7015 standby current: 85.19 mA — all good.,B7015,CURRENT_DRAW,PASS
LOG01646,"Checked thermal soak reading on A-8401, 7.5C, failed, customer return unit.",A8401,THERMAL,FAIL
LOG01647,"D-7111 - resistance check J7 1.03Ohm (looks good), unit was reworked yesterday.",D7111,CONTINUITY,PASS
LOG01648,"Checked standby current on B 4480, 204.18mA, per ECO-114.",B4480,CURRENT_DRAW,FAIL
LOG01649,Unit unit B2583: idle current draw reading 133.56mA.,B2583,CURRENT_DRAW,PASS
LOG01650,"Checked thermal soak reading on unit B5216, 21.0C, after reflow.",B5216,THERMAL,PASS
LOG01651,"Checked 12v power check on C 7414, 11.52V.",C7414,POWER_RAIL_12V,PASS
LOG01652,board C8280 12v power check: 12.12 V.,C8280,POWER_RAIL_12V,PASS
LOG01653,unit D4812 3.3V rail measured 3.10V.,D4812,POWER_RAIL_3V3,FAIL
LOG01654,Unit D-1058: 3.3V rail reading 3.21V (all good).,D1058,POWER_RAIL_3V3,PASS
LOG01655,"Checked 12V rail on board C5594, 13.09V, per ECO-114.",C5594,POWER_RAIL_12V,FAIL
LOG01656,"Unit D 2707: cont check RESET reading 2.77Ohm, passes.",D2707,CONTINUITY,PASS
LOG01657,"board B3328 3.3V rail measured 3.43V, nominal.",B3328,POWER_RAIL_3V3,PASS
LOG01658,"Checked 12V rail on C-6225, 12.68V, customer return unit.",C6225,POWER_RAIL_12V,FAIL
LOG01659,Unit B 9062: standby current reading 121.81mA.,B9062,CURRENT_DRAW,PASS
LOG01660,"unit a8482 - resistance check reset 5.00ohm — all good, second attempt.",A8482,CONTINUITY,PASS
LOG01661,"D-3031 - continuity on J7 1.39Ohm, nominal, retest after rework.",D3031,CONTINUITY,PASS
LOG01662,unit D3383 cont check EN_LINE: 0.18 Ohm (looks good).,D3383,CONTINUITY,PASS
LOG01663,"unit C4717 VDD_5V rail measured 4.75V, good reading.",C4717,POWER_RAIL_5V,PASS
LOG01664,A-3658 VDD_5V rail: 5.67 V.,A3658,POWER_RAIL_5V,FAIL
LOG01665,B 9359 resistance check J12: 5.39 Ohm.,B9359,CONTINUITY,FAIL
LOG01666,"Checked current draw at idle on board D5321, 50.00mA (nominal), line 2.",D5321,CURRENT_DRAW,PASS
LOG01667,"Checked eye height CH2 on D 6160, 3.76Vpp (doesn't look right), line 2.",D6160,SIGNAL_INTEGRITY,FAIL
LOG01668,"Unit C 8379: eye height CH1 reading 2.80Vpp, checks out.",C8379,SIGNAL_INTEGRITY,PASS
LOG01669,A-7920 12v power check: 12.70 V.,A7920,POWER_RAIL_12V,FAIL
LOG01670,"Checked resistance check EN_LINE on A 2127, 3.36Ohm (checks out), line 2.",A2127,CONTINUITY,PASS
LOG01671,A-9557 5v power check: 5.30 V.,A9557,POWER_RAIL_5V,FAIL
LOG01672,C8776 3.3v power check measured 3.35V.,C8776,POWER_RAIL_3V3,PASS
LOG01673,Unit B 0370: J4 continuity reading 7.87Ohm.,B0370,CONTINUITY,FAIL
LOG01674,"unit a2856: 5v power check reading 4.35v, reject.",A2856,POWER_RAIL_5V,FAIL
LOG01675,"unit C8196 - thermal reading after burn-in 40.5C, nominal, per ECO-114.",C8196,THERMAL,PASS
LOG01676,A5573 VDD_5V rail: 5.25 V.,A5573,POWER_RAIL_5V,PASS
LOG01677,"Checked 3.3v power check on D-5407, 3.24V — OK, retest after rework.",D5407,POWER_RAIL_3V3,PASS
LOG01678,unit D6794 current draw at idle measured 184.61mA.,D6794,CURRENT_DRAW,FAIL
LOG01679,"Checked quiescent current on board D6365, 164.58mA — failed, per ECO-114.",D6365,CURRENT_DRAW,FAIL
LOG01680,"C3580 - idle current draw 121.69mA, nominal, unit was reworked yesterday.",C3580,CURRENT_DRAW,PASS
LOG01681,board A3648 12V rail: 10.76 V.,A3648,POWER_RAIL_12V,FAIL
LOG01682,c 5380 12v rail: 11.71 v (checks out).,C5380,POWER_RAIL_12V,PASS
LOG01683,"Checked VDD_12V rail on unit A4826, 11.90V, nominal, retest after rework.",A4826,POWER_RAIL_12V,PASS
LOG01684,unit C7522 case temp measured 41.4C (all good).,C7522,THERMAL,PASS
LOG01685,unit A6186 12V rail measured 11.19V — no good.,A6186,POWER_RAIL_12V,FAIL
LOG01686,"Unit board D1183: resistance check RESET reading 1.96Ohm, within spec.",D1183,CONTINUITY,PASS
LOG01687,A2676 thermal soak reading: 73.4 C.,A2676,THERMAL,FAIL
LOG01688,A-1261 +3.3V rail: 2.65 V — reject.,A1261,POWER_RAIL_3V3,FAIL
LOG01689,"Checked resistance check EN_LINE on unit B1843, 7.66Ohm, unit was reworked yesterday.",B1843,CONTINUITY,FAIL
LOG01690,"D 5331 - signal amplitude CH3 3.37Vpp (within spec), after reflow.",D5331,SIGNAL_INTEGRITY,PASS
LOG01691,"board B3569 scope reading CH2 measured 2.74Vpp, reject.",B3569,SIGNAL_INTEGRITY,FAIL
LOG01692,"Checked thermal soak reading on board B6723, 35.0C (OK), second attempt.",B6723,THERMAL,PASS
LOG01693,D-8980 5v power check: 5.07 V.,D8980,POWER_RAIL_5V,PASS
LOG01694,C-0522 signal amplitude CH1 measured 3.49Vpp (checks out).,C0522,SIGNAL_INTEGRITY,PASS
LOG01695,unit D1851 eye height CH2: 2.66 Vpp.,D1851,SIGNAL_INTEGRITY,FAIL
LOG01696,b-9546 scope reading ch4: 3.43 vpp.,B9546,SIGNAL_INTEGRITY,PASS
LOG01697,d-9027 quiescent current: 133.71 ma.,D9027,CURRENT_DRAW,PASS
LOG01698,"Checked thermal soak reading on board D3367, 20.6C, customer return unit.",D3367,THERMAL,PASS
LOG01699,board D4020 - eye height CH2 2.50Vpp — out of spec.,D4020,SIGNAL_INTEGRITY,FAIL
LOG01700,"C-4002 - standby current 83.66mA, shift B.",C4002,CURRENT_DRAW,PASS
LOG01701,"unit A3263 - 3.3V rail 3.18V — all good, second attempt.",A3263,POWER_RAIL_3V3,PASS
LOG01702,"Checked thermal reading after burn-in on board B7828, 9.2C, unit was reworked yesterday.",B7828,THERMAL,FAIL
LOG01703,"Checked +5V supply on unit B8158, 5.10V (checks out), after reflow.",B8158,POWER_RAIL_5V,PASS
LOG01704,Unit unit D2402: 5v power check reading 5.02V — all good.,D2402,POWER_RAIL_5V,PASS
LOG01705,unit A6213 3.3v power check measured 3.28V.,A6213,POWER_RAIL_3V3,PASS
LOG01706,"checked signal amplitude ch3 on board d6832, 3.94vpp, customer return unit.",D6832,SIGNAL_INTEGRITY,FAIL
LOG01707,A-2984 - thermal soak reading 51.6C — good reading.,A2984,THERMAL,PASS
LOG01708,Unit A-2115: thermal reading after burn-in reading 15.3C.,A2115,THERMAL,FAIL
LOG01709,board D8203 3v3 supply: 3.24 V.,D8203,POWER_RAIL_3V3,PASS
LOG01710,unit c 5025: thermal reading after burn-in reading 45.6c — all good.,C5025,THERMAL,PASS
LOG01711,"Checked +3.3V rail on B7411, 3.81V, second attempt.",B7411,POWER_RAIL_3V3,FAIL
LOG01712,B7293 12v power check measured 13.18V.,B7293,POWER_RAIL_12V,FAIL
LOG01713,"d-1816 idle current draw: 31.74 ma, failed.",D1816,CURRENT_DRAW,FAIL
LOG01714,"Checked +3.3V rail on B-3232, 3.27V, line 2.",B3232,POWER_RAIL_3V3,PASS
LOG01715,"Checked +12V supply on C 1290, 12.04V.",C1290,POWER_RAIL_12V,PASS
LOG01716,unit C1983 scope reading CH3: 3.30 Vpp (OK).,C1983,SIGNAL_INTEGRITY,PASS
LOG01717,d-2295 current draw at idle: 201.70 ma.,D2295,CURRENT_DRAW,FAIL
LOG01718,"unit b4375 - +12v supply 12.09v, nominal, per eco-114.",B4375,POWER_RAIL_12V,PASS
LOG01719,A-9818 12v power check measured 11.91V.,A9818,POWER_RAIL_12V,PASS
LOG01720,C8108 eye height CH4 measured 2.66Vpp.,C8108,SIGNAL_INTEGRITY,FAIL
LOG01721,"unit C4331 - idle current draw 66.69mA, per ECO-114.",C4331,CURRENT_DRAW,PASS
LOG01722,"Checked case temp on A-2858, 29.7C.",A2858,THERMAL,PASS
LOG01723,Unit A8608: case temp reading 20.0C (checks out).,A8608,THERMAL,PASS
LOG01724,"C7904 12v power check measured 11.58V, OK.",C7904,POWER_RAIL_12V,PASS
LOG01725,"Unit A6454: quiescent current reading 89.55mA, all good.",A6454,CURRENT_DRAW,PASS
LOG01726,"Checked 3.3v power check on C-8642, 2.81V, line 2.",C8642,POWER_RAIL_3V3,FAIL
LOG01727,board D1041 - +12V supply 11.79V.,D1041,POWER_RAIL_12V,PASS
LOG01728,B-7006 - 3.3V rail 3.29V.,B7006,POWER_RAIL_3V3,PASS
LOG01729,"D0926 - thermal soak reading 32.2C (looks good), customer return unit.",D0926,THERMAL,PASS
LOG01730,board B9169 12V rail measured 10.94V.,B9169,POWER_RAIL_12V,FAIL
LOG01731,unit C5533 idle current draw measured 115.26mA (OK).,C5533,CURRENT_DRAW,PASS
LOG01732,unit d9493: +5v supply reading 5.25v.,D9493,POWER_RAIL_5V,PASS
LOG01733,"Checked CH2 signal check on board C0865, 3.26Vpp (passes), retest after rework.",C0865,SIGNAL_INTEGRITY,PASS
LOG01734,unit D8288 scope reading CH2: 2.93 Vpp (all good).,D8288,SIGNAL_INTEGRITY,PASS
LOG01735,unit b3343 5v rail: 4.99 v.,B3343,POWER_RAIL_5V,PASS
LOG01736,d5352 current draw at idle: 100.99 ma — ok.,D5352,CURRENT_DRAW,PASS
LOG01737,board B9323 idle current draw: 131.57 mA (nominal).,B9323,CURRENT_DRAW,PASS
LOG01738,"unit D0055 - +3.3V rail 3.21V, per ECO-114.",D0055,POWER_RAIL_3V3,PASS
LOG01739,"Checked cont check CLK on unit A0331, 3.64Ohm (looks good), second attempt.",A0331,CONTINUITY,PASS
LOG01740,Unit D 7902: idle current draw reading 103.74mA (good reading).,D7902,CURRENT_DRAW,PASS
LOG01741,"c-6065 - 3.3v power check 3.22v — nominal, unit was reworked yesterday.",C6065,POWER_RAIL_3V3,PASS
LOG01742,D5872 scope reading CH2: 3.60 Vpp (passes).,D5872,SIGNAL_INTEGRITY,PASS
LOG01743,Unit B-5699: 5V rail reading 4.85V.,B5699,POWER_RAIL_5V,PASS
LOG01744,unit A8937 scope reading CH3 measured 3.52Vpp.,A8937,SIGNAL_INTEGRITY,PASS
LOG01745,"unit B3280 - 5v power check 5.16V — all good, retest after rework.",B3280,POWER_RAIL_5V,PASS
LOG01746,"C-7769 VDD_5V rail: 4.92 V, within spec.",C7769,POWER_RAIL_5V,PASS
LOG01747,"board C6118 - thermal soak reading 1.8C — no good, shift B.",C6118,THERMAL,FAIL
LOG01748,"C5775 - 12v power check 12.16V (all good), after reflow.",C5775,POWER_RAIL_12V,PASS
LOG01749,"checked resistance check j4 on unit b8690, 1.48ohm — ok.",B8690,CONTINUITY,PASS
LOG01750,"B 7646 continuity on J12 measured 5.28Ohm, no good.",B7646,CONTINUITY,FAIL
LOG01751,unit d 9962: cont check reset reading 6.51ohm (no good).,D9962,CONTINUITY,FAIL
LOG01752,Unit board B6020: standby current reading 115.62mA — within spec.,B6020,CURRENT_DRAW,PASS
LOG01753,"C 0108 - eye height CH2 3.60Vpp, line 2.",C0108,SIGNAL_INTEGRITY,PASS
LOG01754,"board B6791 +12V supply: 12.60 V, good reading.",B6791,POWER_RAIL_12V,PASS
LOG01755,"Checked resistance check J12 on A1050, 4.15Ohm, good reading, line 2.",A1050,CONTINUITY,PASS
LOG01756,"board B0952 VDD_12V rail measured 12.35V, looks good.",B0952,POWER_RAIL_12V,PASS
LOG01757,Unit board A0911: 3v3 supply reading 3.39V — good reading.,A0911,POWER_RAIL_3V3,PASS
LOG01758,Unit C7055: +3.3V rail reading 2.75V (reject).,C7055,POWER_RAIL_3V3,FAIL
LOG01759,"Checked eye height CH4 on B4177, 2.65Vpp, bad reading, after reflow.",B4177,SIGNAL_INTEGRITY,FAIL
LOG01760,"board B4964 - VDD_5V rail 5.63V (no good), after reflow.",B4964,POWER_RAIL_5V,FAIL
LOG01761,"Checked signal amplitude CH2 on B-6050, 3.16Vpp.",B6050,SIGNAL_INTEGRITY,PASS
LOG01762,Unit board A8480: case temp reading 63.4C — flagged for rework.,A8480,THERMAL,FAIL
LOG01763,D-9268 3v3 supply: 3.21 V.,D9268,POWER_RAIL_3V3,PASS
LOG01764,Unit board B9535: +3.3V rail reading 3.04V — no good.,B9535,POWER_RAIL_3V3,FAIL
LOG01765,"Checked +5V supply on D-7971, 4.97V, after reflow.",D7971,POWER_RAIL_5V,PASS
LOG01766,"Checked 12v power check on D 8155, 13.10V, fails, customer return unit.",D8155,POWER_RAIL_12V,FAIL
LOG01767,"checked 12v rail on d-9973, 11.67v, after reflow.",D9973,POWER_RAIL_12V,PASS
LOG01768,"D-4076 - standby current 87.43mA, looks good, after reflow.",D4076,CURRENT_DRAW,PASS
LOG01769,unit A9556 - continuity on EN_LINE 2.21Ohm.,A9556,CONTINUITY,PASS
LOG01770,"Checked 3v3 supply on unit D9938, 3.88V, bad reading.",D9938,POWER_RAIL_3V3,FAIL
LOG01771,"unit D8282 EN_LINE continuity: 2.16 Ohm, all good.",D8282,CONTINUITY,PASS
LOG01772,"checked current draw at idle on b6255, 123.86ma, per eco-114.",B6255,CURRENT_DRAW,PASS
LOG01773,"Checked scope reading CH4 on board B3843, 3.33Vpp — good reading, retest after rework.",B3843,SIGNAL_INTEGRITY,PASS
LOG01774,C-8072 5v power check measured 4.99V.,C8072,POWER_RAIL_5V,PASS
LOG01775,A-2196 current draw at idle measured 77.67mA (all good).,A2196,CURRENT_DRAW,PASS
LOG01776,"Checked VDD_3V3 rail on C 8852, 3.46V, second attempt.",C8852,POWER_RAIL_3V3,PASS
LOG01777,"Unit board A0654: VDD_12V rail reading 10.99V, bad reading.",A0654,POWER_RAIL_12V,FAIL
LOG01778,unit unit a4976: vdd_5v rail reading 4.46v — failed.,A4976,POWER_RAIL_5V,FAIL
LOG01779,"Checked signal amplitude CH1 on board A5643, 3.90Vpp, no good, retest after rework.",A5643,SIGNAL_INTEGRITY,FAIL
LOG01780,Unit B3612: continuity on RESET reading 3.22Ohm.,B3612,CONTINUITY,PASS
LOG01781,"Checked 12V rail on unit A8359, 12.60V, unit was reworked yesterday.",A8359,POWER_RAIL_12V,PASS
LOG01782,Unit B7979: idle current draw reading 96.18mA — OK.,B7979,CURRENT_DRAW,PASS
LOG01783,"b-1083 - resistance check j12 3.09ohm (ok), retest after rework.",B1083,CONTINUITY,PASS
LOG01784,A-5624 signal amplitude CH1: 2.74 Vpp (no good).,A5624,SIGNAL_INTEGRITY,FAIL
LOG01785,Unit board D8194: thermal reading after burn-in reading 32.0C — within spec.,D8194,THERMAL,PASS
LOG01786,"Unit unit B8675: quiescent current reading 99.69mA, within spec.",B8675,CURRENT_DRAW,PASS
LOG01787,unit B2175 3.3v power check: 3.25 V.,B2175,POWER_RAIL_3V3,PASS
LOG01788,unit board d0351: board temp after 10min soak reading 6.3c (doesn't look right).,D0351,THERMAL,FAIL
LOG01789,"Checked eye height CH2 on board B6468, 3.38Vpp — passes, customer return unit.",B6468,SIGNAL_INTEGRITY,PASS
LOG01790,"board B6550 VDD_12V rail measured 11.95V, all good.",B6550,POWER_RAIL_12V,PASS
LOG01791,C-0905 case temp measured 31.6C.,C0905,THERMAL,PASS
LOG01792,D-2943 +3.3V rail measured 3.87V (failed).,D2943,POWER_RAIL_3V3,FAIL
LOG01793,Unit board A4930: quiescent current reading 123.74mA (within spec).,A4930,CURRENT_DRAW,PASS
LOG01794,B 0189 +12V supply measured 12.04V — checks out.,B0189,POWER_RAIL_12V,PASS
LOG01795,"Checked cont check J7 on board D9784, 0.89Ohm, second attempt.",D9784,CONTINUITY,PASS
LOG01796,unit D7447 cont check J7 measured 5.59Ohm.,D7447,CONTINUITY,FAIL
LOG01797,A9082 5V rail measured 4.38V.,A9082,POWER_RAIL_5V,FAIL
LOG01798,C0785 standby current: 143.60 mA — OK.,C0785,CURRENT_DRAW,PASS
LOG01799,Unit unit A0620: 5V rail reading 4.98V.,A0620,POWER_RAIL_5V,PASS
LOG01800,board B4158 thermal soak reading measured 21.8C.,B4158,THERMAL,PASS
LOG01801,a3116 vdd_12v rail: 12.88 v.,A3116,POWER_RAIL_12V,FAIL
LOG01802,"unit b 8428: 5v power check reading 4.98v, nominal.",B8428,POWER_RAIL_5V,PASS
LOG01803,"Checked 5V rail on C 5508, 4.98V (checks out), line 2.",C5508,POWER_RAIL_5V,PASS
LOG01804,"board B4611 +5V supply: 4.52 V, fails.",B4611,POWER_RAIL_5V,FAIL
LOG01805,A-5026 3.3v power check: 3.31 V.,A5026,POWER_RAIL_3V3,PASS
LOG01806,A-6828 CH3 signal check: 3.17 Vpp.,A6828,SIGNAL_INTEGRITY,PASS
LOG01807,unit C3270 12v power check measured 10.72V (reject).,C3270,POWER_RAIL_12V,FAIL
LOG01808,"unit D2353 - resistance check J4 2.89Ohm, per ECO-114.",D2353,CONTINUITY,PASS
LOG01809,Unit A 6553: 12V rail reading 11.40V (good reading).,A6553,POWER_RAIL_12V,PASS
LOG01810,"Checked +5V supply on D 2677, 4.27V — out of spec, shift B.",D2677,POWER_RAIL_5V,FAIL
LOG01811,"Checked signal amplitude CH4 on D-1391, 3.03Vpp (OK), after reflow.",D1391,SIGNAL_INTEGRITY,PASS
LOG01812,"Unit unit A7800: continuity on J4 reading 3.70Ohm, checks out.",A7800,CONTINUITY,PASS
LOG01813,unit A0970 5V rail measured 4.98V.,A0970,POWER_RAIL_5V,PASS
LOG01814,"board C8032 - signal amplitude CH2 3.43Vpp — nominal, line 2.",C8032,SIGNAL_INTEGRITY,PASS
LOG01815,Unit A 7002: quiescent current reading 132.28mA.,A7002,CURRENT_DRAW,PASS
LOG01816,Unit board B5551: scope reading CH1 reading 2.61Vpp.,B5551,SIGNAL_INTEGRITY,FAIL
LOG01817,"checked thermal reading after burn-in on d 8762, 20.0c, shift b.",D8762,THERMAL,PASS
LOG01818,"Checked signal amplitude CH3 on A0432, 2.35Vpp, failed, retest after rework.",A0432,SIGNAL_INTEGRITY,FAIL
LOG01819,unit A3193 case temp measured 33.1C — OK.,A3193,THERMAL,PASS
LOG01820,"Unit unit C5458: 3.3V rail reading 3.38V, passes.",C5458,POWER_RAIL_3V3,PASS
LOG01821,"Checked quiescent current on D4138, 104.75mA, after reflow.",D4138,CURRENT_DRAW,PASS
LOG01822,"Checked continuity on EN_LINE on unit B3056, 4.46Ohm — good reading.",B3056,CONTINUITY,PASS
LOG01823,Unit C9817: EN_LINE continuity reading 4.04Ohm.,C9817,CONTINUITY,PASS
LOG01824,"Checked resistance check J4 on B-4009, 1.12Ohm, shift B.",B4009,CONTINUITY,PASS
LOG01825,"A 3122 - 3v3 supply 3.24V, line 2.",A3122,POWER_RAIL_3V3,PASS
LOG01826,"D 7754 - 12V rail 10.72V — fails, after reflow.",D7754,POWER_RAIL_12V,FAIL
LOG01827,"B 3887 - J7 continuity 1.79Ohm, retest after rework.",B3887,CONTINUITY,PASS
LOG01828,"C 4278 - standby current 175.78mA, per ECO-114.",C4278,CURRENT_DRAW,FAIL
LOG01829,"Checked thermal reading after burn-in on board C9625, 46.8C, after reflow.",C9625,THERMAL,PASS
LOG01830,C 8053 cont check J4: 7.23 Ohm — fails.,C8053,CONTINUITY,FAIL
LOG01831,unit D5732 thermal reading after burn-in: 41.4 C — passes.,D5732,THERMAL,PASS
LOG01832,"Checked 3.3V rail on A 6250, 2.73V — flagged for rework, per ECO-114.",A6250,POWER_RAIL_3V3,FAIL
LOG01833,"board A6821 case temp measured 55.0C, looks good.",A6821,THERMAL,PASS
LOG01834,"unit D6831 - thermal reading after burn-in 23.6C, unit was reworked yesterday.",D6831,THERMAL,PASS
LOG01835,"Checked signal amplitude CH3 on C5518, 3.01Vpp — OK.",C5518,SIGNAL_INTEGRITY,PASS
LOG01836,Unit D-8755: signal amplitude CH2 reading 3.48Vpp.,D8755,SIGNAL_INTEGRITY,PASS
LOG01837,"board A7767 - +5V supply 5.20V, customer return unit.",A7767,POWER_RAIL_5V,PASS
LOG01838,Unit board C7545: case temp reading 38.6C.,C7545,THERMAL,PASS
LOG01839,"Checked +3.3V rail on B-4170, 3.25V — good reading, second attempt.",B4170,POWER_RAIL_3V3,PASS
LOG01840,D-6182 J12 continuity: 1.91 Ohm.,D6182,CONTINUITY,PASS
LOG01841,"D 6798 - 3.3v power check 3.34V, second attempt.",D6798,POWER_RAIL_3V3,PASS
LOG01842,unit C5712 VDD_5V rail: 4.95 V — nominal.,C5712,POWER_RAIL_5V,PASS
LOG01843,"Checked VDD_3V3 rail on A 1651, 3.25V (all good), unit was reworked yesterday.",A1651,POWER_RAIL_3V3,PASS
LOG01844,B2202 VDD_3V3 rail: 3.35 V (checks out).,B2202,POWER_RAIL_3V3,PASS
LOG01845,"Checked VDD_5V rail on C4383, 5.05V, shift B.",C4383,POWER_RAIL_5V,PASS
LOG01846,unit A3948 J7 continuity: 0.00 Ohm.,A3948,CONTINUITY,PASS
LOG01847,"Checked current draw at idle on A-5718, 129.44mA — checks out, retest after rework.",A5718,CURRENT_DRAW,PASS
LOG01848,"A0999 - CLK continuity 1.39Ohm — OK, unit was reworked yesterday.",A0999,CONTINUITY,PASS
LOG01849,D 3224 3.3v power check: 3.59 V.,D3224,POWER_RAIL_3V3,FAIL
LOG01850,unit c9627 vdd_5v rail: 4.92 v.,C9627,POWER_RAIL_5V,PASS
LOG01851,board D5365 standby current measured 125.98mA.,D5365,CURRENT_DRAW,PASS
LOG01852,C3937 12V rail measured 12.89V.,C3937,POWER_RAIL_12V,FAIL
LOG01853,"Checked resistance check J7 on C-0635, 1.84Ohm — nominal.",C0635,CONTINUITY,PASS
LOG01854,b 0058 vdd_12v rail: 12.11 v (within spec).,B0058,POWER_RAIL_12V,PASS
LOG01855,unit c2676 idle current draw measured 128.53ma — checks out.,C2676,CURRENT_DRAW,PASS
LOG01856,Unit C2153: +12V supply reading 11.40V (nominal).,C2153,POWER_RAIL_12V,PASS
LOG01857,"d1287 vdd_12v rail measured 13.28v, fails.",D1287,POWER_RAIL_12V,FAIL
LOG01858,"checked ch4 signal check on b 4289, 3.90vpp, unit was reworked yesterday.",B4289,SIGNAL_INTEGRITY,FAIL
LOG01859,"D6552 - eye height CH4 3.03Vpp (checks out), after reflow.",D6552,SIGNAL_INTEGRITY,PASS
LOG01860,"Checked CH2 signal check on D7277, 3.13Vpp — passes, shift B.",D7277,SIGNAL_INTEGRITY,PASS
LOG01861,Unit unit B7185: 12V rail reading 11.98V.,B7185,POWER_RAIL_12V,PASS
LOG01862,C1938 standby current measured 147.23mA.,C1938,CURRENT_DRAW,PASS
LOG01863,B 0835 case temp measured 42.0C — OK.,B0835,THERMAL,PASS
LOG01864,"checked resistance check en_line on unit d1806, 2.26ohm (nominal).",D1806,CONTINUITY,PASS
LOG01865,C 1211 VDD_3V3 rail measured 2.69V.,C1211,POWER_RAIL_3V3,FAIL
LOG01866,A-9153 3v3 supply measured 3.28V.,A9153,POWER_RAIL_3V3,PASS
LOG01867,Unit unit D9430: standby current reading 108.96mA.,D9430,CURRENT_DRAW,PASS
LOG01868,C-6775 3.3v power check measured 3.36V.,C6775,POWER_RAIL_3V3,PASS
LOG01869,A-9730 idle current draw measured 97.52mA.,A9730,CURRENT_DRAW,PASS
LOG01870,"checked signal amplitude ch4 on b4908, 2.89vpp — good reading.",B4908,SIGNAL_INTEGRITY,PASS
LOG01871,A 3757 scope reading CH3: 3.08 Vpp.,A3757,SIGNAL_INTEGRITY,PASS
LOG01872,unit B2168 5V rail measured 4.34V.,B2168,POWER_RAIL_5V,FAIL
LOG01873,Unit unit A3379: CH3 signal check reading 3.03Vpp.,A3379,SIGNAL_INTEGRITY,PASS
LOG01874,unit C8676 5v power check measured 4.77V — looks good.,C8676,POWER_RAIL_5V,PASS
LOG01875,Unit D6450: board temp after 10min soak reading 43.0C.,D6450,THERMAL,PASS
LOG01876,"Checked thermal reading after burn-in on board A4252, 23.3C, second attempt.",A4252,THERMAL,PASS
LOG01877,"Checked cont check J4 on A-6511, 2.26Ohm, good reading, shift B.",A6511,CONTINUITY,PASS
LOG01878,"Unit unit B5589: thermal reading after burn-in reading 45.0C, looks good.",B5589,THERMAL,PASS
LOG01879,"checked 3.3v rail on board c0952, 3.23v, checks out, after reflow.",C0952,POWER_RAIL_3V3,PASS
LOG01880,"board b0849 - quiescent current 112.33ma (checks out), customer return unit.",B0849,CURRENT_DRAW,PASS
LOG01881,B3438 - eye height CH2 3.04Vpp.,B3438,SIGNAL_INTEGRITY,PASS
LOG01882,B-9137 standby current: 8.66 mA (out of spec).,B9137,CURRENT_DRAW,FAIL
LOG01883,Unit board D7142: quiescent current reading 113.29mA (passes).,D7142,CURRENT_DRAW,PASS
LOG01884,board A6832 thermal soak reading: 44.5 C.,A6832,THERMAL,PASS
LOG01885,C-9944 CH4 signal check measured 2.83Vpp.,C9944,SIGNAL_INTEGRITY,PASS
LOG01886,Unit D3027: cont check J12 reading 5.55Ohm.,D3027,CONTINUITY,FAIL
LOG01887,"Checked 12V rail on board C4910, 11.71V (within spec), unit was reworked yesterday.",C4910,POWER_RAIL_12V,PASS
LOG01888,"B 3305 - 5v power check 5.62V, per ECO-114.",B3305,POWER_RAIL_5V,FAIL
LOG01889,"Unit board D4236: 12v power check reading 13.17V, fails.",D4236,POWER_RAIL_12V,FAIL
LOG01890,Unit D-3316: +3.3V rail reading 3.38V (looks good).,D3316,POWER_RAIL_3V3,PASS
LOG01891,unit A0741 cont check CLK measured 1.11Ohm (looks good).,A0741,CONTINUITY,PASS
LOG01892,Unit board B3126: thermal reading after burn-in reading 67.1C.,B3126,THERMAL,FAIL
LOG01893,"unit D4866 - idle current draw 116.99mA, all good, after reflow.",D4866,CURRENT_DRAW,PASS
LOG01894,"Checked 12v power check on A 3660, 11.14V — fails, second attempt.",A3660,POWER_RAIL_12V,FAIL
LOG01895,unit D4030 CH2 signal check: 4.00 Vpp — out of spec.,D4030,SIGNAL_INTEGRITY,FAIL
LOG01896,D4605 5V rail: 5.08 V (passes).,D4605,POWER_RAIL_5V,PASS
LOG01897,"board B0269 - standby current 79.48mA — OK, shift B.",B0269,CURRENT_DRAW,PASS
LOG01898,unit D3101 3v3 supply: 3.35 V.,D3101,POWER_RAIL_3V3,PASS
LOG01899,board A1992 5V rail measured 4.68V — fails.,A1992,POWER_RAIL_5V,FAIL
LOG01900,"Checked board temp after 10min soak on B-6424, 28.7C.",B6424,THERMAL,PASS
LOG01901,"board D1408 idle current draw: 50.00 mA, nominal.",D1408,CURRENT_DRAW,PASS
LOG01902,D2589 standby current measured 22.60mA.,D2589,CURRENT_DRAW,FAIL
LOG01903,c9227 thermal soak reading measured 29.8c — good reading.,C9227,THERMAL,PASS
LOG01904,"Checked resistance check J4 on C4496, 7.86Ohm (reject), second attempt.",C4496,CONTINUITY,FAIL
LOG01905,"Unit C9729: scope reading CH1 reading 3.19Vpp, passes.",C9729,SIGNAL_INTEGRITY,PASS
LOG01906,"Checked scope reading CH1 on C-3770, 3.00Vpp, per ECO-114.",C3770,SIGNAL_INTEGRITY,PASS
LOG01907,"Checked RESET continuity on board A7859, 4.28Ohm, shift B.",A7859,CONTINUITY,PASS
LOG01908,unit A1994 CH2 signal check: 3.25 Vpp (within spec).,A1994,SIGNAL_INTEGRITY,PASS
LOG01909,"Unit D6477: 12V rail reading 11.59V, checks out.",D6477,POWER_RAIL_12V,PASS
LOG01910,"board A5492 - CH1 signal check 3.41Vpp, after reflow.",A5492,SIGNAL_INTEGRITY,PASS
LOG01911,"c3889 - vdd_5v rail 5.09v (good reading), per eco-114.",C3889,POWER_RAIL_5V,PASS
LOG01912,Unit A3445: 3v3 supply reading 3.45V.,A3445,POWER_RAIL_3V3,PASS
LOG01913,D-2794 3.3v power check: 2.66 V (reject).,D2794,POWER_RAIL_3V3,FAIL
LOG01914,"checked 5v rail on d-1669, 5.08v (within spec).",D1669,POWER_RAIL_5V,PASS
LOG01915,"board D4708 - thermal soak reading 62.7C, unit was reworked yesterday.",D4708,THERMAL,FAIL
LOG01916,"Checked 12v power check on A-6475, 12.05V, retest after rework.",A6475,POWER_RAIL_12V,PASS
LOG01917,"C 1902 12v power check: 11.07 V, out of spec.",C1902,POWER_RAIL_12V,FAIL
LOG01918,"unit C2102 - +5V supply 5.10V, per ECO-114.",C2102,POWER_RAIL_5V,PASS
LOG01919,"board C7030 current draw at idle: 50.00 mA, looks good.",C7030,CURRENT_DRAW,PASS
LOG01920,unit a 0494: +5v supply reading 4.99v.,A0494,POWER_RAIL_5V,PASS
LOG01921,unit board b9316: vdd_5v rail reading 5.25v.,B9316,POWER_RAIL_5V,PASS
LOG01922,D 2359 12V rail measured 11.40V.,D2359,POWER_RAIL_12V,PASS
LOG01923,B 8247 - VDD_3V3 rail 3.23V — looks good.,B8247,POWER_RAIL_3V3,PASS
LOG01924,"D-2272 VDD_3V3 rail: 2.75 V, reject.",D2272,POWER_RAIL_3V3,FAIL
LOG01925,"Unit unit C0372: +12V supply reading 11.81V, all good.",C0372,POWER_RAIL_12V,PASS
LOG01926,"unit C1323 +5V supply measured 5.58V, bad reading.",C1323,POWER_RAIL_5V,FAIL
LOG01927,Unit A0857: +12V supply reading 12.59V — looks good.,A0857,POWER_RAIL_12V,PASS
LOG01928,Unit unit B9016: thermal reading after burn-in reading 66.0C — bad reading.,B9016,THERMAL,FAIL
LOG01929,"unit D2775 - case temp 41.5C, second attempt.",D2775,THERMAL,PASS
LOG01930,Unit B1987: case temp reading 37.8C.,B1987,THERMAL,PASS
LOG01931,"Checked quiescent current on board B6807, 58.31mA (all good), per ECO-114.",B6807,CURRENT_DRAW,PASS
LOG01932,B3590 thermal reading after burn-in: 12.0 C — out of spec.,B3590,THERMAL,FAIL
LOG01933,"Unit A-4603: VDD_5V rail reading 4.39V, flagged for rework.",A4603,POWER_RAIL_5V,FAIL
LOG01934,"Unit A 9647: 5V rail reading 4.42V, failed.",A9647,POWER_RAIL_5V,FAIL
LOG01935,Unit unit D0969: eye height CH3 reading 3.12Vpp.,D0969,SIGNAL_INTEGRITY,PASS
LOG01936,"Checked idle current draw on D1460, 114.40mA (good reading), second attempt.",D1460,CURRENT_DRAW,PASS
LOG01937,"Checked signal amplitude CH4 on board B9350, 3.21Vpp, good reading, unit was reworked yesterday.",B9350,SIGNAL_INTEGRITY,PASS
LOG01938,unit B0878 CH1 signal check: 2.39 Vpp.,B0878,SIGNAL_INTEGRITY,FAIL
LOG01939,"C 4400 - 12v power check 12.91V (flagged for rework), shift B.",C4400,POWER_RAIL_12V,FAIL
LOG01940,"Checked VDD_3V3 rail on B-2532, 3.96V — reject, customer return unit.",B2532,POWER_RAIL_3V3,FAIL
LOG01941,"D 8058 standby current: 120.45 mA, nominal.",D8058,CURRENT_DRAW,PASS
LOG01942,"C-5847 12v power check: 11.40 V, looks good.",C5847,POWER_RAIL_12V,PASS
LOG01943,D 2578 VDD_5V rail measured 4.81V (looks good).,D2578,POWER_RAIL_5V,PASS
LOG01944,"B8989 3v3 supply: 3.40 V, good reading.",B8989,POWER_RAIL_3V3,PASS
LOG01945,"unit A4065 - 12V rail 11.11V, line 2.",A4065,POWER_RAIL_12V,FAIL
LOG01946,C-2294 12v power check: 12.41 V.,C2294,POWER_RAIL_12V,PASS
LOG01947,"A-7858 continuity on J12 measured 3.08Ohm, looks good.",A7858,CONTINUITY,PASS
LOG01948,"Checked 12v power check on D 0452, 11.86V, after reflow.",D0452,POWER_RAIL_12V,PASS
LOG01949,"B-3222 thermal reading after burn-in measured 0.8C, failed.",B3222,THERMAL,FAIL
LOG01950,unit D4055 +5V supply measured 5.09V — OK.,D4055,POWER_RAIL_5V,PASS
LOG01951,Unit D 2243: eye height CH3 reading 3.77Vpp (bad reading).,D2243,SIGNAL_INTEGRITY,FAIL
LOG01952,board C1281 signal amplitude CH1 measured 3.49Vpp.,C1281,SIGNAL_INTEGRITY,PASS
LOG01953,"Unit C3675: quiescent current reading 59.31mA, passes.",C3675,CURRENT_DRAW,PASS
LOG01954,"Unit board C0450: 12V rail reading 13.17V, fails.",C0450,POWER_RAIL_12V,FAIL
LOG01955,a-1113 3.3v rail measured 3.24v — looks good.,A1113,POWER_RAIL_3V3,PASS
LOG01956,"Unit unit C5925: signal amplitude CH2 reading 3.44Vpp, good reading.",C5925,SIGNAL_INTEGRITY,PASS
LOG01957,"Checked VDD_3V3 rail on board C6108, 3.19V (good reading).",C6108,POWER_RAIL_3V3,PASS
LOG01958,"c7861 - +12v supply 11.28v, reject, customer return unit.",C7861,POWER_RAIL_12V,FAIL
LOG01959,"board D1394 - scope reading CH3 3.15Vpp, passes, customer return unit.",D1394,SIGNAL_INTEGRITY,PASS
LOG01960,D 9576 5V rail: 4.55 V.,D9576,POWER_RAIL_5V,FAIL
LOG01961,"A 6098 - +12V supply 11.88V, after reflow.",A6098,POWER_RAIL_12V,PASS
LOG01962,"board D7862 eye height CH4 measured 3.18Vpp, good reading.",D7862,SIGNAL_INTEGRITY,PASS
LOG01963,board b7950 ch2 signal check measured 3.00vpp.,B7950,SIGNAL_INTEGRITY,PASS
LOG01964,"Unit C-3500: quiescent current reading 88.06mA, OK.",C3500,CURRENT_DRAW,PASS
LOG01965,"Checked 5V rail on D 1106, 5.04V — checks out, second attempt.",D1106,POWER_RAIL_5V,PASS
LOG01966,"Checked 12v power check on A2810, 12.04V, retest after rework.",A2810,POWER_RAIL_12V,PASS
LOG01967,"C-5316 current draw at idle: 160.72 mA, doesn't look right.",C5316,CURRENT_DRAW,FAIL
LOG01968,"Checked 12v power check on board D6383, 13.14V, shift B.",D6383,POWER_RAIL_12V,FAIL
LOG01969,"Unit C 6466: +3.3V rail reading 3.35V, passes.",C6466,POWER_RAIL_3V3,PASS
LOG01970,"Checked EN_LINE continuity on C 1694, 2.56Ohm (OK), retest after rework.",C1694,CONTINUITY,PASS
LOG01971,A0881 RESET continuity measured 7.98Ohm.,A0881,CONTINUITY,FAIL
LOG01972,"checked case temp on unit d0670, 8.8c, retest after rework.",D0670,THERMAL,FAIL
LOG01973,"C0027 continuity on RESET measured 3.53Ohm, passes.",C0027,CONTINUITY,PASS
LOG01974,"Checked +3.3V rail on C5591, 3.32V, unit was reworked yesterday.",C5591,POWER_RAIL_3V3,PASS
LOG01975,"checked resistance check reset on c 1497, 3.48ohm — checks out, unit was reworked yesterday.",C1497,CONTINUITY,PASS
LOG01976,board D5252 current draw at idle: 116.74 mA — checks out.,D5252,CURRENT_DRAW,PASS
LOG01977,"Checked CH3 signal check on unit B1600, 4.04Vpp, customer return unit.",B1600,SIGNAL_INTEGRITY,FAIL
LOG01978,"Checked idle current draw on C 7125, 14.62mA, per ECO-114.",C7125,CURRENT_DRAW,FAIL
LOG01979,"Checked VDD_12V rail on unit C5990, 12.37V — passes, retest after rework.",C5990,POWER_RAIL_12V,PASS
LOG01980,unit B6567 VDD_12V rail measured 11.87V — OK.,B6567,POWER_RAIL_12V,PASS
LOG01981,board B0556 VDD_12V rail measured 12.70V.,B0556,POWER_RAIL_12V,FAIL
LOG01982,board A8042 VDD_5V rail: 4.85 V — OK.,A8042,POWER_RAIL_5V,PASS
LOG01983,Unit board B6100: 12v power check reading 11.75V.,B6100,POWER_RAIL_12V,PASS
LOG01984,D-6700 continuity on J4: 5.41 Ohm — flagged for rework.,D6700,CONTINUITY,FAIL
LOG01985,D 2611 3.3v power check measured 3.27V.,D2611,POWER_RAIL_3V3,PASS
LOG01986,A-6715 signal amplitude CH4: 3.45 Vpp (all good).,A6715,SIGNAL_INTEGRITY,PASS
LOG01987,Unit B 0956: standby current reading 103.02mA.,B0956,CURRENT_DRAW,PASS
LOG01988,"Checked +5V supply on A 4625, 4.38V (out of spec).",A4625,POWER_RAIL_5V,FAIL
LOG01989,Unit B3237: +3.3V rail reading 3.30V — OK.,B3237,POWER_RAIL_3V3,PASS
LOG01990,Unit D 1451: signal amplitude CH4 reading 3.76Vpp.,D1451,SIGNAL_INTEGRITY,FAIL
LOG01991,D-7864 12v power check measured 11.72V.,D7864,POWER_RAIL_12V,PASS
LOG01992,Unit unit C5956: 3.3v power check reading 3.16V.,C5956,POWER_RAIL_3V3,PASS
LOG01993,"checked vdd_12v rail on unit b8266, 12.60v, retest after rework.",B8266,POWER_RAIL_12V,PASS
LOG01994,"Checked 3.3v power check on A0150, 3.35V, per ECO-114.",A0150,POWER_RAIL_3V3,PASS
LOG01995,"Checked +12V supply on board B3854, 11.40V, within spec.",B3854,POWER_RAIL_12V,PASS
LOG01996,"Checked +5V supply on D6422, 5.25V — OK.",D6422,POWER_RAIL_5V,PASS
LOG01997,"B 5819 - quiescent current 111.74mA, checks out, shift B.",B5819,CURRENT_DRAW,PASS
LOG01998,board B0305 VDD_12V rail: 11.76 V — looks good.,B0305,POWER_RAIL_12V,PASS
LOG01999,Unit A1259: signal amplitude CH4 reading 3.39Vpp.,A1259,SIGNAL_INTEGRITY,PASS
LOG02000,"Checked 5V rail on B-2975, 4.97V (good reading), after reflow.",B2975,POWER_RAIL_5V,PASS
LOG02001,board A9329 cont check CLK measured 6.58Ohm — fails.,A9329,CONTINUITY,FAIL
LOG02002,a-0327 thermal soak reading: 42.0 c.,A0327,THERMAL,PASS
LOG02003,"Checked CH1 signal check on B 3500, 3.08Vpp, second attempt.",B3500,SIGNAL_INTEGRITY,PASS
LOG02004,c 1410 5v rail: 4.93 v.,C1410,POWER_RAIL_5V,PASS
LOG02005,"Checked standby current on D 0586, 91.31mA — OK, customer return unit.",D0586,CURRENT_DRAW,PASS
LOG02006,board C4033 cont check J12 measured 7.79Ohm.,C4033,CONTINUITY,FAIL
LOG02007,"board B3258 - signal amplitude CH3 2.62Vpp (reject), customer return unit.",B3258,SIGNAL_INTEGRITY,FAIL
LOG02008,Unit unit D0685: 3.3v power check reading 3.32V.,D0685,POWER_RAIL_3V3,PASS
LOG02009,unit B3320 VDD_12V rail: 11.70 V — all good.,B3320,POWER_RAIL_12V,PASS
LOG02010,"Checked continuity on J4 on unit A7188, 3.14Ohm, per ECO-114.",A7188,CONTINUITY,PASS
LOG02011,A6505 VDD_12V rail measured 12.85V.,A6505,POWER_RAIL_12V,FAIL
LOG02012,"Checked signal amplitude CH3 on D 4587, 3.10Vpp — OK, line 2.",D4587,SIGNAL_INTEGRITY,PASS
LOG02013,Unit unit D6900: resistance check RESET reading 3.51Ohm.,D6900,CONTINUITY,PASS
LOG02014,"D-7814 - board temp after 10min soak 44.1C, retest after rework.",D7814,THERMAL,PASS
LOG02015,"Checked 3v3 supply on unit D1033, 3.18V, customer return unit.",D1033,POWER_RAIL_3V3,PASS
LOG02016,C 1045 standby current measured 50.00mA (OK).,C1045,CURRENT_DRAW,PASS
LOG02017,"board D8736 - signal amplitude CH2 3.59Vpp, retest after rework.",D8736,SIGNAL_INTEGRITY,PASS
LOG02018,"Checked current draw at idle on B9696, 84.59mA, after reflow.",B9696,CURRENT_DRAW,PASS
LOG02019,"A-7651 - +3.3V rail 3.54V, second attempt.",A7651,POWER_RAIL_3V3,FAIL
LOG02020,"Checked board temp after 10min soak on board D3730, 37.3C, line 2.",D3730,THERMAL,PASS
LOG02021,a 5821 - standby current -1.13ma (bad reading).,A5821,CURRENT_DRAW,FAIL
LOG02022,"unit D2644 - 3v3 supply 3.27V (nominal), shift B.",D2644,POWER_RAIL_3V3,PASS
LOG02023,"unit board b2204: quiescent current reading 158.80ma, failed.",B2204,CURRENT_DRAW,FAIL
LOG02024,Unit C 7918: current draw at idle reading 197.66mA.,C7918,CURRENT_DRAW,FAIL
LOG02025,"board B7604 board temp after 10min soak measured 9.9C, failed.",B7604,THERMAL,FAIL
LOG02026,B-9407 case temp: 44.8 C (nominal).,B9407,THERMAL,PASS
LOG02027,"checked signal amplitude ch1 on c 1036, 2.89vpp — within spec, second attempt.",C1036,SIGNAL_INTEGRITY,PASS
LOG02028,C1713 3.3V rail measured 3.08V (no good).,C1713,POWER_RAIL_3V3,FAIL
LOG02029,"Checked quiescent current on D4665, 127.67mA, checks out, customer return unit.",D4665,CURRENT_DRAW,PASS
LOG02030,Unit board B4061: continuity on J4 reading 0.40Ohm.,B4061,CONTINUITY,PASS
LOG02031,"C 4796 - 12v power check 12.48V, second attempt.",C4796,POWER_RAIL_12V,PASS
LOG02032,c0282 thermal reading after burn-in: 20.0 c.,C0282,THERMAL,PASS
LOG02033,"Checked 3.3V rail on board D6352, 3.20V (passes), shift B.",D6352,POWER_RAIL_3V3,PASS
LOG02034,A9442 +5V supply measured 4.99V — nominal.,A9442,POWER_RAIL_5V,PASS
LOG02035,unit B0886 CH2 signal check: 3.45 Vpp.,B0886,SIGNAL_INTEGRITY,PASS
LOG02036,unit D9048 board temp after 10min soak measured 14.5C — reject.,D9048,THERMAL,FAIL
LOG02037,"board D9787 5V rail: 4.39 V, no good.",D9787,POWER_RAIL_5V,FAIL
LOG02038,A-4313 scope reading CH4: 3.20 Vpp — passes.,A4313,SIGNAL_INTEGRITY,PASS
LOG02039,C 3522 VDD_12V rail measured 11.91V — within spec.,C3522,POWER_RAIL_12V,PASS
LOG02040,"unit b1456 - 3.3v rail 3.25v, ok, retest after rework.",B1456,POWER_RAIL_3V3,PASS
LOG02041,board C2379 current draw at idle measured 184.02mA.,C2379,CURRENT_DRAW,FAIL
LOG02042,"Unit A 0455: VDD_3V3 rail reading 3.34V, checks out.",A0455,POWER_RAIL_3V3,PASS
LOG02043,"Checked 5V rail on board B6174, 4.52V, unit was reworked yesterday.",B6174,POWER_RAIL_5V,FAIL
LOG02044,"unit B8029 signal amplitude CH1 measured 2.33Vpp, fails.",B8029,SIGNAL_INTEGRITY,FAIL
LOG02045,unit c5649 thermal reading after burn-in: 55.0 c.,C5649,THERMAL,PASS
LOG02046,Unit unit D2133: continuity on RESET reading 5.54Ohm.,D2133,CONTINUITY,FAIL
LOG02047,unit c6505 vdd_3v3 rail measured 3.15v.,C6505,POWER_RAIL_3V3,PASS
LOG02048,A4382 idle current draw measured 96.77mA.,A4382,CURRENT_DRAW,PASS
LOG02049,c7454 3.3v rail measured 3.39v.,C7454,POWER_RAIL_3V3,PASS
LOG02050,board B1824 continuity on CLK: 3.02 Ohm (nominal).,B1824,CONTINUITY,PASS
LOG02051,unit B8758 signal amplitude CH3: 3.30 Vpp (passes).,B8758,SIGNAL_INTEGRITY,PASS
LOG02052,"Checked scope reading CH1 on B-5680, 3.34Vpp (looks good).",B5680,SIGNAL_INTEGRITY,PASS
LOG02053,Unit D 6608: 3.3V rail reading 3.76V.,D6608,POWER_RAIL_3V3,FAIL
LOG02054,"A5518 12V rail: 11.82 V, good reading.",A5518,POWER_RAIL_12V,PASS
LOG02055,"Checked current draw at idle on board D4707, 150.00mA, after reflow.",D4707,CURRENT_DRAW,PASS
LOG02056,C8142 resistance check EN_LINE measured 4.80Ohm.,C8142,CONTINUITY,PASS
LOG02057,"Unit board B2968: +12V supply reading 12.32V, passes.",B2968,POWER_RAIL_12V,PASS
LOG02058,"Unit board D4552: standby current reading 131.15mA, checks out.",D4552,CURRENT_DRAW,PASS
LOG02059,"C7351 - +5V supply 5.12V, second attempt.",C7351,POWER_RAIL_5V,PASS
LOG02060,"C 5689 - thermal reading after burn-in 36.4C (good reading), unit was reworked yesterday.",C5689,THERMAL,PASS
LOG02061,"C 6679 - CH4 signal check 3.44Vpp, customer return unit.",C6679,SIGNAL_INTEGRITY,PASS
LOG02062,C9629 scope reading CH3 measured 2.65Vpp.,C9629,SIGNAL_INTEGRITY,FAIL
LOG02063,"D-6255 - 3v3 supply 2.97V, second attempt.",D6255,POWER_RAIL_3V3,FAIL
LOG02064,"b 3884 5v rail measured 5.03v, good reading.",B3884,POWER_RAIL_5V,PASS
LOG02065,"Checked signal amplitude CH4 on D7016, 2.47Vpp, line 2.",D7016,SIGNAL_INTEGRITY,FAIL
LOG02066,B7437 RESET continuity measured 4.54Ohm.,B7437,CONTINUITY,PASS
LOG02067,D8344 signal amplitude CH2 measured 3.16Vpp.,D8344,SIGNAL_INTEGRITY,PASS
LOG02068,"unit b6616 - standby current 81.32ma, after reflow.",B6616,CURRENT_DRAW,PASS
LOG02069,A 1103 resistance check J7: 6.58 Ohm.,A1103,CONTINUITY,FAIL
LOG02070,board D5446 3v3 supply measured 3.22V — within spec.,D5446,POWER_RAIL_3V3,PASS
LOG02071,"Unit D 6196: 3.3V rail reading 3.25V, passes.",D6196,POWER_RAIL_3V3,PASS
LOG02072,board C2445 case temp measured 41.2C — within spec.,C2445,THERMAL,PASS
LOG02073,unit C8381 thermal reading after burn-in: 64.7 C.,C8381,THERMAL,FAIL
LOG02074,"A9995 resistance check RESET measured 3.06Ohm, within spec.",A9995,CONTINUITY,PASS
LOG02075,"board C1628 - idle current draw 203.83mA — reject, after reflow.",C1628,CURRENT_DRAW,FAIL
LOG02076,"A-1394 - VDD_3V3 rail 2.71V, shift B.",A1394,POWER_RAIL_3V3,FAIL
LOG02077,Unit C 2005: 12V rail reading 12.56V.,C2005,POWER_RAIL_12V,PASS
LOG02078,"board B3483 - +5V supply 4.96V, line 2.",B3483,POWER_RAIL_5V,PASS
LOG02079,"board A5861 - 12v power check 10.78V (failed), retest after rework.",A5861,POWER_RAIL_12V,FAIL
LOG02080,unit d-4593: +5v supply reading 5.09v (good reading).,D4593,POWER_RAIL_5V,PASS
LOG02081,"A3516 - 3.3v power check 3.72V, shift B.",A3516,POWER_RAIL_3V3,FAIL
LOG02082,Unit unit D0602: current draw at idle reading 91.87mA — passes.,D0602,CURRENT_DRAW,PASS
LOG02083,D-5108 eye height CH4 measured 2.31Vpp.,D5108,SIGNAL_INTEGRITY,FAIL
LOG02084,"Unit unit A0389: resistance check J4 reading 4.35Ohm, nominal.",A0389,CONTINUITY,PASS
LOG02085,b0790 vdd_5v rail: 4.53 v (bad reading).,B0790,POWER_RAIL_5V,FAIL
LOG02086,C3069 resistance check J4: 2.22 Ohm.,C3069,CONTINUITY,PASS
LOG02087,"C 3174 VDD_3V3 rail measured 3.74V, bad reading.",C3174,POWER_RAIL_3V3,FAIL
LOG02088,"D2430 - 5V rail 4.30V, after reflow.",D2430,POWER_RAIL_5V,FAIL
LOG02089,"Checked case temp on B-1809, 25.8C, customer return unit.",B1809,THERMAL,PASS
LOG02090,D8013 cont check J7 measured 1.96Ohm.,D8013,CONTINUITY,PASS
LOG02091,Unit D2661: VDD_3V3 rail reading 3.31V — OK.,D2661,POWER_RAIL_3V3,PASS
LOG02092,"D4305 - resistance check J4 3.73Ohm (good reading), shift B.",D4305,CONTINUITY,PASS
LOG02093,"unit C5805 - 5v power check 4.97V, OK, second attempt.",C5805,POWER_RAIL_5V,PASS
LOG02094,"C 8612 standby current: 1.96 mA, fails.",C8612,CURRENT_DRAW,FAIL
LOG02095,"board B6068 +3.3V rail measured 3.34V, all good.",B6068,POWER_RAIL_3V3,PASS
LOG02096,unit a-5004: cont check j4 reading 1.17ohm.,A5004,CONTINUITY,PASS
LOG02097,C 0199 cont check CLK measured 3.52Ohm — OK.,C0199,CONTINUITY,PASS
LOG02098,"Checked 12V rail on C 0773, 12.20V, good reading, after reflow.",C0773,POWER_RAIL_12V,PASS
LOG02099,board a2355 ch3 signal check: 2.43 vpp (bad reading).,A2355,SIGNAL_INTEGRITY,FAIL
LOG02100,C0011 +3.3V rail measured 3.62V.,C0011,POWER_RAIL_3V3,FAIL
LOG02101,board A1015 idle current draw measured 81.79mA (passes).,A1015,CURRENT_DRAW,PASS
LOG02102,"B3107 - thermal reading after burn-in 31.0C, all good, unit was reworked yesterday.",B3107,THERMAL,PASS
LOG02103,unit B4010 case temp: 38.1 C — good reading.,B4010,THERMAL,PASS
LOG02104,"checked +3.3v rail on a 9405, 2.88v, second attempt.",A9405,POWER_RAIL_3V3,FAIL
LOG02105,"Checked CH1 signal check on B 7537, 3.25Vpp, per ECO-114.",B7537,SIGNAL_INTEGRITY,PASS
LOG02106,Unit D-5018: +5V supply reading 5.05V.,D5018,POWER_RAIL_5V,PASS
LOG02107,"Checked 3v3 supply on D 9175, 2.65V — reject, shift B.",D9175,POWER_RAIL_3V3,FAIL
LOG02108,"Checked signal amplitude CH2 on A 9667, 2.93Vpp, looks good, shift B.",A9667,SIGNAL_INTEGRITY,PASS
LOG02109,A 0107 12V rail: 11.98 V.,A0107,POWER_RAIL_12V,PASS
LOG02110,Unit unit C5454: VDD_3V3 rail reading 3.30V.,C5454,POWER_RAIL_3V3,PASS
LOG02111,Unit board D9385: J7 continuity reading 1.96Ohm.,D9385,CONTINUITY,PASS
LOG02112,D-9157 current draw at idle: 3.39 mA — doesn't look right.,D9157,CURRENT_DRAW,FAIL
LOG02113,board B3984 scope reading CH4 measured 4.05Vpp.,B3984,SIGNAL_INTEGRITY,FAIL
LOG02114,"Checked cont check J4 on board C6309, 7.34Ohm — no good, per ECO-114.",C6309,CONTINUITY,FAIL
LOG02115,A-0536 idle current draw: 83.76 mA — looks good.,A0536,CURRENT_DRAW,PASS
LOG02116,"Checked case temp on board B7991, 38.7C (good reading), shift B.",B7991,THERMAL,PASS
LOG02117,board b2261 5v rail measured 5.18v.,B2261,POWER_RAIL_5V,PASS
LOG02118,B 3995 3.3v power check: 3.23 V (nominal).,B3995,POWER_RAIL_3V3,PASS
LOG02119,"Checked idle current draw on C0133, 187.45mA, shift B.",C0133,CURRENT_DRAW,FAIL
LOG02120,"unit B4251 5V rail: 4.96 V, OK.",B4251,POWER_RAIL_5V,PASS
LOG02121,Unit unit A5458: quiescent current reading 169.93mA (out of spec).,A5458,CURRENT_DRAW,FAIL
LOG02122,"C 0193 - thermal reading after burn-in -0.8C — bad reading, unit was reworked yesterday.",C0193,THERMAL,FAIL
LOG02123,D-8413 eye height CH3 measured 2.36Vpp.,D8413,SIGNAL_INTEGRITY,FAIL
LOG02124,"unit D6659 signal amplitude CH2: 3.45 Vpp, all good.",D6659,SIGNAL_INTEGRITY,PASS
LOG02125,"Checked standby current on unit B7504, 115.66mA.",B7504,CURRENT_DRAW,PASS
LOG02126,"Checked board temp after 10min soak on B 8851, 49.9C (checks out), customer return unit.",B8851,THERMAL,PASS
LOG02127,B-7427 idle current draw measured 99.88mA — good reading.,B7427,CURRENT_DRAW,PASS
LOG02128,"unit C2081 - 12v power check 12.02V, passes, per ECO-114.",C2081,POWER_RAIL_12V,PASS
LOG02129,C-9984 continuity on J4 measured 7.12Ohm — flagged for rework.,C9984,CONTINUITY,FAIL
LOG02130,"Unit C-0013: current draw at idle reading 17.03mA, flagged for rework.",C0013,CURRENT_DRAW,FAIL
LOG02131,A-0077 5V rail measured 4.88V (OK).,A0077,POWER_RAIL_5V,PASS
LOG02132,"board D4167 - 5V rail 4.91V — checks out, after reflow.",D4167,POWER_RAIL_5V,PASS
LOG02133,"unit B8666 eye height CH3: 4.03 Vpp, out of spec.",B8666,SIGNAL_INTEGRITY,FAIL
LOG02134,"B-9719 - cont check J4 7.24Ohm, per ECO-114.",B9719,CONTINUITY,FAIL
LOG02135,"Checked current draw at idle on unit C9681, 102.99mA, after reflow.",C9681,CURRENT_DRAW,PASS
LOG02136,D4374 VDD_12V rail measured 12.91V (doesn't look right).,D4374,POWER_RAIL_12V,FAIL
LOG02137,A8325 eye height CH3 measured 3.18Vpp — nominal.,A8325,SIGNAL_INTEGRITY,PASS
LOG02138,"C2244 - cont check J4 5.53Ohm — doesn't look right, after reflow.",C2244,CONTINUITY,FAIL
LOG02139,Unit unit C3065: 3v3 supply reading 3.39V — OK.,C3065,POWER_RAIL_3V3,PASS
LOG02140,"Checked current draw at idle on D0443, 106.78mA, second attempt.",D0443,CURRENT_DRAW,PASS
LOG02141,"checked 5v rail on b 3811, 5.35v, unit was reworked yesterday.",B3811,POWER_RAIL_5V,FAIL
LOG02142,"Checked case temp on D9313, 43.4C — looks good, per ECO-114.",D9313,THERMAL,PASS
LOG02143,unit c 6940: 3.3v power check reading 3.79v.,C6940,POWER_RAIL_3V3,FAIL
LOG02144,"B 8154 - J12 continuity 0.20Ohm (looks good), second attempt.",B8154,CONTINUITY,PASS
LOG02145,"B 1635 - VDD_3V3 rail 3.38V — good reading, customer return unit.",B1635,POWER_RAIL_3V3,PASS
LOG02146,Unit board C6920: RESET continuity reading 3.62Ohm.,C6920,CONTINUITY,PASS
LOG02147,"B-1636 - resistance check J7 1.56Ohm — checks out, second attempt.",B1636,CONTINUITY,PASS
LOG02148,Unit board B7183: 12V rail reading 11.90V — good reading.,B7183,POWER_RAIL_12V,PASS
LOG02149,B 4120 J4 continuity: 6.52 Ohm.,B4120,CONTINUITY,FAIL
LOG02150,unit B8173 +3.3V rail measured 2.65V — bad reading.,B8173,POWER_RAIL_3V3,FAIL
LOG02151,Unit board B7458: 5v power check reading 4.88V.,B7458,POWER_RAIL_5V,PASS
LOG02152,A 1734 eye height CH1 measured 3.31Vpp (all good).,A1734,SIGNAL_INTEGRITY,PASS
LOG02153,Unit B 6742: eye height CH2 reading 3.22Vpp.,B6742,SIGNAL_INTEGRITY,PASS
LOG02154,"B-0732 CH4 signal check: 3.27 Vpp, looks good.",B0732,SIGNAL_INTEGRITY,PASS
LOG02155,unit B9706 thermal reading after burn-in: 44.0 C — nominal.,B9706,THERMAL,PASS
LOG02156,"Checked 5V rail on board B7352, 4.41V, out of spec, line 2.",B7352,POWER_RAIL_5V,FAIL
LOG02157,Unit B4107: case temp reading 38.1C — looks good.,B4107,THERMAL,PASS
LOG02158,"c-1458 - board temp after 10min soak 31.2c, retest after rework.",C1458,THERMAL,PASS
LOG02159,"unit B3892 - VDD_12V rail 12.36V, looks good, line 2.",B3892,POWER_RAIL_12V,PASS
LOG02160,"Checked board temp after 10min soak on A-0799, 59.4C, retest after rework.",A0799,THERMAL,FAIL
LOG02161,Unit unit D5314: board temp after 10min soak reading 54.1C — within spec.,D5314,THERMAL,PASS
LOG02162,"board b9034 - quiescent current 19.85ma, retest after rework.",B9034,CURRENT_DRAW,FAIL
LOG02163,"Checked standby current on A-9911, 150.00mA — looks good, shift B.",A9911,CURRENT_DRAW,PASS
LOG02164,A-5000 scope reading CH2 measured 2.75Vpp.,A5000,SIGNAL_INTEGRITY,FAIL
LOG02165,B3845 3.3v power check: 3.25 V (OK).,B3845,POWER_RAIL_3V3,PASS
LOG02166,C 3772 VDD_12V rail: 11.57 V.,C3772,POWER_RAIL_12V,PASS
LOG02167,"a9970 thermal reading after burn-in: 15.1 c, no good.",A9970,THERMAL,FAIL
LOG02168,"Checked 5v power check on B-1964, 5.09V, checks out, shift B.",B1964,POWER_RAIL_5V,PASS
LOG02169,"board C8289 eye height CH3 measured 3.78Vpp, doesn't look right.",C8289,SIGNAL_INTEGRITY,FAIL
LOG02170,"Unit B 0874: J12 continuity reading 2.30Ohm, all good.",B0874,CONTINUITY,PASS
LOG02171,"C9350 - eye height CH1 3.50Vpp, second attempt.",C9350,SIGNAL_INTEGRITY,PASS
LOG02172,Unit D7963: board temp after 10min soak reading 52.0C.,D7963,THERMAL,PASS
LOG02173,a2891 +3.3v rail measured 3.29v.,A2891,POWER_RAIL_3V3,PASS
LOG02174,"checked board temp after 10min soak on b-5552, 33.6c, per eco-114.",B5552,THERMAL,PASS
LOG02175,"C-2776 - eye height CH4 3.19Vpp, all good, line 2.",C2776,SIGNAL_INTEGRITY,PASS
LOG02176,Unit board A3821: resistance check CLK reading 2.69Ohm.,A3821,CONTINUITY,PASS
LOG02177,Unit A 0058: board temp after 10min soak reading 7.7C — bad reading.,A0058,THERMAL,FAIL
LOG02178,"Checked 3.3V rail on board A3285, 2.70V (no good), per ECO-114.",A3285,POWER_RAIL_3V3,FAIL
LOG02179,"Checked standby current on unit C0598, 184.74mA, second attempt.",C0598,CURRENT_DRAW,FAIL
LOG02180,"Checked eye height CH3 on board C1616, 3.79Vpp, unit was reworked yesterday.",C1616,SIGNAL_INTEGRITY,FAIL
LOG02181,"Checked thermal soak reading on board C4108, 37.2C — within spec, second attempt.",C4108,THERMAL,PASS
LOG02182,Unit C 6609: quiescent current reading 120.54mA.,C6609,CURRENT_DRAW,PASS
LOG02183,Unit unit B6485: 12V rail reading 11.94V.,B6485,POWER_RAIL_12V,PASS
LOG02184,"checked 12v rail on d 2269, 12.59v, looks good, after reflow.",D2269,POWER_RAIL_12V,PASS
LOG02185,unit D4300 3v3 supply measured 3.22V — nominal.,D4300,POWER_RAIL_3V3,PASS
LOG02186,"A-4648 CH3 signal check measured 3.36Vpp, nominal.",A4648,SIGNAL_INTEGRITY,PASS
LOG02187,"unit board c2883: resistance check en_line reading 7.83ohm, failed.",C2883,CONTINUITY,FAIL
LOG02188,"Checked 12V rail on C1877, 12.08V, after reflow.",C1877,POWER_RAIL_12V,PASS
LOG02189,Unit D-2235: thermal reading after burn-in reading 34.4C.,D2235,THERMAL,PASS
LOG02190,board C6808 +3.3V rail measured 3.30V.,C6808,POWER_RAIL_3V3,PASS
LOG02191,Unit board D7041: board temp after 10min soak reading 32.5C.,D7041,THERMAL,PASS
LOG02192,Unit board D0097: scope reading CH4 reading 3.12Vpp.,D0097,SIGNAL_INTEGRITY,PASS
LOG02193,Unit C 2356: thermal soak reading reading 11.4C.,C2356,THERMAL,FAIL
LOG02194,unit D2925 J4 continuity: 2.51 Ohm.,D2925,CONTINUITY,PASS
LOG02195,board B9616 idle current draw measured 94.03mA.,B9616,CURRENT_DRAW,PASS
LOG02196,C 0894 current draw at idle: 155.95 mA.,C0894,CURRENT_DRAW,FAIL
LOG02197,"board D2799 - 3v3 supply 3.22V, per ECO-114.",D2799,POWER_RAIL_3V3,PASS
LOG02198,D-6452 board temp after 10min soak: 34.5 C — passes.,D6452,THERMAL,PASS
LOG02199,"Checked idle current draw on board A5467, 84.09mA, per ECO-114.",A5467,CURRENT_DRAW,PASS
LOG02200,B 5325 cont check CLK measured 1.54Ohm.,B5325,CONTINUITY,PASS
LOG02201,"unit A7531 +5V supply: 5.67 V, fails.",A7531,POWER_RAIL_5V,FAIL
LOG02202,a1104 vdd_5v rail: 4.99 v.,A1104,POWER_RAIL_5V,PASS
LOG02203,"A3926 - resistance check J4 6.13Ohm, unit was reworked yesterday.",A3926,CONTINUITY,FAIL
LOG02204,unit b3156: standby current reading 25.93ma — bad reading.,B3156,CURRENT_DRAW,FAIL
LOG02205,"b 4847 - quiescent current 92.65ma — within spec, second attempt.",B4847,CURRENT_DRAW,PASS
LOG02206,C 0165 continuity on EN_LINE: 3.74 Ohm (good reading).,C0165,CONTINUITY,PASS
LOG02207,Unit B 5789: standby current reading 72.82mA (within spec).,B5789,CURRENT_DRAW,PASS
LOG02208,"checked 3.3v rail on board c1778, 3.21v — ok, retest after rework.",C1778,POWER_RAIL_3V3,PASS
LOG02209,"Checked 3v3 supply on board D7105, 2.67V, customer return unit.",D7105,POWER_RAIL_3V3,FAIL
LOG02210,Unit D3705: idle current draw reading 64.42mA — within spec.,D3705,CURRENT_DRAW,PASS
LOG02211,unit c 9217: 3.3v power check reading 2.71v.,C9217,POWER_RAIL_3V3,FAIL
LOG02212,"Checked idle current draw on D7192, 77.30mA, per ECO-114.",D7192,CURRENT_DRAW,PASS
LOG02213,C 6872 VDD_12V rail measured 12.79V.,C6872,POWER_RAIL_12V,FAIL
LOG02214,B5260 thermal reading after burn-in measured 72.2C.,B5260,THERMAL,FAIL
LOG02215,Unit A 9114: 12V rail reading 12.20V — looks good.,A9114,POWER_RAIL_12V,PASS
LOG02216,"Checked cont check J4 on A1002, 7.87Ohm, fails, per ECO-114.",A1002,CONTINUITY,FAIL
LOG02217,Unit D 2400: CH1 signal check reading 2.93Vpp.,D2400,SIGNAL_INTEGRITY,PASS
LOG02218,"C6831 idle current draw measured 37.32mA, no good.",C6831,CURRENT_DRAW,FAIL
LOG02219,"Checked eye height CH2 on A2169, 3.34Vpp, looks good, after reflow.",A2169,SIGNAL_INTEGRITY,PASS
LOG02220,"C 5156 - quiescent current 78.37mA, OK, unit was reworked yesterday.",C5156,CURRENT_DRAW,PASS
LOG02221,B-4147 3.3v power check: 2.68 V.,B4147,POWER_RAIL_3V3,FAIL
LOG02222,unit C9833 +12V supply: 11.88 V (good reading).,C9833,POWER_RAIL_12V,PASS
LOG02223,"checked vdd_5v rail on board d3438, 5.15v, after reflow.",D3438,POWER_RAIL_5V,PASS
LOG02224,"Checked +5V supply on unit B1113, 4.52V (reject), second attempt.",B1113,POWER_RAIL_5V,FAIL
LOG02225,"A-3664 - VDD_5V rail 5.63V, second attempt.",A3664,POWER_RAIL_5V,FAIL
LOG02226,"Checked 3v3 supply on D-1415, 2.70V, retest after rework.",D1415,POWER_RAIL_3V3,FAIL
LOG02227,"Checked 3.3v power check on unit D8286, 3.31V, within spec, retest after rework.",D8286,POWER_RAIL_3V3,PASS
LOG02228,"board B0681 - 5V rail 4.40V, out of spec, per ECO-114.",B0681,POWER_RAIL_5V,FAIL
LOG02229,"Checked +12V supply on C 1873, 12.07V.",C1873,POWER_RAIL_12V,PASS
LOG02230,"c7294 signal amplitude ch1 measured 2.98vpp, within spec.",C7294,SIGNAL_INTEGRITY,PASS
LOG02231,D 3464 cont check J4 measured 1.26Ohm.,D3464,CONTINUITY,PASS
LOG02232,"Unit B 8816: standby current reading 71.65mA, passes.",B8816,CURRENT_DRAW,PASS
LOG02233,"checked board temp after 10min soak on board a4746, 36.4c, retest after rework.",A4746,THERMAL,PASS
LOG02234,"board D6204 - case temp 7.5C, shift B.",D6204,THERMAL,FAIL
LOG02235,"Unit board B6406: 3.3V rail reading 3.35V, passes.",B6406,POWER_RAIL_3V3,PASS
LOG02236,A 5945 current draw at idle: 8.64 mA.,A5945,CURRENT_DRAW,FAIL
LOG02237,B-6632 3.3v power check: 3.41 V.,B6632,POWER_RAIL_3V3,PASS
LOG02238,Unit C 3387: CH3 signal check reading 3.45Vpp.,C3387,SIGNAL_INTEGRITY,PASS
LOG02239,B 4324 3v3 supply: 3.22 V (nominal).,B4324,POWER_RAIL_3V3,PASS
LOG02240,Unit unit B0001: 12v power check reading 11.88V.,B0001,POWER_RAIL_12V,PASS
LOG02241,"B 1356 - idle current draw 121.30mA, retest after rework.",B1356,CURRENT_DRAW,PASS
LOG02242,board D4944 case temp: 66.6 C.,D4944,THERMAL,FAIL
LOG02243,A-9169 +12V supply measured 12.42V.,A9169,POWER_RAIL_12V,PASS
LOG02244,B-5441 scope reading CH4: 2.48 Vpp (no good).,B5441,SIGNAL_INTEGRITY,FAIL
LOG02245,C4685 +3.3V rail measured 3.23V — good reading.,C4685,POWER_RAIL_3V3,PASS
LOG02246,C6751 CLK continuity: 1.78 Ohm.,C6751,CONTINUITY,PASS
LOG02247,Unit A 5485: cont check J4 reading 2.30Ohm (nominal).,A5485,CONTINUITY,PASS
LOG02248,Unit unit B2620: standby current reading 123.01mA — within spec.,B2620,CURRENT_DRAW,PASS
LOG02249,"board D4112 - VDD_3V3 rail 3.34V, retest after rework.",D4112,POWER_RAIL_3V3,PASS
LOG02250,Unit board D8233: thermal soak reading reading 57.7C.,D8233,THERMAL,FAIL
LOG02251,"unit c8524 +5v supply: 5.60 v, fails.",C8524,POWER_RAIL_5V,FAIL
LOG02252,d9658 board temp after 10min soak: 69.7 c — flagged for rework.,D9658,THERMAL,FAIL
LOG02253,"Checked VDD_5V rail on A4814, 4.32V (bad reading), second attempt.",A4814,POWER_RAIL_5V,FAIL
LOG02254,"Checked board temp after 10min soak on B9196, 4.8C, customer return unit.",B9196,THERMAL,FAIL
LOG02255,"Checked thermal soak reading on B-8792, 20.0C.",B8792,THERMAL,PASS
LOG02256,"Checked thermal reading after burn-in on unit C1122, 64.5C, line 2.",C1122,THERMAL,FAIL
LOG02257,C-3013 3.3v power check measured 2.76V (failed).,C3013,POWER_RAIL_3V3,FAIL
LOG02258,unit B1040 eye height CH3: 3.75 Vpp (out of spec).,B1040,SIGNAL_INTEGRITY,FAIL
LOG02259,"d8039 - thermal reading after burn-in 23.0c — passes, customer return unit.",D8039,THERMAL,PASS
LOG02260,"unit C1043 - thermal soak reading 27.0C, unit was reworked yesterday.",C1043,THERMAL,PASS
LOG02261,"Checked current draw at idle on D-5688, 72.63mA (passes), per ECO-114.",D5688,CURRENT_DRAW,PASS
LOG02262,"C0214 - eye height CH1 3.69Vpp, after reflow.",C0214,SIGNAL_INTEGRITY,FAIL
LOG02263,"unit C2014 - continuity on RESET 3.00Ohm, passes.",C2014,CONTINUITY,PASS
LOG02264,C-3285 5V rail: 5.05 V.,C3285,POWER_RAIL_5V,PASS
LOG02265,"c6440 - vdd_12v rail 12.42v, customer return unit.",C6440,POWER_RAIL_12V,PASS
LOG02266,"Checked 5v power check on A5416, 4.96V, nominal.",A5416,POWER_RAIL_5V,PASS
LOG02267,"a-8291 - 3v3 supply 3.71v (out of spec), unit was reworked yesterday.",A8291,POWER_RAIL_3V3,FAIL
LOG02268,"Checked thermal soak reading on C2630, 35.4C (nominal), line 2.",C2630,THERMAL,PASS
LOG02269,"checked resistance check j4 on d-7450, 7.95ohm, failed, customer return unit.",D7450,CONTINUITY,FAIL
LOG02270,"Checked case temp on D3669, 65.1C (failed), shift B.",D3669,THERMAL,FAIL
LOG02271,A-3674 VDD_12V rail measured 11.68V (looks good).,A3674,POWER_RAIL_12V,PASS
LOG02272,"D 3297 - +3.3V rail 3.83V, second attempt.",D3297,POWER_RAIL_3V3,FAIL
LOG02273,Unit B-5210: scope reading CH3 reading 3.94Vpp.,B5210,SIGNAL_INTEGRITY,FAIL
LOG02274,"unit c-8107: continuity on en_line reading 3.57ohm, ok.",C8107,CONTINUITY,PASS
LOG02275,D-7826 current draw at idle: 106.48 mA.,D7826,CURRENT_DRAW,PASS
LOG02276,"Checked CH4 signal check on A-1209, 3.60Vpp, unit was reworked yesterday.",A1209,SIGNAL_INTEGRITY,PASS
LOG02277,"Checked continuity on RESET on D 4538, 7.13Ohm (reject), shift B.",D4538,CONTINUITY,FAIL
LOG02278,"Checked thermal soak reading on A1673, 4.1C, shift B.",A1673,THERMAL,FAIL
LOG02279,"b 1310 - cont check j12 2.97ohm — all good, per eco-114.",B1310,CONTINUITY,PASS
LOG02280,"A-9298 VDD_12V rail: 10.91 V, failed.",A9298,POWER_RAIL_12V,FAIL
LOG02281,"Unit unit A6378: signal amplitude CH2 reading 3.42Vpp, looks good.",A6378,SIGNAL_INTEGRITY,PASS
LOG02282,unit B2716 3.3v power check: 3.13 V.,B2716,POWER_RAIL_3V3,PASS
LOG02283,Unit board D8000: current draw at idle reading 91.15mA (OK).,D8000,CURRENT_DRAW,PASS
LOG02284,Unit board C3410: continuity on CLK reading 2.96Ohm.,C3410,CONTINUITY,PASS
LOG02285,A 9211 quiescent current measured 78.05mA (passes).,A9211,CURRENT_DRAW,PASS
LOG02286,unit C7286 5V rail: 5.30 V.,C7286,POWER_RAIL_5V,FAIL
LOG02287,d0151 continuity on reset measured 6.08ohm.,D0151,CONTINUITY,FAIL
LOG02288,"board d1596 - scope reading ch2 3.57vpp (within spec), per eco-114.",D1596,SIGNAL_INTEGRITY,PASS
LOG02289,"A-0137 - thermal soak reading 66.4C (no good), after reflow.",A0137,THERMAL,FAIL
LOG02290,"unit A6817 - current draw at idle 138.56mA (all good), unit was reworked yesterday.",A6817,CURRENT_DRAW,PASS
LOG02291,"B3141 - current draw at idle 76.23mA, customer return unit.",B3141,CURRENT_DRAW,PASS
LOG02292,"Checked standby current on C9815, 122.75mA (good reading), customer return unit.",C9815,CURRENT_DRAW,PASS
LOG02293,"checked standby current on c 9467, 72.39ma, customer return unit.",C9467,CURRENT_DRAW,PASS
LOG02294,unit C4338 5V rail measured 4.94V.,C4338,POWER_RAIL_5V,PASS
LOG02295,board D8072 scope reading CH2: 2.43 Vpp.,D8072,SIGNAL_INTEGRITY,FAIL
LOG02296,"C-1345 - 3v3 supply 3.86V (flagged for rework), after reflow.",C1345,POWER_RAIL_3V3,FAIL
LOG02297,"D 8757 thermal soak reading measured 42.0C, OK.",D8757,THERMAL,PASS
LOG02298,unit a-1761: +5v supply reading 5.15v (looks good).,A1761,POWER_RAIL_5V,PASS
LOG02299,C-0068 - scope reading CH2 3.08Vpp — passes.,C0068,SIGNAL_INTEGRITY,PASS
LOG02300,D-8569 5v power check measured 5.64V.,D8569,POWER_RAIL_5V,FAIL
LOG02301,"C-0431 - VDD_12V rail 11.92V, within spec, customer return unit.",C0431,POWER_RAIL_12V,PASS
LOG02302,Unit D 3171: +12V supply reading 11.63V (all good).,D3171,POWER_RAIL_12V,PASS
LOG02303,Unit C 8315: standby current reading 31.31mA (doesn't look right).,C8315,CURRENT_DRAW,FAIL
LOG02304,C 9524 standby current measured 66.31mA — OK.,C9524,CURRENT_DRAW,PASS
LOG02305,Unit B-3743: 3.3V rail reading 3.43V.,B3743,POWER_RAIL_3V3,PASS
LOG02306,"Checked 5V rail on C-8219, 4.75V — looks good, after reflow.",C8219,POWER_RAIL_5V,PASS
LOG02307,"Checked +12V supply on B 1813, 13.31V — no good, unit was reworked yesterday.",B1813,POWER_RAIL_12V,FAIL
LOG02308,B 2638 board temp after 10min soak measured 29.1C — within spec.,B2638,THERMAL,PASS
LOG02309,D9601 VDD_5V rail measured 4.86V (nominal).,D9601,POWER_RAIL_5V,PASS
LOG02310,"C-1524 quiescent current: 68.51 mA, looks good.",C1524,CURRENT_DRAW,PASS
LOG02311,"Unit unit B4850: current draw at idle reading 120.62mA, OK.",B4850,CURRENT_DRAW,PASS
LOG02312,"Checked 3.3v power check on board C1675, 2.77V, second attempt.",C1675,POWER_RAIL_3V3,FAIL
LOG02313,"a-2916 - j4 continuity 6.82ohm, out of spec, unit was reworked yesterday.",A2916,CONTINUITY,FAIL
LOG02314,"checked scope reading ch4 on board b0875, 3.08vpp — all good, line 2.",B0875,SIGNAL_INTEGRITY,PASS
LOG02315,Unit board A7945: resistance check J4 reading 0.89Ohm.,A7945,CONTINUITY,PASS
LOG02316,Unit C-1574: idle current draw reading -1.02mA — flagged for rework.,C1574,CURRENT_DRAW,FAIL
LOG02317,Unit unit B3028: +3.3V rail reading 3.95V.,B3028,POWER_RAIL_3V3,FAIL
LOG02318,"A-3529 +12V supply measured 12.05V, OK.",A3529,POWER_RAIL_12V,PASS
LOG02319,Unit board D6396: VDD_5V rail reading 5.56V — bad reading.,D6396,POWER_RAIL_5V,FAIL
LOG02320,"board C4513 - thermal reading after burn-in 22.4C (nominal), per ECO-114.",C4513,THERMAL,PASS
LOG02321,"Checked 3.3v power check on D4136, 3.32V — nominal, after reflow.",D4136,POWER_RAIL_3V3,PASS
LOG02322,"Unit unit D0261: cont check EN_LINE reading 4.04Ohm, all good.",D0261,CONTINUITY,PASS
LOG02323,"A 5893 - 5V rail 5.14V, after reflow.",A5893,POWER_RAIL_5V,PASS
LOG02324,Unit D-1728: VDD_5V rail reading 4.90V.,D1728,POWER_RAIL_5V,PASS
LOG02325,unit A8271 12v power check measured 12.10V.,A8271,POWER_RAIL_12V,PASS
LOG02326,"Unit A1801: 3.3v power check reading 2.71V, doesn't look right.",A1801,POWER_RAIL_3V3,FAIL
LOG02327,"c7350 - 12v power check 11.68v, second attempt.",C7350,POWER_RAIL_12V,PASS
LOG02328,unit C9673 thermal soak reading measured 39.8C (looks good).,C9673,THERMAL,PASS
LOG02329,B5177 +3.3V rail measured 3.93V (no good).,B5177,POWER_RAIL_3V3,FAIL
LOG02330,"Checked thermal soak reading on unit B9375, 39.0C (all good), retest after rework.",B9375,THERMAL,PASS
LOG02331,B-2329 12V rail measured 12.41V.,B2329,POWER_RAIL_12V,PASS
LOG02332,A-6348 resistance check CLK measured 3.12Ohm.,A6348,CONTINUITY,PASS
LOG02333,Unit board C7173: CH4 signal check reading 2.67Vpp.,C7173,SIGNAL_INTEGRITY,FAIL
LOG02334,"unit D4899 - VDD_3V3 rail 3.90V (out of spec), retest after rework.",D4899,POWER_RAIL_3V3,FAIL
LOG02335,Unit board C2691: +12V supply reading 11.27V.,C2691,POWER_RAIL_12V,FAIL
LOG02336,Unit B-0315: +3.3V rail reading 3.27V — passes.,B0315,POWER_RAIL_3V3,PASS
LOG02337,"Checked scope reading CH2 on board B6242, 3.33Vpp.",B6242,SIGNAL_INTEGRITY,PASS
LOG02338,Unit C-6048: 3v3 supply reading 3.36V (all good).,C6048,POWER_RAIL_3V3,PASS
LOG02339,B3362 5V rail: 5.37 V — fails.,B3362,POWER_RAIL_5V,FAIL
LOG02340,D6445 3.3v power check measured 3.25V.,D6445,POWER_RAIL_3V3,PASS
LOG02341,"Checked current draw at idle on A 6211, 92.74mA.",A6211,CURRENT_DRAW,PASS
LOG02342,d1324 case temp measured 44.7c.,D1324,THERMAL,PASS
LOG02343,"Checked resistance check CLK on B-9965, 2.58Ohm — nominal, after reflow.",B9965,CONTINUITY,PASS
LOG02344,"unit C9028 - case temp 47.7C, second attempt.",C9028,THERMAL,PASS
LOG02345,C-3685 resistance check EN_LINE measured 5.45Ohm (fails).,C3685,CONTINUITY,FAIL
LOG02346,board D7415 CH3 signal check: 3.27 Vpp — good reading.,D7415,SIGNAL_INTEGRITY,PASS
LOG02347,"Checked J7 continuity on D-7174, 5.70Ohm.",D7174,CONTINUITY,FAIL
LOG02348,"A 5116 - current draw at idle 78.19mA, retest after rework.",A5116,CURRENT_DRAW,PASS
LOG02349,"A 5357 - signal amplitude CH1 3.29Vpp, second attempt.",A5357,SIGNAL_INTEGRITY,PASS
LOG02350,a6708 idle current draw: 64.65 ma.,A6708,CURRENT_DRAW,PASS
LOG02351,board A4796 3v3 supply measured 3.32V.,A4796,POWER_RAIL_3V3,PASS
LOG02352,"Checked 3v3 supply on A0215, 2.87V, doesn't look right, customer return unit.",A0215,POWER_RAIL_3V3,FAIL
LOG02353,"Checked idle current draw on D-7623, 44.03mA (failed), per ECO-114.",D7623,CURRENT_DRAW,FAIL
LOG02354,"unit board b2695: 5v power check reading 5.00v, nominal.",B2695,POWER_RAIL_5V,PASS
LOG02355,b9937 vdd_5v rail: 4.27 v (flagged for rework).,B9937,POWER_RAIL_5V,FAIL
LOG02356,board A8205 5V rail measured 4.92V.,A8205,POWER_RAIL_5V,PASS
LOG02357,"unit D5211 - resistance check J4 5.00Ohm — good reading, per ECO-114.",D5211,CONTINUITY,PASS
LOG02358,"Unit B3525: cont check EN_LINE reading 3.14Ohm, good reading.",B3525,CONTINUITY,PASS
LOG02359,D6436 quiescent current measured 92.43mA (OK).,D6436,CURRENT_DRAW,PASS
LOG02360,"Checked board temp after 10min soak on D-1641, 75.4C (failed), line 2.",D1641,THERMAL,FAIL
LOG02361,Unit unit A1607: VDD_3V3 rail reading 3.37V — looks good.,A1607,POWER_RAIL_3V3,PASS
LOG02362,"checked +3.3v rail on b6827, 3.38v (ok), shift b.",B6827,POWER_RAIL_3V3,PASS
LOG02363,unit d 8403: idle current draw reading 65.42ma.,D8403,CURRENT_DRAW,PASS
LOG02364,"Checked +12V supply on D 8555, 12.15V, second attempt.",D8555,POWER_RAIL_12V,PASS
LOG02365,"Checked quiescent current on D4074, 76.14mA (nominal), per ECO-114.",D4074,CURRENT_DRAW,PASS
LOG02366,"unit C0544 eye height CH4: 2.76 Vpp, bad reading.",C0544,SIGNAL_INTEGRITY,FAIL
LOG02367,Unit board B6345: cont check EN_LINE reading 4.99Ohm — checks out.,B6345,CONTINUITY,PASS
LOG02368,unit d1243: vdd_12v rail reading 13.21v (doesn't look right).,D1243,POWER_RAIL_12V,FAIL
LOG02369,"B4275 - +3.3V rail 3.85V, flagged for rework, retest after rework.",B4275,POWER_RAIL_3V3,FAIL
LOG02370,unit C5423 case temp: 30.6 C.,C5423,THERMAL,PASS
LOG02371,C2597 VDD_12V rail: 11.93 V.,C2597,POWER_RAIL_12V,PASS
LOG02372,Unit board D6838: resistance check RESET reading 0.63Ohm.,D6838,CONTINUITY,PASS
LOG02373,D 7234 board temp after 10min soak: 32.3 C (looks good).,D7234,THERMAL,PASS
LOG02374,board D6302 quiescent current: 168.43 mA.,D6302,CURRENT_DRAW,FAIL
LOG02375,C-7216 VDD_3V3 rail measured 2.64V.,C7216,POWER_RAIL_3V3,FAIL
LOG02376,"board b4027 - signal amplitude ch2 4.02vpp, second attempt.",B4027,SIGNAL_INTEGRITY,FAIL
LOG02377,D-2264 CH2 signal check: 3.42 Vpp.,D2264,SIGNAL_INTEGRITY,PASS
LOG02378,board C8019 3.3v power check measured 3.07V.,C8019,POWER_RAIL_3V3,FAIL
LOG02379,board d4820 vdd_5v rail measured 4.90v — nominal.,D4820,POWER_RAIL_5V,PASS
LOG02380,Unit unit D3755: thermal reading after burn-in reading 55.0C.,D3755,THERMAL,PASS
LOG02381,"checked 5v rail on b7754, 5.31v (doesn't look right), line 2.",B7754,POWER_RAIL_5V,FAIL
LOG02382,A1972 5V rail measured 4.57V — no good.,A1972,POWER_RAIL_5V,FAIL
LOG02383,"unit C3340 - EN_LINE continuity 2.78Ohm, unit was reworked yesterday.",C3340,CONTINUITY,PASS
LOG02384,board B0806 12V rail: 11.99 V — passes.,B0806,POWER_RAIL_12V,PASS
LOG02385,unit A9316 3.3v power check measured 3.72V.,A9316,POWER_RAIL_3V3,FAIL
LOG02386,"board C2662 - +5V supply 4.71V (flagged for rework), unit was reworked yesterday.",C2662,POWER_RAIL_5V,FAIL
LOG02387,"Checked thermal soak reading on C-8583, 41.7C, unit was reworked yesterday.",C8583,THERMAL,PASS
LOG02388,"C 6059 - EN_LINE continuity 5.56Ohm, after reflow.",C6059,CONTINUITY,FAIL
LOG02389,"unit A6288 5v power check measured 5.19V, checks out.",A6288,POWER_RAIL_5V,PASS
LOG02390,unit unit d6015: idle current draw reading -2.27ma.,D6015,CURRENT_DRAW,FAIL
LOG02391,D0552 5V rail: 4.56 V — reject.,D0552,POWER_RAIL_5V,FAIL
LOG02392,unit d5577 scope reading ch2 measured 3.50vpp (passes).,D5577,SIGNAL_INTEGRITY,PASS
LOG02393,"D2700 12V rail: 12.18 V, all good.",D2700,POWER_RAIL_12V,PASS
LOG02394,"C 6195 - 12v power check 12.96V (doesn't look right), retest after rework.",C6195,POWER_RAIL_12V,FAIL
LOG02395,"D 2822 - 5V rail 4.99V, good reading, second attempt.",D2822,POWER_RAIL_5V,PASS
LOG02396,"C1222 thermal soak reading measured -0.5C, failed.",C1222,THERMAL,FAIL
LOG02397,board b2442 cont check reset measured 6.85ohm.,B2442,CONTINUITY,FAIL
LOG02398,unit B1298 board temp after 10min soak measured 4.8C.,B1298,THERMAL,FAIL
LOG02399,"Checked standby current on unit C2387, 93.17mA.",C2387,CURRENT_DRAW,PASS
LOG02400,"Checked 3.3V rail on unit C8522, 3.35V.",C8522,POWER_RAIL_3V3,PASS
LOG02401,"B0226 - VDD_12V rail 12.91V, shift B.",B0226,POWER_RAIL_12V,FAIL
LOG02402,A-1053 scope reading CH2: 3.16 Vpp.,A1053,SIGNAL_INTEGRITY,PASS
LOG02403,unit C8501 signal amplitude CH4: 3.28 Vpp.,C8501,SIGNAL_INTEGRITY,PASS
LOG02404,Unit C4353: resistance check J12 reading 6.39Ohm.,C4353,CONTINUITY,FAIL
LOG02405,unit A5064 CH3 signal check: 3.78 Vpp.,A5064,SIGNAL_INTEGRITY,FAIL
LOG02406,"B-6982 VDD_12V rail measured 12.27V, all good.",B6982,POWER_RAIL_12V,PASS
LOG02407,Unit D 5757: idle current draw reading 77.26mA.,D5757,CURRENT_DRAW,PASS
LOG02408,B-7295 CH4 signal check measured 3.98Vpp — out of spec.,B7295,SIGNAL_INTEGRITY,FAIL
LOG02409,unit D3710 thermal soak reading: 8.8 C (failed).,D3710,THERMAL,FAIL
LOG02410,C 9604 case temp: 15.3 C.,C9604,THERMAL,FAIL
LOG02411,"board B9322 - thermal reading after burn-in 24.6C, after reflow.",B9322,THERMAL,PASS
LOG02412,"board A3889 - +12V supply 11.72V, good reading, retest after rework.",A3889,POWER_RAIL_12V,PASS
LOG02413,"C-0357 - current draw at idle 128.34mA, unit was reworked yesterday.",C0357,CURRENT_DRAW,PASS
LOG02414,"C 6975 - VDD_3V3 rail 3.21V, looks good, unit was reworked yesterday.",C6975,POWER_RAIL_3V3,PASS
LOG02415,board A6696 current draw at idle measured 86.55mA.,A6696,CURRENT_DRAW,PASS
LOG02416,"board C8300 - idle current draw 150.00mA, second attempt.",C8300,CURRENT_DRAW,PASS
LOG02417,"D 4035 - VDD_12V rail 11.55V, retest after rework.",D4035,POWER_RAIL_12V,PASS
LOG02418,"Checked +3.3V rail on board B1331, 2.94V — fails, line 2.",B1331,POWER_RAIL_3V3,FAIL
LOG02419,Unit A7058: +12V supply reading 12.25V — nominal.,A7058,POWER_RAIL_12V,PASS
LOG02420,"c 4831 standby current: 77.73 ma, within spec.",C4831,CURRENT_DRAW,PASS
LOG02421,"Checked standby current on D 8830, 68.42mA (looks good).",D8830,CURRENT_DRAW,PASS
LOG02422,C 3357 thermal reading after burn-in: 36.1 C (within spec).,C3357,THERMAL,PASS
LOG02423,board B4514 eye height CH1: 2.94 Vpp — checks out.,B4514,SIGNAL_INTEGRITY,PASS
LOG02424,"Checked 3.3v power check on D-3615, 3.26V, customer return unit.",D3615,POWER_RAIL_3V3,PASS
LOG02425,"Checked case temp on D5294, 31.5C, after reflow.",D5294,THERMAL,PASS
LOG02426,Unit board D5153: signal amplitude CH1 reading 3.50Vpp — OK.,D5153,SIGNAL_INTEGRITY,PASS
LOG02427,Unit board C9779: CH1 signal check reading 3.60Vpp (checks out).,C9779,SIGNAL_INTEGRITY,PASS
LOG02428,"Checked VDD_3V3 rail on unit B9101, 3.35V.",B9101,POWER_RAIL_3V3,PASS
LOG02429,D 0108 12v power check: 10.68 V.,D0108,POWER_RAIL_12V,FAIL
LOG02430,Unit C 2022: resistance check J4 reading 0.77Ohm.,C2022,CONTINUITY,PASS
LOG02431,"Unit unit B8693: 5V rail reading 4.99V, nominal.",B8693,POWER_RAIL_5V,PASS
LOG02432,board D9349 thermal soak reading: 35.2 C.,D9349,THERMAL,PASS
LOG02433,"board C3627 - quiescent current 63.75mA, checks out, shift B.",C3627,CURRENT_DRAW,PASS
LOG02434,d 7764 idle current draw: 110.20 ma (checks out).,D7764,CURRENT_DRAW,PASS
LOG02435,"Checked thermal reading after burn-in on A 3173, 29.1C, retest after rework.",A3173,THERMAL,PASS
LOG02436,Unit D 2871: VDD_12V rail reading 11.74V.,D2871,POWER_RAIL_12V,PASS
LOG02437,"c-4654 5v power check: 4.94 v, checks out.",C4654,POWER_RAIL_5V,PASS
LOG02438,unit A6947 VDD_5V rail measured 4.63V (flagged for rework).,A6947,POWER_RAIL_5V,FAIL
LOG02439,"C 2780 - quiescent current 110.94mA, looks good, after reflow.",C2780,CURRENT_DRAW,PASS
LOG02440,C8333 idle current draw measured -9.12mA (reject).,C8333,CURRENT_DRAW,FAIL
LOG02441,"Checked eye height CH2 on D 9083, 4.05Vpp, per ECO-114.",D9083,SIGNAL_INTEGRITY,FAIL
LOG02442,C 1246 - +5V supply 4.43V — bad reading.,C1246,POWER_RAIL_5V,FAIL
LOG02443,D7576 12V rail measured 11.91V (OK).,D7576,POWER_RAIL_12V,PASS
LOG02444,"Checked 5V rail on unit B9519, 4.75V, second attempt.",B9519,POWER_RAIL_5V,PASS
LOG02445,"unit B6772 - standby current 35.46mA — no good, after reflow.",B6772,CURRENT_DRAW,FAIL
LOG02446,"Checked resistance check J4 on unit D9632, 7.11Ohm (failed), after reflow.",D9632,CONTINUITY,FAIL
LOG02447,"unit b7810 - scope reading ch1 3.81vpp — bad reading, per eco-114.",B7810,SIGNAL_INTEGRITY,FAIL
LOG02448,"unit C6905 thermal soak reading measured 73.9C, out of spec.",C6905,THERMAL,FAIL
LOG02449,"Checked board temp after 10min soak on unit A1578, 68.4C (reject), line 2.",A1578,THERMAL,FAIL
LOG02450,"c-3570 - current draw at idle 112.91ma (looks good), customer return unit.",C3570,CURRENT_DRAW,PASS
LOG02451,"Unit board D2022: signal amplitude CH4 reading 3.45Vpp, checks out.",D2022,SIGNAL_INTEGRITY,PASS
LOG02452,"Checked VDD_5V rail on board A4006, 4.79V, customer return unit.",A4006,POWER_RAIL_5V,PASS
LOG02453,"B7050 - scope reading CH2 3.10Vpp, unit was reworked yesterday.",B7050,SIGNAL_INTEGRITY,PASS
LOG02454,B-5646 standby current measured 129.97mA — good reading.,B5646,CURRENT_DRAW,PASS
LOG02455,"Checked thermal soak reading on B0150, 37.4C — good reading, shift B.",B0150,THERMAL,PASS
LOG02456,board A8132 VDD_12V rail: 12.82 V — fails.,A8132,POWER_RAIL_12V,FAIL
LOG02457,"C 0386 signal amplitude CH3: 2.98 Vpp, passes.",C0386,SIGNAL_INTEGRITY,PASS
LOG02458,"Checked thermal soak reading on C4408, 34.3C — OK, retest after rework.",C4408,THERMAL,PASS
LOG02459,D9800 VDD_12V rail: 10.91 V.,D9800,POWER_RAIL_12V,FAIL
LOG02460,"checked vdd_5v rail on board c7699, 4.81v, good reading, customer return unit.",C7699,POWER_RAIL_5V,PASS
LOG02461,"Checked 12v power check on A1626, 13.29V, reject, after reflow.",A1626,POWER_RAIL_12V,FAIL
LOG02462,A-2903 resistance check J4 measured 6.67Ohm — fails.,A2903,CONTINUITY,FAIL
LOG02463,"B9470 board temp after 10min soak: 34.2 C, good reading.",B9470,THERMAL,PASS
LOG02464,"Checked thermal reading after burn-in on board A4833, 48.3C, per ECO-114.",A4833,THERMAL,PASS
LOG02465,Unit unit A7494: idle current draw reading 111.08mA — good reading.,A7494,CURRENT_DRAW,PASS
LOG02466,"unit A8904 - VDD_3V3 rail 2.80V, unit was reworked yesterday.",A8904,POWER_RAIL_3V3,FAIL
LOG02467,"C-7401 - 5V rail 5.65V (reject), second attempt.",C7401,POWER_RAIL_5V,FAIL
LOG02468,unit C5119 thermal reading after burn-in: 61.8 C — doesn't look right.,C5119,THERMAL,FAIL
LOG02469,"B 7010 - 12v power check 11.40V (passes), line 2.",B7010,POWER_RAIL_12V,PASS
LOG02470,"board C0007 - thermal soak reading 58.0C, after reflow.",C0007,THERMAL,FAIL
LOG02471,board C5424 board temp after 10min soak measured 28.4C.,C5424,THERMAL,PASS
LOG02472,Unit D6927: +5V supply reading 5.03V (passes).,D6927,POWER_RAIL_5V,PASS
LOG02473,"board B8584 - scope reading CH1 2.82Vpp, after reflow.",B8584,SIGNAL_INTEGRITY,PASS
LOG02474,unit D3634 current draw at idle measured 65.04mA — good reading.,D3634,CURRENT_DRAW,PASS
LOG02475,"unit D3844 - VDD_12V rail 11.44V (within spec), retest after rework.",D3844,POWER_RAIL_12V,PASS
LOG02476,"Checked 3v3 supply on D 7249, 3.34V, customer return unit.",D7249,POWER_RAIL_3V3,PASS
LOG02477,C 9251 standby current measured 134.68mA.,C9251,CURRENT_DRAW,PASS
LOG02478,A-9524 cont check EN_LINE: 3.98 Ohm.,A9524,CONTINUITY,PASS
LOG02479,"board D7150 - 3.3V rail 3.36V, retest after rework.",D7150,POWER_RAIL_3V3,PASS
LOG02480,B-2296 thermal soak reading measured 28.6C.,B2296,THERMAL,PASS
LOG02481,"D-7697 - 5V rail 4.90V, OK, retest after rework.",D7697,POWER_RAIL_5V,PASS
LOG02482,"D0747 - 3v3 supply 3.69V, retest after rework.",D0747,POWER_RAIL_3V3,FAIL
LOG02483,"board A9216 - 12V rail 12.76V, after reflow.",A9216,POWER_RAIL_12V,FAIL
LOG02484,D2750 VDD_12V rail measured 12.18V (nominal).,D2750,POWER_RAIL_12V,PASS
LOG02485,board C5280 3.3V rail: 3.59 V (doesn't look right).,C5280,POWER_RAIL_3V3,FAIL
LOG02486,"A6862 3.3V rail measured 3.38V, all good.",A6862,POWER_RAIL_3V3,PASS
LOG02487,"checked signal amplitude ch3 on unit a8309, 2.96vpp, after reflow.",A8309,SIGNAL_INTEGRITY,PASS
LOG02488,A-5840 idle current draw measured 0.17mA.,A5840,CURRENT_DRAW,FAIL
LOG02489,Unit board B5503: VDD_12V rail reading 12.97V.,B5503,POWER_RAIL_12V,FAIL
LOG02490,"checked vdd_12v rail on unit d2458, 12.44v.",D2458,POWER_RAIL_12V,PASS
LOG02491,"Checked 5v power check on A 5882, 5.72V, fails, per ECO-114.",A5882,POWER_RAIL_5V,FAIL
LOG02492,Unit A-0314: 3.3v power check reading 3.29V.,A0314,POWER_RAIL_3V3,PASS
LOG02493,D-3142 cont check EN_LINE measured 1.29Ohm (within spec).,D3142,CONTINUITY,PASS
LOG02494,"B3816 - VDD_5V rail 5.23V — nominal, retest after rework.",B3816,POWER_RAIL_5V,PASS
LOG02495,"board C4178 - J7 continuity 0.00Ohm — passes, second attempt.",C4178,CONTINUITY,PASS
LOG02496,"D-2569 VDD_12V rail: 12.99 V, no good.",D2569,POWER_RAIL_12V,FAIL
LOG02497,"unit c4172 - vdd_12v rail 12.24v — nominal, line 2.",C4172,POWER_RAIL_12V,PASS
LOG02498,Unit unit C4388: VDD_12V rail reading 12.60V (nominal).,C4388,POWER_RAIL_12V,PASS
LOG02499,"unit D2153 CH2 signal check: 2.58 Vpp, bad reading.",D2153,SIGNAL_INTEGRITY,FAIL
LOG02500,Unit B5232: 5v power check reading 4.35V.,B5232,POWER_RAIL_5V,FAIL
LOG02501,"B-0566 - 5v power check 4.72V, customer return unit.",B0566,POWER_RAIL_5V,FAIL
LOG02502,"Unit C 2655: resistance check EN_LINE reading 5.00Ohm, passes.",C2655,CONTINUITY,PASS
LOG02503,Unit unit B0049: 5V rail reading 4.29V.,B0049,POWER_RAIL_5V,FAIL
LOG02504,Unit D6399: CH2 signal check reading 2.81Vpp.,D6399,SIGNAL_INTEGRITY,PASS
LOG02505,"checked case temp on unit d6065, 43.6c, looks good, unit was reworked yesterday.",D6065,THERMAL,PASS
LOG02506,D 9742 thermal soak reading: 73.8 C — no good.,D9742,THERMAL,FAIL
LOG02507,unit unit c4931: eye height ch2 reading 4.03vpp.,C4931,SIGNAL_INTEGRITY,FAIL
LOG02508,"checked 5v rail on a6207, 5.13v (all good), customer return unit.",A6207,POWER_RAIL_5V,PASS
LOG02509,Unit board A3533: 5V rail reading 5.09V.,A3533,POWER_RAIL_5V,PASS
LOG02510,C9896 current draw at idle measured 107.30mA (OK).,C9896,CURRENT_DRAW,PASS
LOG02511,"Checked J12 continuity on C 9901, 5.67Ohm, per ECO-114.",C9901,CONTINUITY,FAIL
LOG02512,unit A2065 CH4 signal check measured 3.19Vpp.,A2065,SIGNAL_INTEGRITY,PASS
LOG02513,B5182 CH2 signal check measured 3.32Vpp (all good).,B5182,SIGNAL_INTEGRITY,PASS
LOG02514,C9173 standby current: 103.74 mA (passes).,C9173,CURRENT_DRAW,PASS
LOG02515,"Checked VDD_12V rail on A5047, 13.17V, second attempt.",A5047,POWER_RAIL_12V,FAIL
LOG02516,"checked 3.3v power check on b-1746, 3.77v, customer return unit.",B1746,POWER_RAIL_3V3,FAIL
LOG02517,Unit B7315: case temp reading 58.6C — flagged for rework.,B7315,THERMAL,FAIL
LOG02518,board A0946 5V rail measured 5.00V (good reading).,A0946,POWER_RAIL_5V,PASS
LOG02519,"board C5157 - idle current draw 93.43mA, good reading, per ECO-114.",C5157,CURRENT_DRAW,PASS
LOG02520,"d6068 - thermal soak reading 70.1c — no good, retest after rework.",D6068,THERMAL,FAIL
LOG02521,"Checked standby current on unit B8474, 113.91mA, OK, second attempt.",B8474,CURRENT_DRAW,PASS
LOG02522,C8359 thermal soak reading: 34.7 C.,C8359,THERMAL,PASS
LOG02523,A 6304 thermal soak reading measured 37.9C.,A6304,THERMAL,PASS
LOG02524,"Unit unit A5259: CH1 signal check reading 3.04Vpp, passes.",A5259,SIGNAL_INTEGRITY,PASS
LOG02525,board C1845 thermal soak reading measured 41.3C.,C1845,THERMAL,PASS
LOG02526,Unit unit C8796: VDD_3V3 rail reading 3.32V (looks good).,C8796,POWER_RAIL_3V3,PASS
LOG02527,C-1409 continuity on EN_LINE: 7.38 Ohm.,C1409,CONTINUITY,FAIL
LOG02528,unit D5007 signal amplitude CH3: 3.84 Vpp.,D5007,SIGNAL_INTEGRITY,FAIL
LOG02529,Unit C-4417: 5V rail reading 5.04V — all good.,C4417,POWER_RAIL_5V,PASS
LOG02530,"C0814 - 3.3V rail 3.28V (looks good), shift B.",C0814,POWER_RAIL_3V3,PASS
LOG02531,unit unit c2415: case temp reading 32.0c — within spec.,C2415,THERMAL,PASS
LOG02532,"Checked 5V rail on D 8231, 5.04V (within spec), unit was reworked yesterday.",D8231,POWER_RAIL_5V,PASS
LOG02533,C 8457 idle current draw: 140.86 mA (good reading).,C8457,CURRENT_DRAW,PASS
LOG02534,unit b6276: signal amplitude ch1 reading 3.54vpp — good reading.,B6276,SIGNAL_INTEGRITY,PASS
LOG02535,C-0734 RESET continuity: 0.00 Ohm (all good).,C0734,CONTINUITY,PASS
LOG02536,B 6586 +3.3V rail: 3.38 V.,B6586,POWER_RAIL_3V3,PASS
LOG02537,"unit B2658 - eye height CH4 2.56Vpp, line 2.",B2658,SIGNAL_INTEGRITY,FAIL
LOG02538,Unit A5248: 12V rail reading 11.76V (nominal).,A5248,POWER_RAIL_12V,PASS
LOG02539,"Checked continuity on CLK on A1460, 2.83Ohm.",A1460,CONTINUITY,PASS
LOG02540,"Checked 12V rail on C 1148, 12.74V, customer return unit.",C1148,POWER_RAIL_12V,FAIL
LOG02541,Unit unit A2216: 5v power check reading 4.89V — good reading.,A2216,POWER_RAIL_5V,PASS
LOG02542,"Checked thermal reading after burn-in on C 8467, 52.2C (all good), shift B.",C8467,THERMAL,PASS
LOG02543,"A9914 - quiescent current 29.77mA, fails, unit was reworked yesterday.",A9914,CURRENT_DRAW,FAIL
LOG02544,"Checked continuity on RESET on board C1752, 0.00Ohm, per ECO-114.",C1752,CONTINUITY,PASS
LOG02545,unit a2221 5v rail: 5.12 v (looks good).,A2221,POWER_RAIL_5V,PASS
LOG02546,unit A2561 cont check EN_LINE: 2.96 Ohm — passes.,A2561,CONTINUITY,PASS
LOG02547,"unit B1879 - 3v3 supply 3.05V, line 2.",B1879,POWER_RAIL_3V3,FAIL
LOG02548,"D 4217 - signal amplitude CH3 3.06Vpp, line 2.",D4217,SIGNAL_INTEGRITY,PASS
LOG02549,C8519 continuity on EN_LINE: 0.62 Ohm.,C8519,CONTINUITY,PASS
LOG02550,"board C4799 - signal amplitude CH1 3.30Vpp, all good, line 2.",C4799,SIGNAL_INTEGRITY,PASS
LOG02551,B2419 idle current draw: 124.91 mA.,B2419,CURRENT_DRAW,PASS
LOG02552,"checked current draw at idle on unit b9504, 116.71ma (good reading), shift b.",B9504,CURRENT_DRAW,PASS
LOG02553,"A4265 - 3.3v power check 3.26V (passes), after reflow.",A4265,POWER_RAIL_3V3,PASS
LOG02554,c 2969 reset continuity: 6.98 ohm.,C2969,CONTINUITY,FAIL
LOG02555,C 3740 3.3V rail measured 3.72V.,C3740,POWER_RAIL_3V3,FAIL
LOG02556,"board B4047 - quiescent current 115.84mA (all good), unit was reworked yesterday.",B4047,CURRENT_DRAW,PASS
LOG02557,"Checked J4 continuity on B 0501, 3.82Ohm, passes, second attempt.",B0501,CONTINUITY,PASS
LOG02558,Unit board C7300: EN_LINE continuity reading 2.25Ohm.,C7300,CONTINUITY,PASS
LOG02559,"board D7709 - idle current draw 182.11mA, retest after rework.",D7709,CURRENT_DRAW,FAIL
LOG02560,board A5532 5v power check measured 4.57V.,A5532,POWER_RAIL_5V,FAIL
LOG02561,"C 9848 - board temp after 10min soak 55.0C (good reading), after reflow.",C9848,THERMAL,PASS
LOG02562,"A-2022 - CH1 signal check 3.43Vpp — checks out, after reflow.",A2022,SIGNAL_INTEGRITY,PASS
LOG02563,Unit C-0609: continuity on J7 reading 2.18Ohm.,C0609,CONTINUITY,PASS
LOG02564,D4386 +3.3V rail: 3.32 V.,D4386,POWER_RAIL_3V3,PASS
LOG02565,"checked idle current draw on board d4467, 185.29ma, per eco-114.",D4467,CURRENT_DRAW,FAIL
LOG02566,"Unit board D9053: 3.3v power check reading 3.27V, passes.",D9053,POWER_RAIL_3V3,PASS
LOG02567,"Checked +12V supply on unit D0815, 12.07V, unit was reworked yesterday.",D0815,POWER_RAIL_12V,PASS
LOG02568,board B7548 +12V supply: 10.79 V (out of spec).,B7548,POWER_RAIL_12V,FAIL
LOG02569,"Unit board D6884: VDD_3V3 rail reading 3.28V, OK.",D6884,POWER_RAIL_3V3,PASS
LOG02570,d 2079 ch3 signal check: 3.80 vpp.,D2079,SIGNAL_INTEGRITY,FAIL
LOG02571,C-9726 standby current: 42.66 mA (flagged for rework).,C9726,CURRENT_DRAW,FAIL
LOG02572,"unit A0346 +12V supply measured 12.00V, all good.",A0346,POWER_RAIL_12V,PASS
LOG02573,"Checked cont check J4 on A 6397, 2.78Ohm, second attempt.",A6397,CONTINUITY,PASS
LOG02574,unit A9616 3v3 supply: 3.32 V (checks out).,A9616,POWER_RAIL_3V3,PASS
LOG02575,"A 9681 - eye height CH2 3.01Vpp, retest after rework.",A9681,SIGNAL_INTEGRITY,PASS
LOG02576,"A5757 12v power check: 12.09 V, looks good.",A5757,POWER_RAIL_12V,PASS
LOG02577,"board D1939 - case temp 34.7C, retest after rework.",D1939,THERMAL,PASS
LOG02578,unit D7297 5V rail measured 5.14V (looks good).,D7297,POWER_RAIL_5V,PASS
LOG02579,"D 2422 - case temp 20.0C — passes, line 2.",D2422,THERMAL,PASS
LOG02580,Unit C5455: idle current draw reading 74.10mA (within spec).,C5455,CURRENT_DRAW,PASS
LOG02581,"checked +5v supply on b-2266, 4.69v (flagged for rework), line 2.",B2266,POWER_RAIL_5V,FAIL
LOG02582,"a 1504 vdd_5v rail measured 4.99v, looks good.",A1504,POWER_RAIL_5V,PASS
LOG02583,"Unit board C4748: thermal soak reading reading 11.8C, bad reading.",C4748,THERMAL,FAIL
LOG02584,board A7119 12V rail: 12.36 V.,A7119,POWER_RAIL_12V,PASS
LOG02585,Unit unit C2159: idle current draw reading 96.04mA — nominal.,C2159,CURRENT_DRAW,PASS
LOG02586,"Checked VDD_12V rail on unit B1385, 12.37V, shift B.",B1385,POWER_RAIL_12V,PASS
LOG02587,"C 5370 - VDD_5V rail 5.07V (within spec), second attempt.",C5370,POWER_RAIL_5V,PASS
LOG02588,Unit B 4674: CH2 signal check reading 3.23Vpp.,B4674,SIGNAL_INTEGRITY,PASS
LOG02589,A-3897 cont check J12: 5.47 Ohm (failed).,A3897,CONTINUITY,FAIL
LOG02590,B4409 VDD_12V rail: 11.73 V.,B4409,POWER_RAIL_12V,PASS
LOG02591,"C 3814 - thermal reading after burn-in 42.3C, after reflow.",C3814,THERMAL,PASS
LOG02592,"Checked scope reading CH3 on B3496, 3.42Vpp.",B3496,SIGNAL_INTEGRITY,PASS
LOG02593,Unit unit D6874: +12V supply reading 11.68V.,D6874,POWER_RAIL_12V,PASS
LOG02594,D3313 signal amplitude CH1 measured 2.94Vpp — good reading.,D3313,SIGNAL_INTEGRITY,PASS
LOG02595,a 5764 quiescent current: 80.69 ma.,A5764,CURRENT_DRAW,PASS
LOG02596,Unit board D1575: 12V rail reading 11.76V (good reading).,D1575,POWER_RAIL_12V,PASS
LOG02597,Unit unit A0401: 3v3 supply reading 2.77V.,A0401,POWER_RAIL_3V3,FAIL
LOG02598,unit D6713 thermal soak reading: 67.9 C.,D6713,THERMAL,FAIL
LOG02599,Unit unit B6106: CLK continuity reading 3.36Ohm.,B6106,CONTINUITY,PASS
LOG02600,Unit C 9759: 12V rail reading 12.43V.,C9759,POWER_RAIL_12V,PASS
LOG02601,Unit D-6216: standby current reading -5.12mA.,D6216,CURRENT_DRAW,FAIL
LOG02602,b-2988 j12 continuity: 7.56 ohm — failed.,B2988,CONTINUITY,FAIL
LOG02603,Unit B5853: 5V rail reading 5.02V.,B5853,POWER_RAIL_5V,PASS
LOG02604,unit c3023 - 5v rail 5.44v.,C3023,POWER_RAIL_5V,FAIL
LOG02605,"D1765 - +3.3V rail 3.21V, second attempt.",D1765,POWER_RAIL_3V3,PASS
LOG02606,"unit a 1638: vdd_3v3 rail reading 2.98v, fails.",A1638,POWER_RAIL_3V3,FAIL
LOG02607,A9053 5v power check: 5.00 V — nominal.,A9053,POWER_RAIL_5V,PASS
LOG02608,unit d7839: thermal soak reading reading 38.4c.,D7839,THERMAL,PASS
LOG02609,"Checked case temp on A1858, 2.0C, failed.",A1858,THERMAL,FAIL
LOG02610,Unit board A5634: 3v3 supply reading 3.35V — looks good.,A5634,POWER_RAIL_3V3,PASS
LOG02611,"Checked +5V supply on D-7574, 4.29V, second attempt.",D7574,POWER_RAIL_5V,FAIL
LOG02612,"B 0484 eye height CH2 measured 3.23Vpp, within spec.",B0484,SIGNAL_INTEGRITY,PASS
LOG02613,"D-9691 - board temp after 10min soak 32.3C, per ECO-114.",D9691,THERMAL,PASS
LOG02614,unit unit d6571: case temp reading 27.8c.,D6571,THERMAL,PASS
LOG02615,board A9002 3v3 supply measured 3.17V.,A9002,POWER_RAIL_3V3,PASS
LOG02616,board B2223 quiescent current: 118.24 mA — good reading.,B2223,CURRENT_DRAW,PASS
LOG02617,"Checked thermal soak reading on board D0898, 48.6C, line 2.",D0898,THERMAL,PASS
LOG02618,C0499 thermal reading after burn-in measured 37.6C.,C0499,THERMAL,PASS
LOG02619,Unit A 0614: resistance check EN_LINE reading 2.81Ohm.,A0614,CONTINUITY,PASS
LOG02620,"D 3298 - case temp 31.8C, retest after rework.",D3298,THERMAL,PASS
LOG02621,"B-9336 - 3.3v power check 3.81V, after reflow.",B9336,POWER_RAIL_3V3,FAIL
LOG02622,"Checked scope reading CH4 on unit D0185, 2.47Vpp — no good, retest after rework.",D0185,SIGNAL_INTEGRITY,FAIL
LOG02623,board D1086 +5V supply measured 5.49V (flagged for rework).,D1086,POWER_RAIL_5V,FAIL
LOG02624,board C2247 cont check J7: 0.71 Ohm (checks out).,C2247,CONTINUITY,PASS
LOG02625,"Checked eye height CH3 on D-8702, 4.06Vpp, flagged for rework, retest after rework.",D8702,SIGNAL_INTEGRITY,FAIL
LOG02626,"D3382 - current draw at idle 110.41mA, per ECO-114.",D3382,CURRENT_DRAW,PASS
LOG02627,"unit a 2428: 5v power check reading 5.41v, flagged for rework.",A2428,POWER_RAIL_5V,FAIL
LOG02628,"unit D2769 - 3.3v power check 3.36V (looks good), shift B.",D2769,POWER_RAIL_3V3,PASS
LOG02629,"board B4688 - thermal reading after burn-in 45.6C, after reflow.",B4688,THERMAL,PASS
LOG02630,board C2759 J12 continuity measured 3.78Ohm.,C2759,CONTINUITY,PASS
LOG02631,C2710 scope reading CH3 measured 3.90Vpp (fails).,C2710,SIGNAL_INTEGRITY,FAIL
LOG02632,B-4693 +12V supply: 12.84 V.,B4693,POWER_RAIL_12V,FAIL
LOG02633,A2823 thermal soak reading measured 60.0C — flagged for rework.,A2823,THERMAL,FAIL
LOG02634,"D-8855 - 5v power check 5.63V, after reflow.",D8855,POWER_RAIL_5V,FAIL
LOG02635,D-6403 12V rail measured 11.15V (out of spec).,D6403,POWER_RAIL_12V,FAIL
LOG02636,unit C4444 3v3 supply measured 3.22V (checks out).,C4444,POWER_RAIL_3V3,PASS
LOG02637,a 1535 idle current draw: 99.25 ma — good reading.,A1535,CURRENT_DRAW,PASS
LOG02638,c-5188 vdd_5v rail: 5.58 v (out of spec).,C5188,POWER_RAIL_5V,FAIL
LOG02639,"Checked CH3 signal check on B 6817, 3.42Vpp, checks out, unit was reworked yesterday.",B6817,SIGNAL_INTEGRITY,PASS
LOG02640,"Checked continuity on EN_LINE on B-4643, 2.73Ohm, per ECO-114.",B4643,CONTINUITY,PASS
LOG02641,"Checked CH1 signal check on board A3107, 3.32Vpp, per ECO-114.",A3107,SIGNAL_INTEGRITY,PASS
LOG02642,Unit board D9046: VDD_3V3 rail reading 2.79V (flagged for rework).,D9046,POWER_RAIL_3V3,FAIL
LOG02643,"Checked VDD_3V3 rail on B4883, 3.30V, unit was reworked yesterday.",B4883,POWER_RAIL_3V3,PASS
LOG02644,"D 6855 - 5V rail 5.11V — OK, line 2.",D6855,POWER_RAIL_5V,PASS
LOG02645,"Checked VDD_5V rail on board C1735, 4.79V, per ECO-114.",C1735,POWER_RAIL_5V,PASS
LOG02646,board A1138 CH1 signal check: 3.15 Vpp.,A1138,SIGNAL_INTEGRITY,PASS
LOG02647,"Unit unit C4982: 3.3V rail reading 3.27V, good reading.",C4982,POWER_RAIL_3V3,PASS
LOG02648,"Checked 5v power check on board D8739, 4.70V, line 2.",D8739,POWER_RAIL_5V,FAIL
LOG02649,board D4728 case temp measured 44.2C.,D4728,THERMAL,PASS
LOG02650,"Unit board C1294: current draw at idle reading 113.39mA, within spec.",C1294,CURRENT_DRAW,PASS
LOG02651,Unit B6629: VDD_3V3 rail reading 3.30V — good reading.,B6629,POWER_RAIL_3V3,PASS
LOG02652,"Checked J12 continuity on B 0595, 1.06Ohm, unit was reworked yesterday.",B0595,CONTINUITY,PASS
LOG02653,"Checked 3.3V rail on A-4706, 3.66V — failed, customer return unit.",A4706,POWER_RAIL_3V3,FAIL
LOG02654,Unit A 4678: thermal soak reading reading 30.2C.,A4678,THERMAL,PASS
LOG02655,"D 5613 - thermal reading after burn-in 37.1C, per ECO-114.",D5613,THERMAL,PASS
LOG02656,unit C8533 3v3 supply measured 3.21V.,C8533,POWER_RAIL_3V3,PASS
LOG02657,B-5770 continuity on J12: 4.75 Ohm (looks good).,B5770,CONTINUITY,PASS
LOG02658,Unit board B1993: +3.3V rail reading 3.19V.,B1993,POWER_RAIL_3V3,PASS
LOG02659,C 3849 3v3 supply measured 3.46V — good reading.,C3849,POWER_RAIL_3V3,PASS
LOG02660,D7628 +12V supply: 13.32 V — reject.,D7628,POWER_RAIL_12V,FAIL
LOG02661,"board C7544 +5V supply: 4.86 V, nominal.",C7544,POWER_RAIL_5V,PASS
LOG02662,C 0556 CH1 signal check: 2.96 Vpp (good reading).,C0556,SIGNAL_INTEGRITY,PASS
LOG02663,"unit B7416 - board temp after 10min soak 34.3C, good reading, per ECO-114.",B7416,THERMAL,PASS
LOG02664,"C 5086 - case temp 35.7C, passes, unit was reworked yesterday.",C5086,THERMAL,PASS
LOG02665,unit A7079 resistance check RESET measured 3.79Ohm.,A7079,CONTINUITY,PASS
LOG02666,B 1883 CH1 signal check measured 3.17Vpp — all good.,B1883,SIGNAL_INTEGRITY,PASS
LOG02667,c 0709 board temp after 10min soak: 62.1 c.,C0709,THERMAL,FAIL
LOG02668,"Unit board B7771: resistance check J7 reading 0.79Ohm, good reading.",B7771,CONTINUITY,PASS
LOG02669,"a 5597 +5v supply measured 4.75v, checks out.",A5597,POWER_RAIL_5V,PASS
LOG02670,"unit B9656 - eye height CH1 2.58Vpp, out of spec, after reflow.",B9656,SIGNAL_INTEGRITY,FAIL
LOG02671,"board B7640 - VDD_5V rail 4.92V, all good, unit was reworked yesterday.",B7640,POWER_RAIL_5V,PASS
LOG02672,"Checked quiescent current on A 8957, 172.91mA — flagged for rework, retest after rework.",A8957,CURRENT_DRAW,FAIL
LOG02673,A 4949 quiescent current: 125.28 mA.,A4949,CURRENT_DRAW,PASS
LOG02674,"Unit B8673: cont check J4 reading 3.44Ohm, checks out.",B8673,CONTINUITY,PASS
LOG02675,"C1523 5V rail: 4.91 V, checks out.",C1523,POWER_RAIL_5V,PASS
LOG02676,board A7227 12v power check measured 12.02V (checks out).,A7227,POWER_RAIL_12V,PASS
LOG02677,"Checked thermal soak reading on board A4646, 48.3C — all good, customer return unit.",A4646,THERMAL,PASS
LOG02678,"B-9318 case temp: 11.5 C, doesn't look right.",B9318,THERMAL,FAIL
LOG02679,"C 1965 - CH2 signal check 3.05Vpp (OK), after reflow.",C1965,SIGNAL_INTEGRITY,PASS
LOG02680,C-7880 5v power check measured 4.96V.,C7880,POWER_RAIL_5V,PASS
LOG02681,Unit D7345: 3.3V rail reading 3.33V (all good).,D7345,POWER_RAIL_3V3,PASS
LOG02682,"A-4893 - 12V rail 12.10V, per ECO-114.",A4893,POWER_RAIL_12V,PASS
LOG02683,Unit D 6698: case temp reading 54.3C.,D6698,THERMAL,PASS
LOG02684,"Checked 3.3v power check on B-2856, 3.20V — good reading, per ECO-114.",B2856,POWER_RAIL_3V3,PASS
LOG02685,"Checked +12V supply on C 3712, 12.68V, line 2.",C3712,POWER_RAIL_12V,FAIL
LOG02686,"Checked +12V supply on unit D5544, 13.26V, no good, second attempt.",D5544,POWER_RAIL_12V,FAIL
LOG02687,"unit D9510 - +5V supply 5.18V — within spec, per ECO-114.",D9510,POWER_RAIL_5V,PASS
LOG02688,"A5288 - thermal soak reading 7.1C, fails, line 2.",A5288,THERMAL,FAIL
LOG02689,B4956 12V rail: 12.39 V — good reading.,B4956,POWER_RAIL_12V,PASS
LOG02690,"C-6240 continuity on CLK measured 3.16Ohm, nominal.",C6240,CONTINUITY,PASS
LOG02691,A9306 VDD_12V rail measured 12.15V — checks out.,A9306,POWER_RAIL_12V,PASS
LOG02692,C 0929 eye height CH4: 3.60 Vpp (passes).,C0929,SIGNAL_INTEGRITY,PASS
LOG02693,board c3370 scope reading ch4: 3.06 vpp — ok.,C3370,SIGNAL_INTEGRITY,PASS
LOG02694,"B 6811 - +3.3V rail 3.26V, nominal, per ECO-114.",B6811,POWER_RAIL_3V3,PASS
LOG02695,D 1219 CH3 signal check measured 4.04Vpp.,D1219,SIGNAL_INTEGRITY,FAIL
LOG02696,"D 3749 - 12v power check 11.84V, nominal, line 2.",D3749,POWER_RAIL_12V,PASS
LOG02697,Unit B-0289: cont check RESET reading 1.41Ohm.,B0289,CONTINUITY,PASS
LOG02698,"Checked idle current draw on unit C0969, 105.36mA, shift B.",C0969,CURRENT_DRAW,PASS
LOG02699,"Checked idle current draw on C0420, 158.20mA (bad reading), line 2.",C0420,CURRENT_DRAW,FAIL
LOG02700,board c0051 vdd_5v rail: 4.99 v (looks good).,C0051,POWER_RAIL_5V,PASS
LOG02701,"Checked 12V rail on unit B0386, 11.64V, retest after rework.",B0386,POWER_RAIL_12V,PASS
LOG02702,"D 8241 thermal soak reading measured 41.8C, checks out.",D8241,THERMAL,PASS
LOG02703,"Checked VDD_3V3 rail on C 1341, 3.28V, shift B.",C1341,POWER_RAIL_3V3,PASS
LOG02704,"Checked cont check J4 on D-6419, 1.45Ohm, unit was reworked yesterday.",D6419,CONTINUITY,PASS
LOG02705,"Unit C9643: 3.3v power check reading 3.23V, within spec.",C9643,POWER_RAIL_3V3,PASS
LOG02706,"A3012 board temp after 10min soak: 74.2 C, no good.",A3012,THERMAL,FAIL
LOG02707,board B5859 +12V supply: 12.93 V — flagged for rework.,B5859,POWER_RAIL_12V,FAIL
LOG02708,"Unit board C4857: 3.3V rail reading 3.58V, bad reading.",C4857,POWER_RAIL_3V3,FAIL
LOG02709,C-1630 case temp: 10.6 C.,C1630,THERMAL,FAIL
LOG02710,A-7723 VDD_12V rail measured 12.38V (looks good).,A7723,POWER_RAIL_12V,PASS
LOG02711,board C4063 idle current draw: 4.60 mA — doesn't look right.,C4063,CURRENT_DRAW,FAIL
LOG02712,unit b9930: board temp after 10min soak reading 27.6c.,B9930,THERMAL,PASS
LOG02713,unit B0901 signal amplitude CH3 measured 3.16Vpp — nominal.,B0901,SIGNAL_INTEGRITY,PASS
LOG02714,board C8754 thermal reading after burn-in: 42.3 C — checks out.,C8754,THERMAL,PASS
LOG02715,A-6135 eye height CH2: 3.75 Vpp — no good.,A6135,SIGNAL_INTEGRITY,FAIL
LOG02716,"board C1235 - board temp after 10min soak 63.5C (failed), second attempt.",C1235,THERMAL,FAIL
LOG02717,"Checked signal amplitude CH1 on C-8275, 3.13Vpp, good reading, shift B.",C8275,SIGNAL_INTEGRITY,PASS
LOG02718,"A 8778 - EN_LINE continuity 6.37Ohm, after reflow.",A8778,CONTINUITY,FAIL
LOG02719,"Checked cont check J7 on board B3893, 2.30Ohm, customer return unit.",B3893,CONTINUITY,PASS
LOG02720,"board A3389 - 5v power check 4.37V, shift B.",A3389,POWER_RAIL_5V,FAIL
LOG02721,unit D3522 5V rail measured 5.25V.,D3522,POWER_RAIL_5V,PASS
LOG02722,board B1322 VDD_5V rail: 5.41 V.,B1322,POWER_RAIL_5V,FAIL
LOG02723,B-8653 CH2 signal check: 3.60 Vpp — looks good.,B8653,SIGNAL_INTEGRITY,PASS
LOG02724,"B 5900 - thermal reading after burn-in 36.2C, shift B.",B5900,THERMAL,PASS
LOG02725,Unit A4084: resistance check J4 reading 7.51Ohm — bad reading.,A4084,CONTINUITY,FAIL
LOG02726,"unit C1227 CH2 signal check measured 3.78Vpp, no good.",C1227,SIGNAL_INTEGRITY,FAIL
LOG02727,C1753 5V rail: 5.05 V.,C1753,POWER_RAIL_5V,PASS
LOG02728,board D3485 scope reading CH3: 3.48 Vpp.,D3485,SIGNAL_INTEGRITY,PASS
LOG02729,"Checked +12V supply on board C0260, 10.73V, retest after rework.",C0260,POWER_RAIL_12V,FAIL
LOG02730,"Checked scope reading CH2 on D-7187, 2.48Vpp, unit was reworked yesterday.",D7187,SIGNAL_INTEGRITY,FAIL
LOG02731,"unit D2103 - 12V rail 11.11V, bad reading.",D2103,POWER_RAIL_12V,FAIL
LOG02732,A 8444 quiescent current measured 196.73mA — no good.,A8444,CURRENT_DRAW,FAIL
LOG02733,C 6396 CH1 signal check measured 3.33Vpp — within spec.,C6396,SIGNAL_INTEGRITY,PASS
LOG02734,"Checked VDD_5V rail on unit B6751, 4.82V — nominal, retest after rework.",B6751,POWER_RAIL_5V,PASS
LOG02735,"B-5897 - 3.3V rail 3.17V, customer return unit.",B5897,POWER_RAIL_3V3,PASS
LOG02736,Unit C9677: +3.3V rail reading 3.76V (bad reading).,C9677,POWER_RAIL_3V3,FAIL
LOG02737,d 3786 3.3v rail: 3.23 v — nominal.,D3786,POWER_RAIL_3V3,PASS
LOG02738,board d3906 vdd_5v rail: 4.99 v — within spec.,D3906,POWER_RAIL_5V,PASS
LOG02739,"Checked CH4 signal check on D-3531, 3.11Vpp — looks good, line 2.",D3531,SIGNAL_INTEGRITY,PASS
LOG02740,"c3392 - board temp after 10min soak 46.8c, second attempt.",C3392,THERMAL,PASS
LOG02741,B1372 idle current draw measured 72.79mA (nominal).,B1372,CURRENT_DRAW,PASS
LOG02742,Unit C-4418: quiescent current reading 100.08mA.,C4418,CURRENT_DRAW,PASS
LOG02743,"A0430 - idle current draw 179.95mA, bad reading, line 2.",A0430,CURRENT_DRAW,FAIL
LOG02744,"board c9911 - 12v rail 11.13v, unit was reworked yesterday.",C9911,POWER_RAIL_12V,FAIL
LOG02745,board c3218 - +12v supply 10.89v.,C3218,POWER_RAIL_12V,FAIL
LOG02746,"Unit D 9150: signal amplitude CH3 reading 3.27Vpp, passes.",D9150,SIGNAL_INTEGRITY,PASS
LOG02747,"Checked CH3 signal check on D-7097, 3.30Vpp, OK, second attempt.",D7097,SIGNAL_INTEGRITY,PASS
LOG02748,D-0417 3.3V rail: 3.42 V.,D0417,POWER_RAIL_3V3,PASS
LOG02749,"board A1013 - 3.3V rail 3.46V, per ECO-114.",A1013,POWER_RAIL_3V3,PASS
LOG02750,"A 0551 - VDD_3V3 rail 3.32V, good reading, after reflow.",A0551,POWER_RAIL_3V3,PASS
LOG02751,Unit unit B3536: current draw at idle reading 40.08mA.,B3536,CURRENT_DRAW,FAIL
LOG02752,D-7718 VDD_5V rail: 5.01 V (all good).,D7718,POWER_RAIL_5V,PASS
LOG02753,"Checked thermal reading after burn-in on A-7908, 34.9C, good reading.",A7908,THERMAL,PASS
LOG02754,D-9036 quiescent current: 127.50 mA.,D9036,CURRENT_DRAW,PASS
LOG02755,board A2499 scope reading CH1 measured 3.91Vpp.,A2499,SIGNAL_INTEGRITY,FAIL
LOG02756,C-2902 VDD_3V3 rail: 3.39 V (looks good).,C2902,POWER_RAIL_3V3,PASS
LOG02757,board B0594 signal amplitude CH1: 3.31 Vpp.,B0594,SIGNAL_INTEGRITY,PASS
LOG02758,A-4019 thermal reading after burn-in: 17.1 C (doesn't look right).,A4019,THERMAL,FAIL
LOG02759,Unit C-9449: VDD_12V rail reading 11.97V.,C9449,POWER_RAIL_12V,PASS
LOG02760,"D5373 - 3.3v power check 3.70V (out of spec), retest after rework.",D5373,POWER_RAIL_3V3,FAIL
LOG02761,"A 5552 - 3v3 supply 3.46V (passes), line 2.",A5552,POWER_RAIL_3V3,PASS
LOG02762,Unit board B2639: 12v power check reading 11.53V.,B2639,POWER_RAIL_12V,PASS
LOG02763,"Checked eye height CH1 on D 8829, 2.76Vpp, customer return unit.",D8829,SIGNAL_INTEGRITY,FAIL
LOG02764,"Checked eye height CH3 on C-6809, 3.70Vpp, failed, unit was reworked yesterday.",C6809,SIGNAL_INTEGRITY,FAIL
LOG02765,Unit board D6709: 3v3 supply reading 3.46V — all good.,D6709,POWER_RAIL_3V3,PASS
LOG02766,B3867 scope reading CH2 measured 3.31Vpp — OK.,B3867,SIGNAL_INTEGRITY,PASS
LOG02767,"unit d7387 - scope reading ch1 3.66vpp — failed, after reflow.",D7387,SIGNAL_INTEGRITY,FAIL
LOG02768,B1332 case temp measured 49.4C.,B1332,THERMAL,PASS
LOG02769,Unit A-6565: thermal reading after burn-in reading 49.4C (nominal).,A6565,THERMAL,PASS
LOG02770,"board b3029 - 5v power check 4.28v, customer return unit.",B3029,POWER_RAIL_5V,FAIL
LOG02771,Unit unit C6702: case temp reading 29.6C.,C6702,THERMAL,PASS
LOG02772,D 8843 quiescent current measured 169.72mA.,D8843,CURRENT_DRAW,FAIL
LOG02773,B-8876 5V rail measured 5.09V — good reading.,B8876,POWER_RAIL_5V,PASS
LOG02774,board c9835 +12v supply measured 11.16v (fails).,C9835,POWER_RAIL_12V,FAIL
LOG02775,board a4995 scope reading ch3 measured 3.65vpp (reject).,A4995,SIGNAL_INTEGRITY,FAIL
LOG02776,"C 6219 - 5v power check 4.95V (looks good), shift B.",C6219,POWER_RAIL_5V,PASS
LOG02777,C 7731 5v power check measured 5.60V — flagged for rework.,C7731,POWER_RAIL_5V,FAIL
LOG02778,"D0900 - thermal soak reading 50.2C, after reflow.",D0900,THERMAL,PASS
LOG02779,"Checked thermal soak reading on C-2118, 31.3C, after reflow.",C2118,THERMAL,PASS
LOG02780,"C9611 - cont check EN_LINE 2.06Ohm, shift B.",C9611,CONTINUITY,PASS
LOG02781,"Checked 12v power check on D 7044, 11.98V, retest after rework.",D7044,POWER_RAIL_12V,PASS
LOG02782,Unit B 2005: continuity on J4 reading 2.48Ohm (all good).,B2005,CONTINUITY,PASS
LOG02783,board B5327 J7 continuity measured 7.36Ohm.,B5327,CONTINUITY,FAIL
LOG02784,Unit D 2733: idle current draw reading 120.38mA.,D2733,CURRENT_DRAW,PASS
LOG02785,unit D0636 cont check EN_LINE measured 5.00Ohm — nominal.,D0636,CONTINUITY,PASS
LOG02786,"D9471 - scope reading CH1 3.13Vpp (looks good), unit was reworked yesterday.",D9471,SIGNAL_INTEGRITY,PASS
LOG02787,board B6684 scope reading CH2: 3.26 Vpp — nominal.,B6684,SIGNAL_INTEGRITY,PASS
LOG02788,unit D8636 current draw at idle: 8.52 mA — fails.,D8636,CURRENT_DRAW,FAIL
LOG02789,Unit B-7888: signal amplitude CH2 reading 3.16Vpp.,B7888,SIGNAL_INTEGRITY,PASS
LOG02790,D-9107 resistance check J4 measured 1.39Ohm — passes.,D9107,CONTINUITY,PASS
LOG02791,"Checked cont check EN_LINE on A0315, 3.75Ohm, within spec, line 2.",A0315,CONTINUITY,PASS
LOG02792,"Unit unit D3530: 5v power check reading 5.03V, passes.",D3530,POWER_RAIL_5V,PASS
LOG02793,B 1573 +12V supply measured 12.22V.,B1573,POWER_RAIL_12V,PASS
LOG02794,board C6687 scope reading CH1 measured 3.32Vpp (good reading).,C6687,SIGNAL_INTEGRITY,PASS
LOG02795,A2418 5v power check: 4.98 V.,A2418,POWER_RAIL_5V,PASS
LOG02796,C3361 continuity on J7 measured 4.15Ohm.,C3361,CONTINUITY,PASS
LOG02797,"A-1689 - board temp after 10min soak 41.4C — nominal, per ECO-114.",A1689,THERMAL,PASS
LOG02798,Unit board B9044: 5v power check reading 5.28V (flagged for rework).,B9044,POWER_RAIL_5V,FAIL
LOG02799,"Unit board C4373: 3v3 supply reading 3.33V, good reading.",C4373,POWER_RAIL_3V3,PASS
LOG02800,A 5495 - 12v power check 12.45V.,A5495,POWER_RAIL_12V,PASS
LOG02801,board C7134 - 3.3v power check 3.96V — doesn't look right.,C7134,POWER_RAIL_3V3,FAIL
LOG02802,"Checked thermal soak reading on unit D3766, 10.0C, unit was reworked yesterday.",D3766,THERMAL,FAIL
LOG02803,unit B1325 - board temp after 10min soak 20.0C.,B1325,THERMAL,PASS
LOG02804,Unit B1485: standby current reading 16.39mA (doesn't look right).,B1485,CURRENT_DRAW,FAIL
LOG02805,board B1211 continuity on J4: 6.06 Ohm — failed.,B1211,CONTINUITY,FAIL
LOG02806,"Checked standby current on C-8715, 175.76mA, customer return unit.",C8715,CURRENT_DRAW,FAIL
LOG02807,A 6698 resistance check RESET: 6.01 Ohm — reject.,A6698,CONTINUITY,FAIL
LOG02808,"board B4699 - 12v power check 11.43V, unit was reworked yesterday.",B4699,POWER_RAIL_12V,PASS
LOG02809,"D6745 cont check J7: 2.58 Ohm, OK.",D6745,CONTINUITY,PASS
LOG02810,Unit unit D0232: signal amplitude CH2 reading 2.95Vpp.,D0232,SIGNAL_INTEGRITY,PASS
LOG02811,"D-0341 - 5V rail 5.18V (within spec), per ECO-114.",D0341,POWER_RAIL_5V,PASS
LOG02812,"B-8324 idle current draw measured 73.16mA, all good.",B8324,CURRENT_DRAW,PASS
LOG02813,"A 6354 - signal amplitude CH3 2.50Vpp, retest after rework.",A6354,SIGNAL_INTEGRITY,FAIL
LOG02814,Unit D-1370: thermal reading after burn-in reading 1.2C.,D1370,THERMAL,FAIL
LOG02815,Unit unit B7788: thermal reading after burn-in reading 63.2C (flagged for rework).,B7788,THERMAL,FAIL
LOG02816,Unit B 1448: board temp after 10min soak reading 74.6C.,B1448,THERMAL,FAIL
LOG02817,"D4272 - VDD_5V rail 4.90V, nominal, second attempt.",D4272,POWER_RAIL_5V,PASS
LOG02818,unit D9702 signal amplitude CH1: 3.79 Vpp.,D9702,SIGNAL_INTEGRITY,FAIL
LOG02819,board D9429 signal amplitude CH3: 3.17 Vpp — nominal.,D9429,SIGNAL_INTEGRITY,PASS
LOG02820,"A4410 - 12v power check 12.21V (OK), customer return unit.",A4410,POWER_RAIL_12V,PASS
LOG02821,"Unit unit A0699: +12V supply reading 12.17V, nominal.",A0699,POWER_RAIL_12V,PASS
LOG02822,A-0687 board temp after 10min soak: -0.5 C — bad reading.,A0687,THERMAL,FAIL
LOG02823,A1469 board temp after 10min soak measured 16.9C — reject.,A1469,THERMAL,FAIL
LOG02824,"Checked eye height CH3 on C7478, 2.92Vpp (looks good), per ECO-114.",C7478,SIGNAL_INTEGRITY,PASS
LOG02825,Unit D 0708: thermal soak reading reading 36.4C.,D0708,THERMAL,PASS
LOG02826,A-7365 idle current draw measured 91.03mA.,A7365,CURRENT_DRAW,PASS
LOG02827,"Checked eye height CH1 on board B8760, 3.12Vpp (nominal).",B8760,SIGNAL_INTEGRITY,PASS
LOG02828,"B-3287 - current draw at idle 172.23mA (failed), customer return unit.",B3287,CURRENT_DRAW,FAIL
LOG02829,B-0108 VDD_5V rail measured 5.04V — good reading.,B0108,POWER_RAIL_5V,PASS
LOG02830,Unit D3798: VDD_3V3 rail reading 3.37V — within spec.,D3798,POWER_RAIL_3V3,PASS
LOG02831,D0780 5V rail: 5.14 V (within spec).,D0780,POWER_RAIL_5V,PASS
LOG02832,Unit D4257: 3.3V rail reading 3.17V.,D4257,POWER_RAIL_3V3,PASS
LOG02833,Unit D 5734: current draw at idle reading 168.25mA.,D5734,CURRENT_DRAW,FAIL
LOG02834,board B8439 cont check RESET: 0.00 Ohm (OK).,B8439,CONTINUITY,PASS
LOG02835,D-0616 board temp after 10min soak measured 45.6C.,D0616,THERMAL,PASS
LOG02836,"c-4520 - standby current 109.01ma, passes, after reflow.",C4520,CURRENT_DRAW,PASS
LOG02837,"B 9961 - 5v power check 5.05V, unit was reworked yesterday.",B9961,POWER_RAIL_5V,PASS
LOG02838,unit D0174 standby current: 50.00 mA.,D0174,CURRENT_DRAW,PASS
LOG02839,A 8989 +3.3V rail: 3.20 V.,A8989,POWER_RAIL_3V3,PASS
LOG02840,"A 1955 idle current draw measured 124.20mA, looks good.",A1955,CURRENT_DRAW,PASS
LOG02841,"c-5602 - standby current 31.96ma — failed, line 2.",C5602,CURRENT_DRAW,FAIL
LOG02842,"board B9607 thermal soak reading: 37.9 C, OK.",B9607,THERMAL,PASS
LOG02843,unit C4246 signal amplitude CH2 measured 2.97Vpp.,C4246,SIGNAL_INTEGRITY,PASS
LOG02844,"Checked 12v power check on board B4427, 11.58V, second attempt.",B4427,POWER_RAIL_12V,PASS
LOG02845,"D3646 continuity on CLK: 2.64 Ohm, within spec.",D3646,CONTINUITY,PASS
LOG02846,"A 9048 - 3v3 supply 3.46V, passes, line 2.",A9048,POWER_RAIL_3V3,PASS
LOG02847,"B 7414 - VDD_12V rail 12.09V, retest after rework.",B7414,POWER_RAIL_12V,PASS
LOG02848,unit b 5344: ch4 signal check reading 3.40vpp.,B5344,SIGNAL_INTEGRITY,PASS
LOG02849,"Checked case temp on unit B8259, 48.3C.",B8259,THERMAL,PASS
LOG02850,"Checked 5V rail on B1865, 5.05V — all good, line 2.",B1865,POWER_RAIL_5V,PASS
LOG02851,A-9111 VDD_12V rail measured 11.75V.,A9111,POWER_RAIL_12V,PASS
LOG02852,A6670 thermal reading after burn-in measured 29.0C — passes.,A6670,THERMAL,PASS
LOG02853,"board A6718 - 12V rail 13.04V, retest after rework.",A6718,POWER_RAIL_12V,FAIL
LOG02854,"Unit unit C0644: resistance check RESET reading 7.44Ohm, bad reading.",C0644,CONTINUITY,FAIL
LOG02855,"D1520 case temp measured 31.5C, all good.",D1520,THERMAL,PASS
LOG02856,board D3498 5v power check: 5.06 V (passes).,D3498,POWER_RAIL_5V,PASS
LOG02857,board A9772 - continuity on RESET 3.16Ohm (passes).,A9772,CONTINUITY,PASS
LOG02858,D-5600 - VDD_5V rail 4.44V (bad reading).,D5600,POWER_RAIL_5V,FAIL
LOG02859,board A3987 board temp after 10min soak: 40.6 C (all good).,A3987,THERMAL,PASS
LOG02860,b-2439 +5v supply measured 5.32v (no good).,B2439,POWER_RAIL_5V,FAIL
LOG02861,Unit C 7226: VDD_3V3 rail reading 3.34V (passes).,C7226,POWER_RAIL_3V3,PASS
LOG02862,B-0355 thermal reading after burn-in measured 39.3C — OK.,B0355,THERMAL,PASS
LOG02863,"checked 12v rail on b6448, 12.01v, per eco-114.",B6448,POWER_RAIL_12V,PASS
LOG02864,C-3300 idle current draw: 51.67 mA — nominal.,C3300,CURRENT_DRAW,PASS
LOG02865,board C5136 +3.3V rail measured 3.31V.,C5136,POWER_RAIL_3V3,PASS
LOG02866,Unit board D8938: standby current reading 82.22mA (all good).,D8938,CURRENT_DRAW,PASS
LOG02867,"checked case temp on unit a2784, 32.0c (within spec), retest after rework.",A2784,THERMAL,PASS
LOG02868,A-7166 3.3V rail measured 3.08V — reject.,A7166,POWER_RAIL_3V3,FAIL
LOG02869,Unit unit C9663: 5v power check reading 4.85V.,C9663,POWER_RAIL_5V,PASS
LOG02870,"Checked standby current on D7270, 118.98mA, unit was reworked yesterday.",D7270,CURRENT_DRAW,PASS
LOG02871,"C 1517 signal amplitude CH1 measured 3.04Vpp, within spec.",C1517,SIGNAL_INTEGRITY,PASS
LOG02872,Unit B 9486: +3.3V rail reading 2.71V.,B9486,POWER_RAIL_3V3,FAIL
LOG02873,C 3061 RESET continuity measured 7.47Ohm — bad reading.,C3061,CONTINUITY,FAIL
LOG02874,"Unit unit C0839: 12v power check reading 13.30V, doesn't look right.",C0839,POWER_RAIL_12V,FAIL
LOG02875,"C 0353 - 3v3 supply 3.18V (OK), line 2.",C0353,POWER_RAIL_3V3,PASS
LOG02876,"D 7771 - signal amplitude CH1 3.18Vpp, line 2.",D7771,SIGNAL_INTEGRITY,PASS
LOG02877,"Checked case temp on B 3209, 72.6C, customer return unit.",B3209,THERMAL,FAIL
LOG02878,"unit A4140 - 5v power check 5.14V, line 2.",A4140,POWER_RAIL_5V,PASS
LOG02879,"Checked +5V supply on B5672, 5.02V (checks out), customer return unit.",B5672,POWER_RAIL_5V,PASS
LOG02880,"board C1154 - continuity on RESET 1.17Ohm, looks good, line 2.",C1154,CONTINUITY,PASS
LOG02881,"Checked 5v power check on board C3973, 5.05V, after reflow.",C3973,POWER_RAIL_5V,PASS
LOG02882,Unit board A1207: 3.3V rail reading 3.13V.,A1207,POWER_RAIL_3V3,PASS
LOG02883,Unit C6160: 5v power check reading 4.75V.,C6160,POWER_RAIL_5V,PASS
LOG02884,Unit C-9505: +5V supply reading 5.01V — passes.,C9505,POWER_RAIL_5V,PASS
LOG02885,"B5829 - cont check J12 7.03Ohm, customer return unit.",B5829,CONTINUITY,FAIL
LOG02886,"Checked +5V supply on B-5278, 4.99V, looks good, shift B.",B5278,POWER_RAIL_5V,PASS
LOG02887,unit C7303 quiescent current measured 108.05mA — looks good.,C7303,CURRENT_DRAW,PASS
LOG02888,"board B5411 12v power check: 11.95 V, all good.",B5411,POWER_RAIL_12V,PASS
LOG02889,"Checked +5V supply on D 9808, 5.06V.",D9808,POWER_RAIL_5V,PASS
LOG02890,B-0737 case temp measured 42.1C.,B0737,THERMAL,PASS
LOG02891,"C0269 - 3.3v power check 3.20V, shift B.",C0269,POWER_RAIL_3V3,PASS
LOG02892,"Checked quiescent current on B 8095, 99.28mA, retest after rework.",B8095,CURRENT_DRAW,PASS
LOG02893,"board D3266 - VDD_12V rail 11.94V (passes), after reflow.",D3266,POWER_RAIL_12V,PASS
LOG02894,"Checked signal amplitude CH4 on unit D5002, 2.54Vpp, line 2.",D5002,SIGNAL_INTEGRITY,FAIL
LOG02895,"A 7819 idle current draw: 82.46 mA, OK.",A7819,CURRENT_DRAW,PASS
LOG02896,D-7477 VDD_12V rail: 11.91 V.,D7477,POWER_RAIL_12V,PASS
LOG02897,A3716 signal amplitude CH3: 3.03 Vpp.,A3716,SIGNAL_INTEGRITY,PASS
LOG02898,"Unit board C0998: standby current reading 96.20mA, checks out.",C0998,CURRENT_DRAW,PASS
LOG02899,unit B6470 signal amplitude CH1: 3.24 Vpp.,B6470,SIGNAL_INTEGRITY,PASS
LOG02900,D2403 VDD_3V3 rail measured 3.42V.,D2403,POWER_RAIL_3V3,PASS
LOG02901,"Checked 12V rail on unit B5889, 11.74V, retest after rework.",B5889,POWER_RAIL_12V,PASS
LOG02902,unit B4730 current draw at idle measured 112.27mA (OK).,B4730,CURRENT_DRAW,PASS
LOG02903,Unit B8088: VDD_3V3 rail reading 3.44V.,B8088,POWER_RAIL_3V3,PASS
LOG02904,C-3056 12v power check measured 10.97V.,C3056,POWER_RAIL_12V,FAIL
LOG02905,unit B6282 signal amplitude CH1 measured 3.30Vpp (looks good).,B6282,SIGNAL_INTEGRITY,PASS
LOG02906,"board C4184 thermal soak reading measured 20.0C, looks good.",C4184,THERMAL,PASS
LOG02907,Unit D 0230: VDD_5V rail reading 4.27V — doesn't look right.,D0230,POWER_RAIL_5V,FAIL
LOG02908,C1095 VDD_3V3 rail: 3.19 V — looks good.,C1095,POWER_RAIL_3V3,PASS
LOG02909,"Checked 5V rail on unit B5864, 5.41V, no good, retest after rework.",B5864,POWER_RAIL_5V,FAIL
LOG02910,Unit board D5020: +3.3V rail reading 3.26V.,D5020,POWER_RAIL_3V3,PASS
LOG02911,Unit B6081: signal amplitude CH3 reading 3.54Vpp — nominal.,B6081,SIGNAL_INTEGRITY,PASS
LOG02912,A-5894 thermal reading after burn-in: 42.3 C — nominal.,A5894,THERMAL,PASS
LOG02913,D8022 +5V supply: 5.05 V — nominal.,D8022,POWER_RAIL_5V,PASS
LOG02914,Unit unit B1295: standby current reading 101.27mA — all good.,B1295,CURRENT_DRAW,PASS
LOG02915,"Checked 3v3 supply on unit D9267, 3.28V, looks good, per ECO-114.",D9267,POWER_RAIL_3V3,PASS
LOG02916,"Checked 3v3 supply on board D4735, 3.17V, passes, unit was reworked yesterday.",D4735,POWER_RAIL_3V3,PASS
LOG02917,D3763 3.3v power check: 3.27 V.,D3763,POWER_RAIL_3V3,PASS
LOG02918,"Unit B3798: +3.3V rail reading 3.83V, flagged for rework.",B3798,POWER_RAIL_3V3,FAIL
LOG02919,"C-8314 - thermal soak reading 32.8C (within spec), customer return unit.",C8314,THERMAL,PASS
LOG02920,Unit board C8910: 5V rail reading 4.26V (bad reading).,C8910,POWER_RAIL_5V,FAIL
LOG02921,"checked 3v3 supply on d8841, 3.91v, unit was reworked yesterday.",D8841,POWER_RAIL_3V3,FAIL
LOG02922,"A6942 VDD_5V rail measured 5.22V, all good.",A6942,POWER_RAIL_5V,PASS
LOG02923,C3071 resistance check J12: 6.03 Ohm — out of spec.,C3071,CONTINUITY,FAIL
LOG02924,C 8726 board temp after 10min soak measured 42.5C — all good.,C8726,THERMAL,PASS
LOG02925,"A0899 12V rail measured 12.35V, good reading.",A0899,POWER_RAIL_12V,PASS
LOG02926,Unit D1113: VDD_12V rail reading 12.52V — checks out.,D1113,POWER_RAIL_12V,PASS
LOG02927,"D7801 - 3.3v power check 3.82V (flagged for rework), second attempt.",D7801,POWER_RAIL_3V3,FAIL
LOG02928,Unit A6463: +5V supply reading 4.75V (checks out).,A6463,POWER_RAIL_5V,PASS
LOG02929,"checked 5v power check on board a5423, 5.01v, nominal.",A5423,POWER_RAIL_5V,PASS
LOG02930,A 4602 eye height CH3 measured 3.36Vpp.,A4602,SIGNAL_INTEGRITY,PASS
LOG02931,"Checked VDD_12V rail on D-1248, 11.44V, retest after rework.",D1248,POWER_RAIL_12V,PASS
LOG02932,"A-7944 - +12V supply 11.97V, good reading, line 2.",A7944,POWER_RAIL_12V,PASS
LOG02933,"c4682 3.3v power check: 3.38 v, checks out.",C4682,POWER_RAIL_3V3,PASS
LOG02934,"D-3964 12v power check: 12.04 V, nominal.",D3964,POWER_RAIL_12V,PASS
LOG02935,"D 2233 - VDD_12V rail 12.18V — good reading, per ECO-114.",D2233,POWER_RAIL_12V,PASS
LOG02936,"checked thermal reading after burn-in on d 1794, 24.4c, customer return unit.",D1794,THERMAL,PASS
LOG02937,"board A6704 CH3 signal check: 3.86 Vpp, reject.",A6704,SIGNAL_INTEGRITY,FAIL
LOG02938,B9762 quiescent current measured 117.66mA.,B9762,CURRENT_DRAW,PASS
LOG02939,"Checked 3.3V rail on unit B2086, 3.46V — OK, retest after rework.",B2086,POWER_RAIL_3V3,PASS
LOG02940,Unit A-4724: cont check CLK reading 5.55Ohm.,A4724,CONTINUITY,FAIL
LOG02941,unit C8059 scope reading CH4 measured 3.22Vpp — all good.,C8059,SIGNAL_INTEGRITY,PASS
LOG02942,"Checked 3v3 supply on board D8836, 3.32V, all good, second attempt.",D8836,POWER_RAIL_3V3,PASS
LOG02943,unit c 5362: quiescent current reading 126.81ma.,C5362,CURRENT_DRAW,PASS
LOG02944,D8264 12V rail measured 12.32V.,D8264,POWER_RAIL_12V,PASS
LOG02945,"D 2113 - board temp after 10min soak 54.0C — all good, shift B.",D2113,THERMAL,PASS
LOG02946,"c-8163 - eye height ch3 3.83vpp, second attempt.",C8163,SIGNAL_INTEGRITY,FAIL
LOG02947,"unit A4460 - RESET continuity 3.67Ohm, per ECO-114.",A4460,CONTINUITY,PASS
LOG02948,B-1658 VDD_12V rail measured 11.56V (nominal).,B1658,POWER_RAIL_12V,PASS
LOG02949,unit d8859 vdd_5v rail measured 5.08v.,D8859,POWER_RAIL_5V,PASS
LOG02950,"B-8612 - VDD_12V rail 12.48V, customer return unit.",B8612,POWER_RAIL_12V,PASS
LOG02951,Unit unit C7490: case temp reading 38.4C.,C7490,THERMAL,PASS
LOG02952,D 8187 board temp after 10min soak: 28.8 C — all good.,D8187,THERMAL,PASS
LOG02953,unit b2885 12v power check measured 11.44v — looks good.,B2885,POWER_RAIL_12V,PASS
LOG02954,"Checked board temp after 10min soak on D6311, 73.4C, line 2.",D6311,THERMAL,FAIL
LOG02955,"C 1181 - scope reading CH4 3.24Vpp — checks out, after reflow.",C1181,SIGNAL_INTEGRITY,PASS
LOG02956,Unit B4229: board temp after 10min soak reading 53.0C — within spec.,B4229,THERMAL,PASS
LOG02957,unit D6891 J4 continuity measured 2.08Ohm — all good.,D6891,CONTINUITY,PASS
LOG02958,"unit D6666 - 5v power check 5.17V, within spec, after reflow.",D6666,POWER_RAIL_5V,PASS
LOG02959,board c1434 - scope reading ch2 3.56vpp.,C1434,SIGNAL_INTEGRITY,PASS
LOG02960,"unit D3189 - continuity on J4 6.34Ohm — flagged for rework, shift B.",D3189,CONTINUITY,FAIL
LOG02961,C3036 5V rail: 4.91 V.,C3036,POWER_RAIL_5V,PASS
LOG02962,C 2070 case temp measured 0.8C.,C2070,THERMAL,FAIL
LOG02963,C9570 VDD_5V rail measured 4.46V.,C9570,POWER_RAIL_5V,FAIL
LOG02964,A0996 - +3.3V rail 3.92V.,A0996,POWER_RAIL_3V3,FAIL
LOG02965,unit a 1543: thermal reading after burn-in reading 40.0c (within spec).,A1543,THERMAL,PASS
LOG02966,A 4866 - +5V supply 5.13V.,A4866,POWER_RAIL_5V,PASS
LOG02967,"Checked case temp on C2998, 55.0C — checks out, after reflow.",C2998,THERMAL,PASS
LOG02968,"Checked current draw at idle on unit D2906, 184.02mA — out of spec, retest after rework.",D2906,CURRENT_DRAW,FAIL
LOG02969,"Checked case temp on D6001, 2.8C, no good, unit was reworked yesterday.",D6001,THERMAL,FAIL
LOG02970,board b4441 signal amplitude ch3 measured 3.52vpp.,B4441,SIGNAL_INTEGRITY,PASS
LOG02971,unit d1829 board temp after 10min soak measured 71.1c.,D1829,THERMAL,FAIL
LOG02972,unit A1470 12V rail measured 12.22V.,A1470,POWER_RAIL_12V,PASS
LOG02973,board D6950 thermal reading after burn-in measured 2.0C (fails).,D6950,THERMAL,FAIL
LOG02974,board B4380 case temp measured 26.0C.,B4380,THERMAL,PASS
LOG02975,Unit D-6694: case temp reading 33.2C (within spec).,D6694,THERMAL,PASS
LOG02976,Unit unit C2066: 3.3V rail reading 2.72V.,C2066,POWER_RAIL_3V3,FAIL
LOG02977,"board D8579 scope reading CH3 measured 2.80Vpp, OK.",D8579,SIGNAL_INTEGRITY,PASS
LOG02978,board b4573 signal amplitude ch4 measured 3.04vpp (good reading).,B4573,SIGNAL_INTEGRITY,PASS
LOG02979,A-3725 +5V supply measured 5.18V.,A3725,POWER_RAIL_5V,PASS
LOG02980,"B0808 5v power check: 4.92 V, within spec.",B0808,POWER_RAIL_5V,PASS
LOG02981,"B 1420 +5V supply: 5.34 V, doesn't look right.",B1420,POWER_RAIL_5V,FAIL
LOG02982,Unit B-3734: 12v power check reading 11.86V.,B3734,POWER_RAIL_12V,PASS
LOG02983,"Checked cont check EN_LINE on D 5849, 7.86Ohm, customer return unit.",D5849,CONTINUITY,FAIL
LOG02984,"Checked signal amplitude CH2 on C 0387, 3.32Vpp, unit was reworked yesterday.",C0387,SIGNAL_INTEGRITY,PASS
LOG02985,"Checked thermal reading after burn-in on board B6790, 36.3C (looks good), customer return unit.",B6790,THERMAL,PASS
LOG02986,C7462 VDD_12V rail measured 12.42V — looks good.,C7462,POWER_RAIL_12V,PASS
LOG02987,Unit A-2018: eye height CH3 reading 2.94Vpp (good reading).,A2018,SIGNAL_INTEGRITY,PASS
LOG02988,"checked 12v power check on c 4009, 11.76v (looks good), per eco-114.",C4009,POWER_RAIL_12V,PASS
LOG02989,Unit unit D2687: eye height CH3 reading 2.80Vpp — checks out.,D2687,SIGNAL_INTEGRITY,PASS
LOG02990,Unit A-7913: VDD_12V rail reading 12.28V — checks out.,A7913,POWER_RAIL_12V,PASS
LOG02991,a7417 thermal reading after burn-in measured 33.7c — all good.,A7417,THERMAL,PASS
LOG02992,"Checked 5V rail on B 7436, 4.84V, nominal, retest after rework.",B7436,POWER_RAIL_5V,PASS
LOG02993,"Checked 3v3 supply on D9759, 3.30V — checks out, shift B.",D9759,POWER_RAIL_3V3,PASS
LOG02994,"unit A4337 - signal amplitude CH1 2.36Vpp, reject, unit was reworked yesterday.",A4337,SIGNAL_INTEGRITY,FAIL
LOG02995,D3331 12V rail: 12.36 V (good reading).,D3331,POWER_RAIL_12V,PASS
LOG02996,"A 4888 - +5V supply 5.01V, after reflow.",A4888,POWER_RAIL_5V,PASS
LOG02997,"Checked 3v3 supply on D2074, 3.35V — nominal, customer return unit.",D2074,POWER_RAIL_3V3,PASS
LOG02998,"Checked VDD_3V3 rail on B 6700, 3.34V, customer return unit.",B6700,POWER_RAIL_3V3,PASS
LOG02999,unit c 6842: scope reading ch4 reading 2.85vpp.,C6842,SIGNAL_INTEGRITY,PASS
LOG03000,"Checked board temp after 10min soak on board B0560, 54.1C, customer return unit.",B0560,THERMAL,PASS
LOG03001,"A-4071 continuity on RESET measured 2.47Ohm, looks good.",A4071,CONTINUITY,PASS
LOG03002,"B-1719 idle current draw measured 88.11mA, good reading.",B1719,CURRENT_DRAW,PASS
LOG03003,"board D8777 5v power check measured 5.19V, within spec.",D8777,POWER_RAIL_5V,PASS
LOG03004,"Checked board temp after 10min soak on C4697, 37.3C, line 2.",C4697,THERMAL,PASS
LOG03005,unit d 6615: j12 continuity reading 0.92ohm.,D6615,CONTINUITY,PASS
LOG03006,Unit B4098: eye height CH3 reading 3.80Vpp.,B4098,SIGNAL_INTEGRITY,FAIL
LOG03007,Unit B6497: J12 continuity reading 1.35Ohm.,B6497,CONTINUITY,PASS
LOG03008,"B-6838 idle current draw measured 98.53mA, all good.",B6838,CURRENT_DRAW,PASS
LOG03009,"D6718 - 5v power check 4.84V, retest after rework.",D6718,POWER_RAIL_5V,PASS
LOG03010,"unit B0374 eye height CH3 measured 3.86Vpp, flagged for rework.",B0374,SIGNAL_INTEGRITY,FAIL
LOG03011,"D3614 resistance check CLK measured 1.78Ohm, good reading.",D3614,CONTINUITY,PASS
LOG03012,board C4274 +12V supply measured 12.10V.,C4274,POWER_RAIL_12V,PASS
LOG03013,unit board c2915: 5v rail reading 5.50v.,C2915,POWER_RAIL_5V,FAIL
LOG03014,"C9623 - cont check J4 5.41Ohm, reject, per ECO-114.",C9623,CONTINUITY,FAIL
LOG03015,"board B5863 board temp after 10min soak: 36.5 C, checks out.",B5863,THERMAL,PASS
LOG03016,"Unit unit B0994: +12V supply reading 11.11V, failed.",B0994,POWER_RAIL_12V,FAIL
LOG03017,"Unit C-7536: signal amplitude CH3 reading 3.68Vpp, reject.",C7536,SIGNAL_INTEGRITY,FAIL
LOG03018,Unit unit D3954: 3.3v power check reading 3.54V.,D3954,POWER_RAIL_3V3,FAIL
LOG03019,"C-4432 - VDD_12V rail 11.98V, per ECO-114.",C4432,POWER_RAIL_12V,PASS
LOG03020,Unit unit C5217: case temp reading 36.8C.,C5217,THERMAL,PASS
LOG03021,"checked vdd_5v rail on unit a0529, 5.17v — all good, per eco-114.",A0529,POWER_RAIL_5V,PASS
LOG03022,unit A7857 VDD_3V3 rail measured 3.27V.,A7857,POWER_RAIL_3V3,PASS
LOG03023,"Checked board temp after 10min soak on A 3718, 25.7C, unit was reworked yesterday.",A3718,THERMAL,PASS
LOG03024,"Checked 3.3V rail on board A6376, 3.34V — nominal, line 2.",A6376,POWER_RAIL_3V3,PASS
LOG03025,unit d-4723: ch4 signal check reading 2.82vpp.,D4723,SIGNAL_INTEGRITY,PASS
LOG03026,c-5199 - vdd_12v rail 11.84v.,C5199,POWER_RAIL_12V,PASS
LOG03027,board D6267 CH4 signal check: 3.34 Vpp — good reading.,D6267,SIGNAL_INTEGRITY,PASS
LOG03028,B 9094 CH2 signal check: 3.02 Vpp — checks out.,B9094,SIGNAL_INTEGRITY,PASS
LOG03029,board A8877 - 12v power check 12.02V (all good).,A8877,POWER_RAIL_12V,PASS
LOG03030,board C6117 CH2 signal check measured 3.07Vpp.,C6117,SIGNAL_INTEGRITY,PASS
LOG03031,unit c 3224: continuity on en_line reading 1.50ohm.,C3224,CONTINUITY,PASS
LOG03032,"unit A0299 - board temp after 10min soak 70.0C, customer return unit.",A0299,THERMAL,FAIL
LOG03033,"Checked +5V supply on board D5268, 5.03V, OK, per ECO-114.",D5268,POWER_RAIL_5V,PASS
LOG03034,unit B2046 scope reading CH4 measured 2.62Vpp.,B2046,SIGNAL_INTEGRITY,FAIL
LOG03035,"D 9756 - current draw at idle 155.89mA, bad reading, shift B.",D9756,CURRENT_DRAW,FAIL
LOG03036,B 3721 VDD_3V3 rail: 3.24 V.,B3721,POWER_RAIL_3V3,PASS
LOG03037,Unit C-2649: continuity on RESET reading 5.59Ohm.,C2649,CONTINUITY,FAIL
LOG03038,Unit board A8023: thermal reading after burn-in reading 35.1C (looks good).,A8023,THERMAL,PASS
LOG03039,B1141 CH1 signal check measured 3.25Vpp.,B1141,SIGNAL_INTEGRITY,PASS
LOG03040,"C 9156 idle current draw measured 172.86mA, no good.",C9156,CURRENT_DRAW,FAIL
LOG03041,Unit B8036: 12V rail reading 12.10V — within spec.,B8036,POWER_RAIL_12V,PASS
LOG03042,"Checked signal amplitude CH1 on C2623, 3.26Vpp, customer return unit.",C2623,SIGNAL_INTEGRITY,PASS
LOG03043,"checked standby current on unit d7429, 81.03ma — looks good, line 2.",D7429,CURRENT_DRAW,PASS
LOG03044,A3708 +3.3V rail measured 3.46V (all good).,A3708,POWER_RAIL_3V3,PASS
LOG03045,"Checked 5v power check on board A6310, 5.44V — fails, customer return unit.",A6310,POWER_RAIL_5V,FAIL
LOG03046,"Checked 12v power check on B-0691, 12.14V, checks out, per ECO-114.",B0691,POWER_RAIL_12V,PASS
LOG03047,D-0551 12V rail: 13.11 V (bad reading).,D0551,POWER_RAIL_12V,FAIL
LOG03048,Unit C-0055: +5V supply reading 5.49V.,C0055,POWER_RAIL_5V,FAIL
LOG03049,unit B5706 VDD_5V rail: 4.83 V (looks good).,B5706,POWER_RAIL_5V,PASS
LOG03050,D 0160 +12V supply measured 12.80V.,D0160,POWER_RAIL_12V,FAIL
LOG03051,unit B8785 12v power check measured 12.19V (looks good).,B8785,POWER_RAIL_12V,PASS
LOG03052,board A6796 cont check J7: 0.00 Ohm.,A6796,CONTINUITY,PASS
LOG03053,"Checked resistance check RESET on unit B1334, 7.35Ohm, shift B.",B1334,CONTINUITY,FAIL
LOG03054,board B8151 12v power check: 11.79 V — looks good.,B8151,POWER_RAIL_12V,PASS
LOG03055,Unit D-2459: 3.3V rail reading 3.32V.,D2459,POWER_RAIL_3V3,PASS
LOG03056,"Checked 12v power check on C-9547, 12.10V, nominal.",C9547,POWER_RAIL_12V,PASS
LOG03057,board C5400 - 5V rail 5.50V.,C5400,POWER_RAIL_5V,FAIL
LOG03058,"B3367 board temp after 10min soak: 20.0 C, looks good.",B3367,THERMAL,PASS
LOG03059,"D 3603 5v power check measured 4.82V, nominal.",D3603,POWER_RAIL_5V,PASS
LOG03060,unit D2779 5v power check: 5.19 V.,D2779,POWER_RAIL_5V,PASS
LOG03061,Unit board A3213: cont check J7 reading 3.36Ohm — within spec.,A3213,CONTINUITY,PASS
LOG03062,"Unit C-1293: continuity on CLK reading 6.06Ohm, flagged for rework.",C1293,CONTINUITY,FAIL
LOG03063,"unit A5996 - CH3 signal check 3.22Vpp (passes), after reflow.",A5996,SIGNAL_INTEGRITY,PASS
LOG03064,"Unit B8768: 3v3 supply reading 3.46V, all good.",B8768,POWER_RAIL_3V3,PASS
LOG03065,Unit C-8765: 12v power check reading 12.74V.,C8765,POWER_RAIL_12V,FAIL
LOG03066,"Checked eye height CH1 on unit C4074, 2.33Vpp — flagged for rework, customer return unit.",C4074,SIGNAL_INTEGRITY,FAIL
LOG03067,Unit board C8085: 3.3v power check reading 3.38V — looks good.,C8085,POWER_RAIL_3V3,PASS
LOG03068,"c0361 - continuity on reset 5.77ohm — flagged for rework, shift b.",C0361,CONTINUITY,FAIL
LOG03069,"A-6616 - CH4 signal check 3.73Vpp, no good, line 2.",A6616,SIGNAL_INTEGRITY,FAIL
LOG03070,"Unit D-5174: 5v power check reading 5.05V, looks good.",D5174,POWER_RAIL_5V,PASS
LOG03071,board B7367 board temp after 10min soak: 73.2 C.,B7367,THERMAL,FAIL
LOG03072,C-3738 VDD_3V3 rail measured 3.17V.,C3738,POWER_RAIL_3V3,PASS
LOG03073,"D-2653 - continuity on RESET 5.93Ohm, second attempt.",D2653,CONTINUITY,FAIL
LOG03074,Unit C-4927: 12V rail reading 12.07V.,C4927,POWER_RAIL_12V,PASS
LOG03075,B4106 case temp: 2.0 C.,B4106,THERMAL,FAIL
LOG03076,board D4782 CH1 signal check: 3.10 Vpp.,D4782,SIGNAL_INTEGRITY,PASS
LOG03077,"checked ch1 signal check on b-4230, 2.95vpp.",B4230,SIGNAL_INTEGRITY,PASS
LOG03078,board a6976 thermal reading after burn-in measured 29.4c.,A6976,THERMAL,PASS
LOG03079,"Checked 3.3V rail on D 8157, 3.31V, customer return unit.",D8157,POWER_RAIL_3V3,PASS
LOG03080,"Checked +12V supply on B 5913, 11.81V, per ECO-114.",B5913,POWER_RAIL_12V,PASS
LOG03081,"Checked VDD_5V rail on B 7301, 4.91V, within spec, retest after rework.",B7301,POWER_RAIL_5V,PASS
LOG03082,"B 2247 - 3.3v power check 3.31V (checks out), customer return unit.",B2247,POWER_RAIL_3V3,PASS
LOG03083,"Checked case temp on C-1232, 44.4C, unit was reworked yesterday.",C1232,THERMAL,PASS
LOG03084,unit D4501 cont check J7 measured 2.17Ohm.,D4501,CONTINUITY,PASS
LOG03085,"checked standby current on d 1085, 100.67ma (within spec), retest after rework.",D1085,CURRENT_DRAW,PASS
LOG03086,unit A1453 resistance check RESET measured 4.35Ohm — looks good.,A1453,CONTINUITY,PASS
LOG03087,D-8277 scope reading CH2 measured 3.83Vpp — doesn't look right.,D8277,SIGNAL_INTEGRITY,FAIL
LOG03088,Unit board A9258: 3.3V rail reading 3.16V (OK).,A9258,POWER_RAIL_3V3,PASS
LOG03089,B 7403 3.3v power check measured 3.46V — passes.,B7403,POWER_RAIL_3V3,PASS
LOG03090,"Checked J4 continuity on board B1975, 1.60Ohm, checks out, retest after rework.",B1975,CONTINUITY,PASS
LOG03091,"Checked +3.3V rail on unit D1504, 3.94V — no good, line 2.",D1504,POWER_RAIL_3V3,FAIL
LOG03092,"unit A3195 - resistance check RESET 7.78Ohm, unit was reworked yesterday.",A3195,CONTINUITY,FAIL
LOG03093,A1007 cont check J12 measured 1.88Ohm (good reading).,A1007,CONTINUITY,PASS
LOG03094,"unit B8224 - +12V supply 12.43V — OK, customer return unit.",B8224,POWER_RAIL_12V,PASS
LOG03095,"B4994 - standby current 50.00mA — passes, after reflow.",B4994,CURRENT_DRAW,PASS
LOG03096,"A 6507 - thermal soak reading 9.6C, after reflow.",A6507,THERMAL,FAIL
LOG03097,Unit board B9806: thermal reading after burn-in reading 73.4C.,B9806,THERMAL,FAIL
LOG03098,"Checked current draw at idle on C-7428, 183.90mA, customer return unit.",C7428,CURRENT_DRAW,FAIL
LOG03099,B 0591 idle current draw: 189.99 mA.,B0591,CURRENT_DRAW,FAIL
LOG03100,"Checked cont check RESET on D-3110, 7.14Ohm.",D3110,CONTINUITY,FAIL
LOG03101,"board D7328 - 12V rail 11.87V (passes), customer return unit.",D7328,POWER_RAIL_12V,PASS
LOG03102,"Unit B-8779: VDD_3V3 rail reading 3.31V, OK.",B8779,POWER_RAIL_3V3,PASS
LOG03103,"Checked VDD_12V rail on C6043, 11.32V — no good, per ECO-114.",C6043,POWER_RAIL_12V,FAIL
LOG03104,"Checked current draw at idle on unit A2338, 150.00mA, line 2.",A2338,CURRENT_DRAW,PASS
LOG03105,"C4287 - idle current draw 43.50mA, shift B.",C4287,CURRENT_DRAW,FAIL
LOG03106,D8962 CH3 signal check: 3.19 Vpp.,D8962,SIGNAL_INTEGRITY,PASS
LOG03107,C6000 VDD_12V rail measured 12.16V.,C6000,POWER_RAIL_12V,PASS
LOG03108,"B-7834 - VDD_12V rail 11.81V, line 2.",B7834,POWER_RAIL_12V,PASS
LOG03109,d1865 idle current draw measured 50.00ma.,D1865,CURRENT_DRAW,PASS
LOG03110,"Checked VDD_5V rail on C 1934, 4.75V, retest after rework.",C1934,POWER_RAIL_5V,PASS
LOG03111,unit D7380 continuity on RESET measured 6.81Ohm.,D7380,CONTINUITY,FAIL
LOG03112,Unit unit D8885: 5V rail reading 4.43V.,D8885,POWER_RAIL_5V,FAIL
LOG03113,"Checked VDD_12V rail on B 1952, 10.77V (doesn't look right), retest after rework.",B1952,POWER_RAIL_12V,FAIL
LOG03114,Unit D-8632: idle current draw reading 105.03mA.,D8632,CURRENT_DRAW,PASS
LOG03115,"Checked 12v power check on board C3988, 11.40V (looks good).",C3988,POWER_RAIL_12V,PASS
LOG03116,"Unit A 2038: cont check RESET reading 7.65Ohm, out of spec.",A2038,CONTINUITY,FAIL
LOG03117,D 5870 3v3 supply: 2.81 V — flagged for rework.,D5870,POWER_RAIL_3V3,FAIL
LOG03118,board D2391 scope reading CH4: 3.76 Vpp.,D2391,SIGNAL_INTEGRITY,FAIL
LOG03119,Unit A-3587: 3.3V rail reading 3.41V — all good.,A3587,POWER_RAIL_3V3,PASS
LOG03120,"Checked VDD_5V rail on unit B6154, 5.65V (out of spec), after reflow.",B6154,POWER_RAIL_5V,FAIL
LOG03121,board A1326 VDD_5V rail: 4.98 V — within spec.,A1326,POWER_RAIL_5V,PASS
LOG03122,"B-3294 - quiescent current 114.46mA, unit was reworked yesterday.",B3294,CURRENT_DRAW,PASS
LOG03123,"B-7850 - thermal reading after burn-in 17.8C, shift B.",B7850,THERMAL,FAIL
LOG03124,"Checked idle current draw on A 8525, 36.27mA (fails).",A8525,CURRENT_DRAW,FAIL
LOG03125,unit d 8799: ch3 signal check reading 2.80vpp (looks good).,D8799,SIGNAL_INTEGRITY,PASS
LOG03126,unit C8881 VDD_5V rail: 4.62 V — doesn't look right.,C8881,POWER_RAIL_5V,FAIL
LOG03127,"Checked CH2 signal check on board C5670, 3.03Vpp (good reading), second attempt.",C5670,SIGNAL_INTEGRITY,PASS
LOG03128,"Checked 5v power check on D-2398, 5.03V, checks out, second attempt.",D2398,POWER_RAIL_5V,PASS
LOG03129,"B8542 scope reading CH4: 4.08 Vpp, bad reading.",B8542,SIGNAL_INTEGRITY,FAIL
LOG03130,"A1114 - +12V supply 11.91V, unit was reworked yesterday.",A1114,POWER_RAIL_12V,PASS
LOG03131,board C2763 quiescent current measured 37.73mA — no good.,C2763,CURRENT_DRAW,FAIL
LOG03132,Unit board D4311: 5v power check reading 5.15V.,D4311,POWER_RAIL_5V,PASS
LOG03133,board B0813 continuity on EN_LINE measured 2.40Ohm.,B0813,CONTINUITY,PASS
LOG03134,"Checked case temp on board B2818, 14.9C, fails.",B2818,THERMAL,FAIL
LOG03135,Unit B1967: J4 continuity reading 7.30Ohm — no good.,B1967,CONTINUITY,FAIL
LOG03136,"C-8186 VDD_5V rail measured 5.03V, all good.",C8186,POWER_RAIL_5V,PASS
LOG03137,unit B1100 thermal soak reading measured 45.7C — all good.,B1100,THERMAL,PASS
LOG03138,"c 8174 vdd_5v rail: 5.60 v, failed.",C8174,POWER_RAIL_5V,FAIL
LOG03139,C 3159 continuity on J4 measured 1.20Ohm.,C3159,CONTINUITY,PASS
LOG03140,Unit D8724: idle current draw reading 86.70mA.,D8724,CURRENT_DRAW,PASS
LOG03141,D 9206 standby current measured 105.23mA.,D9206,CURRENT_DRAW,PASS
LOG03142,Unit unit C6607: VDD_12V rail reading 11.92V (nominal).,C6607,POWER_RAIL_12V,PASS
LOG03143,"unit A1920 - +5V supply 5.06V, good reading, per ECO-114.",A1920,POWER_RAIL_5V,PASS
LOG03144,"C7065 - current draw at idle 111.41mA — looks good, line 2.",C7065,CURRENT_DRAW,PASS
LOG03145,board B2644 case temp measured 38.2C — checks out.,B2644,THERMAL,PASS
LOG03146,"board D6903 - 3.3V rail 3.30V — looks good, line 2.",D6903,POWER_RAIL_3V3,PASS
LOG03147,board A5591 12V rail measured 12.23V (within spec).,A5591,POWER_RAIL_12V,PASS
LOG03148,A-9754 current draw at idle measured 150.00mA.,A9754,CURRENT_DRAW,PASS
LOG03149,d-9320 signal amplitude ch3 measured 3.42vpp.,D9320,SIGNAL_INTEGRITY,PASS
LOG03150,Unit D-0802: board temp after 10min soak reading 29.5C.,D0802,THERMAL,PASS
LOG03151,unit B8921 current draw at idle measured 86.96mA (all good).,B8921,CURRENT_DRAW,PASS
LOG03152,board D0804 quiescent current measured 80.29mA.,D0804,CURRENT_DRAW,PASS
LOG03153,"unit C7723 - cont check CLK 1.43Ohm, unit was reworked yesterday.",C7723,CONTINUITY,PASS
LOG03154,"board C2269 VDD_5V rail measured 5.49V, flagged for rework.",C2269,POWER_RAIL_5V,FAIL
LOG03155,"Checked continuity on RESET on D 3507, 7.33Ohm — bad reading, per ECO-114.",D3507,CONTINUITY,FAIL
LOG03156,"A-4668 - eye height CH2 2.39Vpp (out of spec), customer return unit.",A4668,SIGNAL_INTEGRITY,FAIL
LOG03157,"unit B0141 - case temp 40.0C, retest after rework.",B0141,THERMAL,PASS
LOG03158,board A2732 idle current draw: 133.31 mA.,A2732,CURRENT_DRAW,PASS
LOG03159,"C-8824 - idle current draw 71.02mA, shift B.",C8824,CURRENT_DRAW,PASS
LOG03160,"A 5262 5v power check: 5.49 V, no good.",A5262,POWER_RAIL_5V,FAIL
LOG03161,b-9743 board temp after 10min soak: 40.7 c.,B9743,THERMAL,PASS
LOG03162,board A0907 J12 continuity measured 6.79Ohm.,A0907,CONTINUITY,FAIL
LOG03163,"unit A7257 - cont check CLK 2.41Ohm — all good, after reflow.",A7257,CONTINUITY,PASS
LOG03164,board B1711 scope reading CH3: 2.60 Vpp.,B1711,SIGNAL_INTEGRITY,FAIL
LOG03165,Unit board C6074: 12V rail reading 12.60V.,C6074,POWER_RAIL_12V,PASS
LOG03166,"Checked VDD_12V rail on board C8308, 11.75V, after reflow.",C8308,POWER_RAIL_12V,PASS
LOG03167,board C4048 - signal amplitude CH2 3.86Vpp — flagged for rework.,C4048,SIGNAL_INTEGRITY,FAIL
LOG03168,unit A3535 5v power check: 4.97 V (all good).,A3535,POWER_RAIL_5V,PASS
LOG03169,"board B6573 - thermal soak reading 41.8C (within spec), line 2.",B6573,THERMAL,PASS
LOG03170,"B7322 - 5v power check 4.88V (all good), per ECO-114.",B7322,POWER_RAIL_5V,PASS
LOG03171,"C6674 eye height CH4: 3.37 Vpp, checks out.",C6674,SIGNAL_INTEGRITY,PASS
LOG03172,A-9014 - CH2 signal check 3.33Vpp.,A9014,SIGNAL_INTEGRITY,PASS
LOG03173,"D7733 - scope reading CH3 3.60Vpp, checks out, line 2.",D7733,SIGNAL_INTEGRITY,PASS
LOG03174,Unit C 3128: 3v3 supply reading 3.22V (looks good).,C3128,POWER_RAIL_3V3,PASS
LOG03175,board c5865 +5v supply measured 4.45v (no good).,C5865,POWER_RAIL_5V,FAIL
LOG03176,Unit B-6749: 3.3v power check reading 3.25V.,B6749,POWER_RAIL_3V3,PASS
LOG03177,"unit D8441 - board temp after 10min soak 31.7C — looks good, retest after rework.",D8441,THERMAL,PASS
LOG03178,Unit B9684: current draw at idle reading 166.15mA.,B9684,CURRENT_DRAW,FAIL
LOG03179,board B5979 CH1 signal check measured 3.06Vpp.,B5979,SIGNAL_INTEGRITY,PASS
LOG03180,"Checked 12V rail on C-6523, 11.76V (checks out), shift B.",C6523,POWER_RAIL_12V,PASS
LOG03181,Unit B1292: case temp reading 31.6C.,B1292,THERMAL,PASS
LOG03182,C 9087 +3.3V rail measured 3.36V.,C9087,POWER_RAIL_3V3,PASS
LOG03183,Unit board A8234: 12v power check reading 11.17V.,A8234,POWER_RAIL_12V,FAIL
LOG03184,C 1654 standby current measured 103.27mA.,C1654,CURRENT_DRAW,PASS
LOG03185,b 5613 current draw at idle measured 4.33ma.,B5613,CURRENT_DRAW,FAIL
LOG03186,A2167 RESET continuity: 1.96 Ohm.,A2167,CONTINUITY,PASS
LOG03187,"Checked 12v power check on board D9523, 12.60V (good reading), line 2.",D9523,POWER_RAIL_12V,PASS
LOG03188,A 8385 +12V supply measured 12.77V — failed.,A8385,POWER_RAIL_12V,FAIL
LOG03189,B 2737 signal amplitude CH1: 3.19 Vpp.,B2737,SIGNAL_INTEGRITY,PASS
LOG03190,"Checked resistance check J4 on board A7374, 3.53Ohm, looks good, shift B.",A7374,CONTINUITY,PASS
LOG03191,"Checked 3v3 supply on A-8310, 3.75V (failed), per ECO-114.",A8310,POWER_RAIL_3V3,FAIL
LOG03192,Unit unit C4716: thermal soak reading reading 32.2C.,C4716,THERMAL,PASS
LOG03193,"Checked J4 continuity on unit D9602, 0.57Ohm, looks good.",D9602,CONTINUITY,PASS
LOG03194,Unit board B8468: VDD_3V3 rail reading 3.24V.,B8468,POWER_RAIL_3V3,PASS
LOG03195,unit c 6558: thermal soak reading reading 57.0c.,C6558,THERMAL,FAIL
LOG03196,"A-4239 - +3.3V rail 3.21V, nominal.",A4239,POWER_RAIL_3V3,PASS
LOG03197,"B 0294 resistance check J4 measured 6.54Ohm, flagged for rework.",B0294,CONTINUITY,FAIL
LOG03198,"Checked continuity on EN_LINE on B 4171, 1.16Ohm, line 2.",B4171,CONTINUITY,PASS
LOG03199,"Checked scope reading CH4 on board C4323, 2.42Vpp.",C4323,SIGNAL_INTEGRITY,FAIL
LOG03200,B 6202 scope reading CH3: 2.80 Vpp — looks good.,B6202,SIGNAL_INTEGRITY,PASS
LOG03201,Unit C-1949: 3.3v power check reading 3.14V — all good.,C1949,POWER_RAIL_3V3,PASS
LOG03202,"Unit C 2419: cont check J7 reading 3.50Ohm, OK.",C2419,CONTINUITY,PASS
LOG03203,"D 9352 - signal amplitude CH2 3.14Vpp, nominal, customer return unit.",D9352,SIGNAL_INTEGRITY,PASS
LOG03204,a 2268 current draw at idle measured 101.89ma.,A2268,CURRENT_DRAW,PASS
LOG03205,Unit unit D2068: continuity on CLK reading 2.91Ohm.,D2068,CONTINUITY,PASS
LOG03206,"B 8911 eye height CH4 measured 2.53Vpp, no good.",B8911,SIGNAL_INTEGRITY,FAIL
LOG03207,Unit unit B6438: eye height CH3 reading 3.71Vpp — flagged for rework.,B6438,SIGNAL_INTEGRITY,FAIL
LOG03208,"Checked current draw at idle on unit C5660, 112.59mA (nominal), retest after rework.",C5660,CURRENT_DRAW,PASS
LOG03209,"Checked resistance check EN_LINE on unit D8912, 7.49Ohm (no good).",D8912,CONTINUITY,FAIL
LOG03210,a 2541 standby current measured 67.62ma.,A2541,CURRENT_DRAW,PASS
LOG03211,A8685 +5V supply: 4.28 V.,A8685,POWER_RAIL_5V,FAIL
LOG03212,c3244 cont check j12: 6.68 ohm.,C3244,CONTINUITY,FAIL
LOG03213,"board B0477 cont check EN_LINE: 2.42 Ohm, nominal.",B0477,CONTINUITY,PASS
LOG03214,"A3519 - idle current draw -9.04mA, customer return unit.",A3519,CURRENT_DRAW,FAIL
LOG03215,board B8604 +3.3V rail: 3.27 V.,B8604,POWER_RAIL_3V3,PASS
LOG03216,"Unit A 1462: thermal soak reading reading 60.5C, out of spec.",A1462,THERMAL,FAIL
LOG03217,unit A3823 - standby current 124.93mA.,A3823,CURRENT_DRAW,PASS
LOG03218,"checked 3.3v power check on a 6640, 3.14v — good reading, customer return unit.",A6640,POWER_RAIL_3V3,PASS
LOG03219,Unit A 4022: 12v power check reading 11.96V (all good).,A4022,POWER_RAIL_12V,PASS
LOG03220,Unit A9719: 3v3 supply reading 3.28V.,A9719,POWER_RAIL_3V3,PASS
LOG03221,"Checked 5V rail on unit D4915, 5.01V (passes).",D4915,POWER_RAIL_5V,PASS
LOG03222,"unit B4960 board temp after 10min soak measured 32.8C, good reading.",B4960,THERMAL,PASS
LOG03223,"Checked J12 continuity on A-7267, 2.49Ohm, looks good, after reflow.",A7267,CONTINUITY,PASS
LOG03224,unit b1461: cont check reset reading 3.69ohm.,B1461,CONTINUITY,PASS
LOG03225,Unit unit A6861: continuity on J4 reading 1.50Ohm — nominal.,A6861,CONTINUITY,PASS
LOG03226,"Unit C 8081: signal amplitude CH4 reading 3.10Vpp, all good.",C8081,SIGNAL_INTEGRITY,PASS
LOG03227,"D 4423 +12V supply: 11.63 V, passes.",D4423,POWER_RAIL_12V,PASS
LOG03228,D4129 eye height CH3: 3.85 Vpp.,D4129,SIGNAL_INTEGRITY,FAIL
LOG03229,B 8815 5v power check: 5.03 V.,B8815,POWER_RAIL_5V,PASS
LOG03230,unit C9813 resistance check CLK measured 1.50Ohm — good reading.,C9813,CONTINUITY,PASS
LOG03231,"Checked current draw at idle on B 0831, 69.42mA — OK, after reflow.",B0831,CURRENT_DRAW,PASS
LOG03232,board A3271 cont check J4: 5.98 Ohm.,A3271,CONTINUITY,FAIL
LOG03233,A1937 thermal soak reading measured 29.2C — passes.,A1937,THERMAL,PASS
LOG03234,"Checked +12V supply on unit D6873, 12.28V — nominal, shift B.",D6873,POWER_RAIL_12V,PASS
LOG03235,"B4708 standby current measured 102.89mA, within spec.",B4708,CURRENT_DRAW,PASS
LOG03236,"Checked +5V supply on A 8109, 4.96V, all good, shift B.",A8109,POWER_RAIL_5V,PASS
LOG03237,"Checked thermal soak reading on unit C9474, 36.9C, second attempt.",C9474,THERMAL,PASS
LOG03238,Unit board C6503: continuity on J7 reading 5.00Ohm.,C6503,CONTINUITY,PASS
LOG03239,Unit C-2004: 5v power check reading 4.27V.,C2004,POWER_RAIL_5V,FAIL
LOG03240,A9781 thermal soak reading measured 38.3C — nominal.,A9781,THERMAL,PASS
LOG03241,"board A0539 - 3.3V rail 2.77V, reject, line 2.",A0539,POWER_RAIL_3V3,FAIL
LOG03242,"Checked case temp on B0995, 27.6C, shift B.",B0995,THERMAL,PASS
LOG03243,unit unit d9796: +12v supply reading 12.35v.,D9796,POWER_RAIL_12V,PASS
LOG03244,"C 8567 - 12V rail 10.81V, unit was reworked yesterday.",C8567,POWER_RAIL_12V,FAIL
LOG03245,"Checked board temp after 10min soak on C 5573, 39.7C, shift B.",C5573,THERMAL,PASS
LOG03246,C2920 thermal reading after burn-in: 33.5 C.,C2920,THERMAL,PASS
LOG03247,"Checked eye height CH2 on board C9606, 2.60Vpp, shift B.",C9606,SIGNAL_INTEGRITY,FAIL
LOG03248,Unit board D3997: VDD_5V rail reading 4.39V.,D3997,POWER_RAIL_5V,FAIL
LOG03249,"A 7441 - +12V supply 11.64V, good reading, unit was reworked yesterday.",A7441,POWER_RAIL_12V,PASS
LOG03250,"Checked 12V rail on C-8997, 12.04V, unit was reworked yesterday.",C8997,POWER_RAIL_12V,PASS
LOG03251,"unit A8052 - VDD_5V rail 4.82V, customer return unit.",A8052,POWER_RAIL_5V,PASS
LOG03252,board B7150 thermal soak reading: 34.8 C (within spec).,B7150,THERMAL,PASS
LOG03253,board D4818 J12 continuity measured 5.97Ohm.,D4818,CONTINUITY,FAIL
LOG03254,Unit D3747: VDD_5V rail reading 4.98V.,D3747,POWER_RAIL_5V,PASS
LOG03255,"Checked quiescent current on D8590, -1.26mA (no good).",D8590,CURRENT_DRAW,FAIL
LOG03256,"B 6489 3v3 supply: 3.68 V, no good.",B6489,POWER_RAIL_3V3,FAIL
LOG03257,B 9477 VDD_12V rail measured 12.27V — OK.,B9477,POWER_RAIL_12V,PASS
LOG03258,A 9232 VDD_5V rail measured 4.83V.,A9232,POWER_RAIL_5V,PASS
LOG03259,"d-2689 - 12v power check 13.05v — flagged for rework, unit was reworked yesterday.",D2689,POWER_RAIL_12V,FAIL
LOG03260,"Checked case temp on unit A7180, 23.6C, second attempt.",A7180,THERMAL,PASS
LOG03261,"board C0854 - 5v power check 4.81V (looks good), per ECO-114.",C0854,POWER_RAIL_5V,PASS
LOG03262,"B 3027 - +3.3V rail 3.17V — passes, second attempt.",B3027,POWER_RAIL_3V3,PASS
LOG03263,"C6965 - quiescent current 126.41mA, retest after rework.",C6965,CURRENT_DRAW,PASS
LOG03264,"Checked cont check RESET on C 6203, 4.10Ohm, per ECO-114.",C6203,CONTINUITY,PASS
LOG03265,C9372 standby current measured 134.83mA (looks good).,C9372,CURRENT_DRAW,PASS
LOG03266,D9509 12V rail measured 13.30V — doesn't look right.,D9509,POWER_RAIL_12V,FAIL
LOG03267,board D0404 - +3.3V rail 3.29V (within spec).,D0404,POWER_RAIL_3V3,PASS
LOG03268,Unit unit A8020: thermal soak reading reading 31.5C.,A8020,THERMAL,PASS
LOG03269,"C-8201 - quiescent current 200.71mA, line 2.",C8201,CURRENT_DRAW,FAIL
LOG03270,Unit D-4115: 3.3V rail reading 3.38V (all good).,D4115,POWER_RAIL_3V3,PASS
LOG03271,c-9400 5v rail measured 5.13v.,C9400,POWER_RAIL_5V,PASS
LOG03272,Unit D 4923: +12V supply reading 11.84V.,D4923,POWER_RAIL_12V,PASS
LOG03273,"Checked 5v power check on B-0125, 5.07V, within spec, per ECO-114.",B0125,POWER_RAIL_5V,PASS
LOG03274,C-3962 cont check RESET: 2.16 Ohm (passes).,C3962,CONTINUITY,PASS
LOG03275,"board B6046 - thermal reading after burn-in 27.8C, line 2.",B6046,THERMAL,PASS
LOG03276,"D-7744 - 12v power check 12.31V — nominal, retest after rework.",D7744,POWER_RAIL_12V,PASS
LOG03277,"Unit board C7638: RESET continuity reading 6.66Ohm, flagged for rework.",C7638,CONTINUITY,FAIL
LOG03278,"board A0841 - 12V rail 12.99V, bad reading, customer return unit.",A0841,POWER_RAIL_12V,FAIL
LOG03279,"board A9838 - thermal reading after burn-in 45.8C (within spec), retest after rework.",A9838,THERMAL,PASS
LOG03280,"Checked 5V rail on A2324, 4.64V, second attempt.",A2324,POWER_RAIL_5V,FAIL
LOG03281,unit unit c9968: case temp reading 38.0c.,C9968,THERMAL,PASS
LOG03282,"checked signal amplitude ch4 on b 2382, 2.80vpp, customer return unit.",B2382,SIGNAL_INTEGRITY,PASS
LOG03283,"Checked +12V supply on D 1345, 12.52V — looks good, shift B.",D1345,POWER_RAIL_12V,PASS
LOG03284,board A6194 - signal amplitude CH4 3.91Vpp — reject.,A6194,SIGNAL_INTEGRITY,FAIL
LOG03285,board D6473 3.3V rail: 3.13 V.,D6473,POWER_RAIL_3V3,PASS
LOG03286,"Checked scope reading CH2 on D-0687, 2.33Vpp — bad reading, per ECO-114.",D0687,SIGNAL_INTEGRITY,FAIL
LOG03287,"B-8625 - current draw at idle 139.31mA (good reading), line 2.",B8625,CURRENT_DRAW,PASS
LOG03288,unit C3443 signal amplitude CH1 measured 2.33Vpp.,C3443,SIGNAL_INTEGRITY,FAIL
LOG03289,"D4784 continuity on CLK measured 2.24Ohm, good reading.",D4784,CONTINUITY,PASS
LOG03290,Unit D 5219: +12V supply reading 11.97V.,D5219,POWER_RAIL_12V,PASS
LOG03291,"Checked 5V rail on D7127, 5.05V, unit was reworked yesterday.",D7127,POWER_RAIL_5V,PASS
LOG03292,"checked 5v rail on b7593, 4.92v — checks out, retest after rework.",B7593,POWER_RAIL_5V,PASS
LOG03293,board A2192 +3.3V rail measured 3.54V.,A2192,POWER_RAIL_3V3,FAIL
LOG03294,"unit C2241 - board temp after 10min soak 43.3C, customer return unit.",C2241,THERMAL,PASS
LOG03295,"checked idle current draw on b-4678, 188.93ma, failed, after reflow.",B4678,CURRENT_DRAW,FAIL
LOG03296,board D8929 continuity on CLK: 5.83 Ohm.,D8929,CONTINUITY,FAIL
LOG03297,Unit B-7063: CH3 signal check reading 2.80Vpp.,B7063,SIGNAL_INTEGRITY,PASS
LOG03298,B-8067 - 5V rail 4.97V.,B8067,POWER_RAIL_5V,PASS
LOG03299,"unit B1897 continuity on J7: 5.78 Ohm, bad reading.",B1897,CONTINUITY,FAIL
LOG03300,Unit B-5373: cont check EN_LINE reading 2.92Ohm (looks good).,B5373,CONTINUITY,PASS
LOG03301,"Checked 5V rail on D 6145, 4.66V, retest after rework.",D6145,POWER_RAIL_5V,FAIL
LOG03302,Unit board B5256: 12V rail reading 12.76V (reject).,B5256,POWER_RAIL_12V,FAIL
LOG03303,board b1306 +5v supply measured 4.82v.,B1306,POWER_RAIL_5V,PASS
LOG03304,d-7135 vdd_12v rail measured 11.91v (passes).,D7135,POWER_RAIL_12V,PASS
LOG03305,A-2062 standby current measured 69.02mA — OK.,A2062,CURRENT_DRAW,PASS
LOG03306,"D 5531 - quiescent current 161.50mA, failed, after reflow.",D5531,CURRENT_DRAW,FAIL
LOG03307,unit C0200 12v power check measured 11.33V.,C0200,POWER_RAIL_12V,FAIL
LOG03308,Unit unit C3856: thermal soak reading reading 31.6C (within spec).,C3856,THERMAL,PASS
LOG03309,unit B6940 +5V supply measured 5.57V.,B6940,POWER_RAIL_5V,FAIL
LOG03310,Unit D 6598: resistance check CLK reading 6.65Ohm — bad reading.,D6598,CONTINUITY,FAIL
LOG03311,Unit D-1925: standby current reading 198.94mA — doesn't look right.,D1925,CURRENT_DRAW,FAIL
LOG03312,"b7591 - thermal soak reading 11.0c (out of spec), shift b.",B7591,THERMAL,FAIL
LOG03313,B 7914 5V rail measured 4.53V.,B7914,POWER_RAIL_5V,FAIL
LOG03314,board D9881 CH3 signal check: 3.17 Vpp.,D9881,SIGNAL_INTEGRITY,PASS
LOG03315,board D6990 3.3v power check measured 3.29V (all good).,D6990,POWER_RAIL_3V3,PASS
LOG03316,unit D6780 resistance check J12 measured 1.22Ohm.,D6780,CONTINUITY,PASS
LOG03317,a4403 3.3v power check measured 3.22v.,A4403,POWER_RAIL_3V3,PASS
LOG03318,A-6388 resistance check EN_LINE measured 3.07Ohm (OK).,A6388,CONTINUITY,PASS
LOG03319,unit A9965 cont check J7: 7.89 Ohm (failed).,A9965,CONTINUITY,FAIL
LOG03320,"board A9718 - 12V rail 11.94V, OK, second attempt.",A9718,POWER_RAIL_12V,PASS
LOG03321,unit d1810 case temp: 27.5 c — passes.,D1810,THERMAL,PASS
LOG03322,Unit board B9508: 12v power check reading 12.60V (nominal).,B9508,POWER_RAIL_12V,PASS
LOG03323,"Checked eye height CH2 on B 7444, 3.68Vpp, bad reading, line 2.",B7444,SIGNAL_INTEGRITY,FAIL
LOG03324,"unit A1493 - signal amplitude CH4 3.76Vpp, shift B.",A1493,SIGNAL_INTEGRITY,FAIL
LOG03325,"A 8578 VDD_12V rail: 13.15 V, fails.",A8578,POWER_RAIL_12V,FAIL
LOG03326,"A-7451 - continuity on J7 6.49Ohm, failed, retest after rework.",A7451,CONTINUITY,FAIL
LOG03327,"a4904 vdd_12v rail measured 11.89v, checks out.",A4904,POWER_RAIL_12V,PASS
LOG03328,"C 6377 - resistance check J4 6.09Ohm (fails), retest after rework.",C6377,CONTINUITY,FAIL
LOG03329,board D5168 +12V supply measured 12.14V.,D5168,POWER_RAIL_12V,PASS
LOG03330,"B 2474 board temp after 10min soak: 32.4 C, good reading.",B2474,THERMAL,PASS
LOG03331,C3496 cont check J12: 4.58 Ohm — OK.,C3496,CONTINUITY,PASS
LOG03332,"Checked idle current draw on C 8164, 60.63mA — checks out, shift B.",C8164,CURRENT_DRAW,PASS
LOG03333,"Checked cont check CLK on board B8050, 2.92Ohm.",B8050,CONTINUITY,PASS
LOG03334,A 5598 current draw at idle measured 160.82mA (reject).,A5598,CURRENT_DRAW,FAIL
LOG03335,"B 2806 VDD_3V3 rail measured 3.04V, failed.",B2806,POWER_RAIL_3V3,FAIL
LOG03336,unit A5575 current draw at idle measured 64.92mA.,A5575,CURRENT_DRAW,PASS
LOG03337,D 2375 continuity on RESET: 0.32 Ohm.,D2375,CONTINUITY,PASS
LOG03338,A 6822 VDD_3V3 rail: 2.98 V.,A6822,POWER_RAIL_3V3,FAIL
LOG03339,Unit C2611: VDD_5V rail reading 4.99V (OK).,C2611,POWER_RAIL_5V,PASS
LOG03340,"unit a-5203: thermal soak reading reading 37.6c, all good.",A5203,THERMAL,PASS
LOG03341,"unit b9934 12v rail: 12.18 v, ok.",B9934,POWER_RAIL_12V,PASS
LOG03342,D 5664 +3.3V rail measured 2.74V — bad reading.,D5664,POWER_RAIL_3V3,FAIL
LOG03343,A 5107 +12V supply measured 12.57V (nominal).,A5107,POWER_RAIL_12V,PASS
LOG03344,"checked vdd_5v rail on c7348, 4.44v, per eco-114.",C7348,POWER_RAIL_5V,FAIL
LOG03345,Unit D 4958: CH2 signal check reading 2.80Vpp — passes.,D4958,SIGNAL_INTEGRITY,PASS
LOG03346,board B9741 RESET continuity measured 2.64Ohm.,B9741,CONTINUITY,PASS
LOG03347,"Unit B2461: standby current reading 73.55mA, checks out.",B2461,CURRENT_DRAW,PASS
LOG03348,board D5553 idle current draw: 137.78 mA.,D5553,CURRENT_DRAW,PASS
LOG03349,C-1033 5V rail: 4.97 V.,C1033,POWER_RAIL_5V,PASS
LOG03350,"Checked VDD_3V3 rail on unit C6462, 3.80V, failed, per ECO-114.",C6462,POWER_RAIL_3V3,FAIL
LOG03351,"B-4943 - case temp 31.0C, after reflow.",B4943,THERMAL,PASS
LOG03352,C 2543 3.3v power check: 3.36 V.,C2543,POWER_RAIL_3V3,PASS
LOG03353,"board C3816 - VDD_3V3 rail 3.30V (all good), retest after rework.",C3816,POWER_RAIL_3V3,PASS
LOG03354,A 3677 3.3V rail: 3.27 V.,A3677,POWER_RAIL_3V3,PASS
LOG03355,B-5292 eye height CH4 measured 2.91Vpp.,B5292,SIGNAL_INTEGRITY,PASS
LOG03356,"a4752 - +12v supply 12.08v (ok), second attempt.",A4752,POWER_RAIL_12V,PASS
LOG03357,"Unit board B1167: thermal soak reading reading 36.3C, good reading.",B1167,THERMAL,PASS
LOG03358,unit D8638 thermal reading after burn-in measured 50.9C (good reading).,D8638,THERMAL,PASS
LOG03359,"Checked scope reading CH4 on C9811, 3.03Vpp — good reading, retest after rework.",C9811,SIGNAL_INTEGRITY,PASS
LOG03360,unit d5150 vdd_12v rail: 12.50 v.,D5150,POWER_RAIL_12V,PASS
LOG03361,"D9648 - 3.3V rail 2.73V, out of spec, line 2.",D9648,POWER_RAIL_3V3,FAIL
LOG03362,A6760 resistance check J12: 7.12 Ohm — fails.,A6760,CONTINUITY,FAIL
LOG03363,"Checked VDD_5V rail on D 4293, 5.63V, fails, shift B.",D4293,POWER_RAIL_5V,FAIL
LOG03364,"unit D1241 cont check J12: 1.60 Ohm, good reading.",D1241,CONTINUITY,PASS
LOG03365,Unit unit D2992: standby current reading 65.10mA — within spec.,D2992,CURRENT_DRAW,PASS
LOG03366,board a1400 cont check j7 measured 2.04ohm.,A1400,CONTINUITY,PASS
LOG03367,unit D7053 12v power check measured 12.00V — within spec.,D7053,POWER_RAIL_12V,PASS
LOG03368,board C4132 signal amplitude CH2 measured 3.07Vpp.,C4132,SIGNAL_INTEGRITY,PASS
LOG03369,"Checked 5V rail on board C2923, 4.98V, retest after rework.",C2923,POWER_RAIL_5V,PASS
LOG03370,"D0638 - +5V supply 5.24V, after reflow.",D0638,POWER_RAIL_5V,PASS
LOG03371,Unit D4518: 12V rail reading 11.87V (within spec).,D4518,POWER_RAIL_12V,PASS
LOG03372,C2407 scope reading CH1 measured 2.51Vpp (doesn't look right).,C2407,SIGNAL_INTEGRITY,FAIL
LOG03373,"c-2601 - 5v power check 4.56v, no good, shift b.",C2601,POWER_RAIL_5V,FAIL
LOG03374,"a-6070 - eye height ch1 3.49vpp, unit was reworked yesterday.",A6070,SIGNAL_INTEGRITY,PASS
LOG03375,unit B6559 +5V supply: 4.94 V (checks out).,B6559,POWER_RAIL_5V,PASS
LOG03376,"Checked +5V supply on B 0673, 4.93V (good reading), retest after rework.",B0673,POWER_RAIL_5V,PASS
LOG03377,"C 2308 5V rail measured 4.94V, good reading.",C2308,POWER_RAIL_5V,PASS
LOG03378,B0693 current draw at idle: 123.70 mA — nominal.,B0693,CURRENT_DRAW,PASS
LOG03379,unit B8839 idle current draw measured 101.33mA.,B8839,CURRENT_DRAW,PASS
LOG03380,"Checked current draw at idle on B3660, 89.49mA, within spec, shift B.",B3660,CURRENT_DRAW,PASS
LOG03381,Unit unit A9801: cont check RESET reading 2.01Ohm — checks out.,A9801,CONTINUITY,PASS
LOG03382,b-4798 idle current draw: 82.02 ma.,B4798,CURRENT_DRAW,PASS
LOG03383,a4747 standby current: 6.70 ma.,A4747,CURRENT_DRAW,FAIL
LOG03384,a 9352 cont check reset: 0.26 ohm.,A9352,CONTINUITY,PASS
LOG03385,A-8561 cont check J4: 5.28 Ohm (doesn't look right).,A8561,CONTINUITY,FAIL
LOG03386,"Checked case temp on B-4049, 34.1C.",B4049,THERMAL,PASS
LOG03387,"unit B7207 resistance check EN_LINE measured 3.44Ohm, looks good.",B7207,CONTINUITY,PASS
LOG03388,board C1198 scope reading CH3: 3.06 Vpp — checks out.,C1198,SIGNAL_INTEGRITY,PASS
LOG03389,"board C4349 cont check CLK measured 5.00Ohm, OK.",C4349,CONTINUITY,PASS
LOG03390,"C3780 - resistance check J12 4.61Ohm (within spec), after reflow.",C3780,CONTINUITY,PASS
LOG03391,b-0587 cont check j7 measured 3.00ohm.,B0587,CONTINUITY,PASS
LOG03392,"A9103 signal amplitude CH1: 3.20 Vpp, good reading.",A9103,SIGNAL_INTEGRITY,PASS
LOG03393,"A8671 - VDD_12V rail 12.31V (nominal), line 2.",A8671,POWER_RAIL_12V,PASS
LOG03394,board C8879 thermal soak reading: 40.1 C.,C8879,THERMAL,PASS
LOG03395,Unit board A1405: continuity on J4 reading 5.70Ohm — failed.,A1405,CONTINUITY,FAIL
LOG03396,"Checked board temp after 10min soak on unit A1097, 37.6C, per ECO-114.",A1097,THERMAL,PASS
LOG03397,"B 0158 - VDD_12V rail 12.02V — good reading, per ECO-114.",B0158,POWER_RAIL_12V,PASS
LOG03398,Unit board B2848: board temp after 10min soak reading 20.0C.,B2848,THERMAL,PASS
LOG03399,"Checked thermal soak reading on A 9402, 27.5C — OK, second attempt.",A9402,THERMAL,PASS
LOG03400,Unit A 9807: VDD_5V rail reading 4.88V.,A9807,POWER_RAIL_5V,PASS
LOG03401,board D1070 continuity on J4 measured 1.24Ohm.,D1070,CONTINUITY,PASS
LOG03402,"Checked 12v power check on B 8595, 12.38V, line 2.",B8595,POWER_RAIL_12V,PASS
LOG03403,unit B1624 - 3.3V rail 3.34V.,B1624,POWER_RAIL_3V3,PASS
LOG03404,"unit A8122 thermal soak reading: 3.2 C, failed.",A8122,THERMAL,FAIL
LOG03405,"Checked board temp after 10min soak on board B3111, 47.8C, after reflow.",B3111,THERMAL,PASS
LOG03406,C3575 cont check J7 measured 2.54Ohm — good reading.,C3575,CONTINUITY,PASS
LOG03407,"Checked case temp on B-4077, 15.9C, shift B.",B4077,THERMAL,FAIL
LOG03408,unit unit b6466: 3v3 supply reading 2.77v.,B6466,POWER_RAIL_3V3,FAIL
LOG03409,board A8924 12V rail: 12.93 V — no good.,A8924,POWER_RAIL_12V,FAIL
LOG03410,A 3507 - +5V supply 4.96V — good reading.,A3507,POWER_RAIL_5V,PASS
LOG03411,Unit B 8340: 12v power check reading 12.70V (reject).,B8340,POWER_RAIL_12V,FAIL
LOG03412,Unit unit C1621: VDD_3V3 rail reading 3.32V — good reading.,C1621,POWER_RAIL_3V3,PASS
LOG03413,Unit D 1536: 3.3v power check reading 3.55V — failed.,D1536,POWER_RAIL_3V3,FAIL
LOG03414,"checked cont check en_line on board b4207, 5.65ohm, unit was reworked yesterday.",B4207,CONTINUITY,FAIL
LOG03415,"Checked thermal reading after burn-in on unit B5571, 55.0C, good reading, after reflow.",B5571,THERMAL,PASS
LOG03416,unit C8760 standby current: 50.00 mA (good reading).,C8760,CURRENT_DRAW,PASS
LOG03417,"unit B4946 - continuity on J7 4.98Ohm, retest after rework.",B4946,CONTINUITY,PASS
LOG03418,B-5279 +5V supply measured 5.41V.,B5279,POWER_RAIL_5V,FAIL
LOG03419,board D3040 resistance check J12: 7.17 Ohm.,D3040,CONTINUITY,FAIL
LOG03420,"b-7274 - 3.3v rail 3.18v, ok, second attempt.",B7274,POWER_RAIL_3V3,PASS
LOG03421,"d 0975 - cont check j12 7.79ohm, unit was reworked yesterday.",D0975,CONTINUITY,FAIL
LOG03422,board A8362 continuity on CLK measured 2.90Ohm.,A8362,CONTINUITY,PASS
LOG03423,Unit A 0665: +5V supply reading 4.63V.,A0665,POWER_RAIL_5V,FAIL
LOG03424,Unit B6169: 3v3 supply reading 3.35V — checks out.,B6169,POWER_RAIL_3V3,PASS
LOG03425,Unit board B8023: 5V rail reading 4.88V.,B8023,POWER_RAIL_5V,PASS
LOG03426,"B-4753 - CLK continuity 1.71Ohm, customer return unit.",B4753,CONTINUITY,PASS
LOG03427,"board c6253 - signal amplitude ch2 2.44vpp, customer return unit.",C6253,SIGNAL_INTEGRITY,FAIL
LOG03428,unit D8126 VDD_12V rail measured 12.75V (bad reading).,D8126,POWER_RAIL_12V,FAIL
LOG03429,"unit C6333 - VDD_3V3 rail 2.94V, shift B.",C6333,POWER_RAIL_3V3,FAIL
LOG03430,Unit C 1812: thermal reading after burn-in reading 51.9C.,C1812,THERMAL,PASS
LOG03431,"checked scope reading ch4 on unit a3007, 2.72vpp, doesn't look right, line 2.",A3007,SIGNAL_INTEGRITY,FAIL
LOG03432,unit B3217 VDD_3V3 rail measured 3.30V — OK.,B3217,POWER_RAIL_3V3,PASS
LOG03433,Unit A-7875: CH4 signal check reading 3.60Vpp.,A7875,SIGNAL_INTEGRITY,PASS
LOG03434,"D-8548 - CH4 signal check 4.05Vpp — reject, customer return unit.",D8548,SIGNAL_INTEGRITY,FAIL
LOG03435,"Checked 12V rail on board A5055, 12.17V, checks out, unit was reworked yesterday.",A5055,POWER_RAIL_12V,PASS
LOG03436,"C 4812 - 12V rail 12.82V, out of spec.",C4812,POWER_RAIL_12V,FAIL
LOG03437,board c2875 vdd_3v3 rail measured 3.38v.,C2875,POWER_RAIL_3V3,PASS
LOG03438,board d9141 resistance check reset: 2.14 ohm — ok.,D9141,CONTINUITY,PASS
LOG03439,B2412 cont check RESET: 4.78 Ohm.,B2412,CONTINUITY,PASS
LOG03440,"unit D4582 3.3v power check measured 3.00V, no good.",D4582,POWER_RAIL_3V3,FAIL
LOG03441,B4970 12v power check measured 11.71V (good reading).,B4970,POWER_RAIL_12V,PASS
LOG03442,"unit A8195 - +3.3V rail 3.27V — nominal, per ECO-114.",A8195,POWER_RAIL_3V3,PASS
LOG03443,"unit D1855 board temp after 10min soak: 30.3 C, checks out.",D1855,THERMAL,PASS
LOG03444,"unit A4673 - 12v power check 13.14V, per ECO-114.",A4673,POWER_RAIL_12V,FAIL
LOG03445,"board B0946 - 12v power check 10.95V, reject, retest after rework.",B0946,POWER_RAIL_12V,FAIL
LOG03446,"Checked thermal soak reading on C 0342, 39.9C.",C0342,THERMAL,PASS
LOG03447,"B-8787 +12V supply measured 12.88V, fails.",B8787,POWER_RAIL_12V,FAIL
LOG03448,unit D6325 scope reading CH4: 4.05 Vpp.,D6325,SIGNAL_INTEGRITY,FAIL
LOG03449,"Checked 5v power check on unit A7444, 5.02V, unit was reworked yesterday.",A7444,POWER_RAIL_5V,PASS
LOG03450,"Checked CH1 signal check on board A0227, 3.24Vpp, second attempt.",A0227,SIGNAL_INTEGRITY,PASS
LOG03451,"D-8144 thermal reading after burn-in: 61.6 C, flagged for rework.",D8144,THERMAL,FAIL
LOG03452,"unit A9057 resistance check J7: 7.66 Ohm, fails.",A9057,CONTINUITY,FAIL
LOG03453,Unit unit C9030: 3.3v power check reading 2.81V — bad reading.,C9030,POWER_RAIL_3V3,FAIL
LOG03454,C-5409 case temp: 38.8 C (all good).,C5409,THERMAL,PASS
LOG03455,C-3525 resistance check EN_LINE measured 4.39Ohm — good reading.,C3525,CONTINUITY,PASS
LOG03456,Unit D 4783: 5V rail reading 4.46V.,D4783,POWER_RAIL_5V,FAIL
LOG03457,"D4632 scope reading CH2: 2.70 Vpp, out of spec.",D4632,SIGNAL_INTEGRITY,FAIL
LOG03458,"Checked eye height CH4 on board A8732, 4.03Vpp — reject, retest after rework.",A8732,SIGNAL_INTEGRITY,FAIL
LOG03459,"B 6752 3v3 supply measured 3.35V, looks good.",B6752,POWER_RAIL_3V3,PASS
LOG03460,"D 1426 3.3V rail measured 3.40V, OK.",D1426,POWER_RAIL_3V3,PASS
LOG03461,D 4835 +12V supply measured 11.90V.,D4835,POWER_RAIL_12V,PASS
LOG03462,Unit unit B9092: eye height CH4 reading 3.22Vpp (all good).,B9092,SIGNAL_INTEGRITY,PASS
LOG03463,"Checked 3.3v power check on unit C9330, 2.66V, doesn't look right, second attempt.",C9330,POWER_RAIL_3V3,FAIL
LOG03464,"Checked standby current on B3198, 33.95mA (bad reading).",B3198,CURRENT_DRAW,FAIL
LOG03465,C5730 signal amplitude CH4 measured 2.92Vpp — checks out.,C5730,SIGNAL_INTEGRITY,PASS
LOG03466,Unit D-2489: +5V supply reading 5.25V — checks out.,D2489,POWER_RAIL_5V,PASS
LOG03467,unit A9580 thermal soak reading: 25.6 C.,A9580,THERMAL,PASS
LOG03468,Unit B 0829: VDD_12V rail reading 11.76V.,B0829,POWER_RAIL_12V,PASS
LOG03469,B 2001 current draw at idle: 103.79 mA.,B2001,CURRENT_DRAW,PASS
LOG03470,"Unit B 9195: idle current draw reading 119.01mA, good reading.",B9195,CURRENT_DRAW,PASS
LOG03471,"unit B8458 - case temp 55.0C (within spec), per ECO-114.",B8458,THERMAL,PASS
LOG03472,board A5428 3v3 supply: 3.16 V — looks good.,A5428,POWER_RAIL_3V3,PASS
LOG03473,C 4853 VDD_5V rail measured 5.14V.,C4853,POWER_RAIL_5V,PASS
LOG03474,"d8243 - 5v rail 4.85v, per eco-114.",D8243,POWER_RAIL_5V,PASS
LOG03475,"Checked 12V rail on D8401, 11.04V, reject, customer return unit.",D8401,POWER_RAIL_12V,FAIL
LOG03476,"Unit B-5738: scope reading CH2 reading 2.80Vpp, all good.",B5738,SIGNAL_INTEGRITY,PASS
LOG03477,"board C4421 resistance check J12: 6.94 Ohm, doesn't look right.",C4421,CONTINUITY,FAIL
LOG03478,"a 5812 thermal soak reading: 71.0 c, no good.",A5812,THERMAL,FAIL
LOG03479,B-7547 RESET continuity measured 5.00Ohm.,B7547,CONTINUITY,PASS
LOG03480,"Checked current draw at idle on A 7699, 50.00mA, good reading, after reflow.",A7699,CURRENT_DRAW,PASS
LOG03481,"A-7117 - VDD_12V rail 12.49V (within spec), second attempt.",A7117,POWER_RAIL_12V,PASS
LOG03482,"D0176 - signal amplitude CH2 2.63Vpp, flagged for rework, after reflow.",D0176,SIGNAL_INTEGRITY,FAIL
LOG03483,unit D5096 scope reading CH4: 3.38 Vpp.,D5096,SIGNAL_INTEGRITY,PASS
LOG03484,"board C8588 - resistance check J7 3.02Ohm, unit was reworked yesterday.",C8588,CONTINUITY,PASS
LOG03485,Unit board A2814: resistance check J4 reading 2.43Ohm.,A2814,CONTINUITY,PASS
LOG03486,Unit unit A1195: +3.3V rail reading 3.29V.,A1195,POWER_RAIL_3V3,PASS
LOG03487,Unit B3529: signal amplitude CH4 reading 3.28Vpp — all good.,B3529,SIGNAL_INTEGRITY,PASS
LOG03488,unit C9515 - board temp after 10min soak 37.1C — all good.,C9515,THERMAL,PASS
LOG03489,"unit board a5775: vdd_3v3 rail reading 3.51v, reject.",A5775,POWER_RAIL_3V3,FAIL
LOG03490,"D 3207 - current draw at idle 38.33mA, fails, per ECO-114.",D3207,CURRENT_DRAW,FAIL
LOG03491,"Unit unit A8076: 12V rail reading 12.12V, checks out.",A8076,POWER_RAIL_12V,PASS
LOG03492,d5359 scope reading ch2: 3.48 vpp.,D5359,SIGNAL_INTEGRITY,PASS
LOG03493,"D-4314 12V rail: 13.14 V, doesn't look right.",D4314,POWER_RAIL_12V,FAIL
LOG03494,"Checked cont check EN_LINE on B7087, 0.15Ohm, passes, retest after rework.",B7087,CONTINUITY,PASS
LOG03495,"Checked 5V rail on board C2833, 5.10V — good reading, second attempt.",C2833,POWER_RAIL_5V,PASS
LOG03496,Unit unit B9532: CH3 signal check reading 3.71Vpp.,B9532,SIGNAL_INTEGRITY,FAIL
LOG03497,unit A3034 +12V supply measured 12.34V.,A3034,POWER_RAIL_12V,PASS
LOG03498,board A9407 - 12V rail 12.70V (bad reading).,A9407,POWER_RAIL_12V,FAIL
LOG03499,board C0876 - +5V supply 4.68V.,C0876,POWER_RAIL_5V,FAIL
LOG03500,Unit unit B0242: +12V supply reading 12.34V — passes.,B0242,POWER_RAIL_12V,PASS
LOG03501,"Checked eye height CH1 on board A3304, 3.85Vpp (bad reading), customer return unit.",A3304,SIGNAL_INTEGRITY,FAIL
LOG03502,unit D4821 12v power check measured 11.30V.,D4821,POWER_RAIL_12V,FAIL
LOG03503,C 6883 eye height CH1: 3.32 Vpp.,C6883,SIGNAL_INTEGRITY,PASS
LOG03504,board D1559 3v3 supply measured 3.41V.,D1559,POWER_RAIL_3V3,PASS
LOG03505,Unit board D7112: signal amplitude CH2 reading 4.08Vpp.,D7112,SIGNAL_INTEGRITY,FAIL
LOG03506,"board D6756 - +3.3V rail 3.33V, second attempt.",D6756,POWER_RAIL_3V3,PASS
LOG03507,C-2394 12V rail measured 12.16V.,C2394,POWER_RAIL_12V,PASS
LOG03508,"A-5648 - scope reading CH1 2.97Vpp, per ECO-114.",A5648,SIGNAL_INTEGRITY,PASS
LOG03509,"unit A9018 - 5V rail 5.72V, after reflow.",A9018,POWER_RAIL_5V,FAIL
LOG03510,B8149 CH1 signal check: 3.64 Vpp — fails.,B8149,SIGNAL_INTEGRITY,FAIL
LOG03511,"Checked case temp on D2085, 36.1C (all good), retest after rework.",D2085,THERMAL,PASS
LOG03512,A 1542 resistance check J4: 0.00 Ohm (looks good).,A1542,CONTINUITY,PASS
LOG03513,B-4925 VDD_12V rail: 10.75 V — bad reading.,B4925,POWER_RAIL_12V,FAIL
LOG03514,"C2137 +12V supply measured 11.83V, looks good.",C2137,POWER_RAIL_12V,PASS
LOG03515,"A9542 - 12V rail 11.86V — nominal, second attempt.",A9542,POWER_RAIL_12V,PASS
LOG03516,"unit B7685 - board temp after 10min soak 26.3C, line 2.",B7685,THERMAL,PASS
LOG03517,Unit board D9101: resistance check J4 reading 6.76Ohm.,D9101,CONTINUITY,FAIL
LOG03518,D9265 5v power check: 5.04 V.,D9265,POWER_RAIL_5V,PASS
LOG03519,"B5810 - eye height CH2 2.83Vpp, looks good, line 2.",B5810,SIGNAL_INTEGRITY,PASS
LOG03520,A-1136 J7 continuity: 4.05 Ohm.,A1136,CONTINUITY,PASS
LOG03521,D-4931 12V rail measured 13.13V.,D4931,POWER_RAIL_12V,FAIL
LOG03522,B3137 - VDD_5V rail 5.57V — out of spec.,B3137,POWER_RAIL_5V,FAIL
LOG03523,"Checked VDD_3V3 rail on unit D5746, 3.13V, shift B.",D5746,POWER_RAIL_3V3,PASS
LOG03524,"Checked board temp after 10min soak on B-2855, 60.6C, reject, unit was reworked yesterday.",B2855,THERMAL,FAIL
LOG03525,c8395 12v rail measured 12.51v — ok.,C8395,POWER_RAIL_12V,PASS
LOG03526,unit A4277 +5V supply measured 5.03V.,A4277,POWER_RAIL_5V,PASS
LOG03527,C 0543 12V rail measured 12.86V.,C0543,POWER_RAIL_12V,FAIL
LOG03528,c 2360 3.3v power check measured 2.90v.,C2360,POWER_RAIL_3V3,FAIL
LOG03529,Unit board D6562: VDD_12V rail reading 13.13V.,D6562,POWER_RAIL_12V,FAIL
LOG03530,"D 5258 - cont check J4 7.92Ohm, shift B.",D5258,CONTINUITY,FAIL
LOG03531,"Checked 5V rail on A2354, 5.12V.",A2354,POWER_RAIL_5V,PASS
LOG03532,"A 8620 - quiescent current 165.87mA, customer return unit.",A8620,CURRENT_DRAW,FAIL
LOG03533,board B4941 VDD_3V3 rail measured 3.66V (doesn't look right).,B4941,POWER_RAIL_3V3,FAIL
LOG03534,C8476 CLK continuity measured 4.33Ohm.,C8476,CONTINUITY,PASS
LOG03535,Unit B 7455: continuity on J7 reading 3.84Ohm.,B7455,CONTINUITY,PASS
LOG03536,b 0103 +3.3v rail measured 2.67v — flagged for rework.,B0103,POWER_RAIL_3V3,FAIL
LOG03537,"unit C0060 - scope reading CH2 2.87Vpp, per ECO-114.",C0060,SIGNAL_INTEGRITY,PASS
LOG03538,"Checked +12V supply on D-5820, 12.03V, all good, shift B.",D5820,POWER_RAIL_12V,PASS
LOG03539,"checked current draw at idle on board d3725, 90.18ma, customer return unit.",D3725,CURRENT_DRAW,PASS
LOG03540,board D1260 standby current measured -6.39mA.,D1260,CURRENT_DRAW,FAIL
LOG03541,D1533 - +5V supply 4.81V.,D1533,POWER_RAIL_5V,PASS
LOG03542,board c8579 thermal soak reading measured 62.9c (no good).,C8579,THERMAL,FAIL
LOG03543,B-6013 EN_LINE continuity measured 4.10Ohm.,B6013,CONTINUITY,PASS
LOG03544,Unit unit B4006: scope reading CH4 reading 2.92Vpp.,B4006,SIGNAL_INTEGRITY,PASS
LOG03545,A 9876 +3.3V rail measured 2.65V — fails.,A9876,POWER_RAIL_3V3,FAIL
LOG03546,d 5292 vdd_12v rail: 11.02 v (flagged for rework).,D5292,POWER_RAIL_12V,FAIL
LOG03547,"unit B9401 J12 continuity: 1.68 Ohm, passes.",B9401,CONTINUITY,PASS
LOG03548,"checked continuity on j4 on d 5263, 5.88ohm — no good, per eco-114.",D5263,CONTINUITY,FAIL
LOG03549,Unit unit A2334: thermal soak reading reading 8.0C.,A2334,THERMAL,FAIL
LOG03550,"unit a7841: eye height ch1 reading 4.04vpp, bad reading.",A7841,SIGNAL_INTEGRITY,FAIL
LOG03551,B 3070 5v power check: 5.11 V.,B3070,POWER_RAIL_5V,PASS
LOG03552,board c9616 resistance check clk: 5.77 ohm.,C9616,CONTINUITY,FAIL
LOG03553,"A 1220 - +12V supply 12.75V, second attempt.",A1220,POWER_RAIL_12V,FAIL
LOG03554,"checked 3.3v rail on unit a8903, 2.96v, line 2.",A8903,POWER_RAIL_3V3,FAIL
LOG03555,"Checked current draw at idle on board D2645, 106.99mA, checks out, unit was reworked yesterday.",D2645,CURRENT_DRAW,PASS
LOG03556,"Checked 5V rail on A 1625, 5.03V, unit was reworked yesterday.",A1625,POWER_RAIL_5V,PASS
LOG03557,"A-5898 scope reading CH4 measured 3.15Vpp, good reading.",A5898,SIGNAL_INTEGRITY,PASS
LOG03558,Unit unit B1700: scope reading CH3 reading 3.29Vpp.,B1700,SIGNAL_INTEGRITY,PASS
LOG03559,"Checked J4 continuity on board A2156, 2.09Ohm (looks good), retest after rework.",A2156,CONTINUITY,PASS
LOG03560,"checked case temp on unit a7455, 33.3c, unit was reworked yesterday.",A7455,THERMAL,PASS
LOG03561,board B0168 VDD_5V rail measured 4.58V.,B0168,POWER_RAIL_5V,FAIL
LOG03562,"A-9238 - standby current 197.65mA, line 2.",A9238,CURRENT_DRAW,FAIL
LOG03563,A6778 current draw at idle measured 94.59mA.,A6778,CURRENT_DRAW,PASS
LOG03564,unit B5876 - 3v3 supply 3.25V.,B5876,POWER_RAIL_3V3,PASS
LOG03565,"Checked scope reading CH1 on unit C3898, 3.05Vpp, customer return unit.",C3898,SIGNAL_INTEGRITY,PASS
LOG03566,"Unit A-0586: quiescent current reading 98.57mA, within spec.",A0586,CURRENT_DRAW,PASS
LOG03567,"board C0714 - 5V rail 5.35V, second attempt.",C0714,POWER_RAIL_5V,FAIL
LOG03568,board B0013 5V rail: 5.11 V (within spec).,B0013,POWER_RAIL_5V,PASS
LOG03569,C-1208 standby current: 186.14 mA.,C1208,CURRENT_DRAW,FAIL
LOG03570,D-3088 +12V supply: 11.40 V — passes.,D3088,POWER_RAIL_12V,PASS
LOG03571,C-2391 standby current measured 37.60mA.,C2391,CURRENT_DRAW,FAIL
LOG03572,Unit unit B9326: 12v power check reading 12.11V (looks good).,B9326,POWER_RAIL_12V,PASS
LOG03573,"Checked quiescent current on C 5870, 83.65mA (looks good), second attempt.",C5870,CURRENT_DRAW,PASS
LOG03574,"Checked standby current on B-6337, 77.01mA (all good).",B6337,CURRENT_DRAW,PASS
LOG03575,Unit D 4860: cont check RESET reading 4.76Ohm — good reading.,D4860,CONTINUITY,PASS
LOG03576,unit B2521 +12V supply measured 12.22V — nominal.,B2521,POWER_RAIL_12V,PASS
LOG03577,"Checked CLK continuity on unit C2620, 2.23Ohm, unit was reworked yesterday.",C2620,CONTINUITY,PASS
LOG03578,unit C7502 case temp: 37.4 C.,C7502,THERMAL,PASS
LOG03579,board B2019 VDD_3V3 rail: 3.89 V.,B2019,POWER_RAIL_3V3,FAIL
LOG03580,"D8713 - resistance check EN_LINE 2.43Ohm, good reading, unit was reworked yesterday.",D8713,CONTINUITY,PASS
LOG03581,C 1585 current draw at idle measured 100.76mA.,C1585,CURRENT_DRAW,PASS
LOG03582,C 4229 J7 continuity measured 2.85Ohm.,C4229,CONTINUITY,PASS
LOG03583,"unit C6273 - resistance check RESET 0.00Ohm, all good, unit was reworked yesterday.",C6273,CONTINUITY,PASS
LOG03584,"Checked idle current draw on B 8191, 108.08mA — passes, per ECO-114.",B8191,CURRENT_DRAW,PASS
LOG03585,C 6196 case temp: 22.7 C — passes.,C6196,THERMAL,PASS
LOG03586,"A-8754 VDD_5V rail measured 4.81V, checks out.",A8754,POWER_RAIL_5V,PASS
LOG03587,"Checked signal amplitude CH1 on board A0871, 3.16Vpp, unit was reworked yesterday.",A0871,SIGNAL_INTEGRITY,PASS
LOG03588,"Checked eye height CH1 on board A1657, 3.89Vpp, fails, line 2.",A1657,SIGNAL_INTEGRITY,FAIL
LOG03589,"Checked +5V supply on unit B4456, 5.01V (checks out), second attempt.",B4456,POWER_RAIL_5V,PASS
LOG03590,"Unit unit C9077: +3.3V rail reading 3.14V, OK.",C9077,POWER_RAIL_3V3,PASS
LOG03591,"Checked case temp on D 1276, 63.8C, doesn't look right, after reflow.",D1276,THERMAL,FAIL
LOG03592,unit B7919 5V rail: 4.26 V.,B7919,POWER_RAIL_5V,FAIL
LOG03593,board D9386 +3.3V rail: 3.21 V.,D9386,POWER_RAIL_3V3,PASS
LOG03594,"Checked thermal reading after burn-in on D6327, 9.7C, shift B.",D6327,THERMAL,FAIL
LOG03595,C9509 5V rail: 5.19 V.,C9509,POWER_RAIL_5V,PASS
LOG03596,"Checked VDD_5V rail on B 6537, 5.25V.",B6537,POWER_RAIL_5V,PASS
LOG03597,Unit A 4809: thermal soak reading reading 33.4C (within spec).,A4809,THERMAL,PASS
LOG03598,"Checked signal amplitude CH1 on unit C1302, 2.38Vpp (failed).",C1302,SIGNAL_INTEGRITY,FAIL
LOG03599,A-6072 - signal amplitude CH2 3.28Vpp — looks good.,A6072,SIGNAL_INTEGRITY,PASS
LOG03600,"Checked +12V supply on A-6709, 11.28V — failed, per ECO-114.",A6709,POWER_RAIL_12V,FAIL
LOG03601,"A-4378 - scope reading CH3 2.73Vpp, retest after rework.",A4378,SIGNAL_INTEGRITY,FAIL
LOG03602,"B 1095 - case temp 38.5C — looks good, customer return unit.",B1095,THERMAL,PASS
LOG03603,"checked 3v3 supply on board d0876, 3.28v — within spec, line 2.",D0876,POWER_RAIL_3V3,PASS
LOG03604,"unit A8324 - thermal reading after burn-in 42.6C, retest after rework.",A8324,THERMAL,PASS
LOG03605,"unit D0203 - 5V rail 5.18V, nominal, unit was reworked yesterday.",D0203,POWER_RAIL_5V,PASS
LOG03606,board A5829 - +3.3V rail 3.10V (reject).,A5829,POWER_RAIL_3V3,FAIL
LOG03607,"A-0780 3.3v power check measured 3.33V, nominal.",A0780,POWER_RAIL_3V3,PASS
LOG03608,"C 0680 - 5V rail 4.75V — good reading, retest after rework.",C0680,POWER_RAIL_5V,PASS
LOG03609,board C9675 quiescent current measured 189.47mA.,C9675,CURRENT_DRAW,FAIL
LOG03610,unit C9543 case temp: 67.9 C.,C9543,THERMAL,FAIL
LOG03611,"unit C5861 - VDD_3V3 rail 3.33V, after reflow.",C5861,POWER_RAIL_3V3,PASS
LOG03612,unit C7796 3v3 supply measured 3.46V.,C7796,POWER_RAIL_3V3,PASS
LOG03613,Unit D7344: 12v power check reading 13.32V (failed).,D7344,POWER_RAIL_12V,FAIL
LOG03614,board A6373 VDD_5V rail measured 4.66V.,A6373,POWER_RAIL_5V,FAIL
LOG03615,Unit A-9834: case temp reading 46.2C (passes).,A9834,THERMAL,PASS
LOG03616,board A2523 12v power check measured 11.83V.,A2523,POWER_RAIL_12V,PASS
LOG03617,Unit D7674: 12v power check reading 11.95V.,D7674,POWER_RAIL_12V,PASS
LOG03618,"board A1023 5v power check: 4.95 V, within spec.",A1023,POWER_RAIL_5V,PASS
LOG03619,"Checked resistance check EN_LINE on unit C4215, 6.16Ohm (fails), shift B.",C4215,CONTINUITY,FAIL
LOG03620,Unit C 4368: CH4 signal check reading 3.42Vpp (within spec).,C4368,SIGNAL_INTEGRITY,PASS
LOG03621,board C7254 case temp measured 38.2C — within spec.,C7254,THERMAL,PASS
LOG03622,"unit A8330 - case temp 33.2C — all good, per ECO-114.",A8330,THERMAL,PASS
LOG03623,"board D2536 - quiescent current 99.46mA, checks out, customer return unit.",D2536,CURRENT_DRAW,PASS
LOG03624,"checked vdd_12v rail on a-0117, 12.88v.",A0117,POWER_RAIL_12V,FAIL
LOG03625,board D2745 - VDD_12V rail 13.12V.,D2745,POWER_RAIL_12V,FAIL
LOG03626,board B4131 VDD_5V rail measured 4.94V.,B4131,POWER_RAIL_5V,PASS
LOG03627,"board c5880 - +12v supply 11.73v — ok, shift b.",C5880,POWER_RAIL_12V,PASS
LOG03628,"Checked 5V rail on C 0918, 5.10V, unit was reworked yesterday.",C0918,POWER_RAIL_5V,PASS
LOG03629,board D5376 current draw at idle measured 68.28mA.,D5376,CURRENT_DRAW,PASS
LOG03630,"Unit board C1572: eye height CH1 reading 3.10Vpp, within spec.",C1572,SIGNAL_INTEGRITY,PASS
LOG03631,"c 6855 - ch1 signal check 3.77vpp, doesn't look right, retest after rework.",C6855,SIGNAL_INTEGRITY,FAIL
LOG03632,"board C7184 - current draw at idle 124.71mA — passes, shift B.",C7184,CURRENT_DRAW,PASS
LOG03633,Unit B-4864: cont check CLK reading 4.66Ohm — all good.,B4864,CONTINUITY,PASS
LOG03634,"Checked RESET continuity on D6681, 7.60Ohm, per ECO-114.",D6681,CONTINUITY,FAIL
LOG03635,"Checked scope reading CH4 on A 9534, 3.86Vpp — failed, shift B.",A9534,SIGNAL_INTEGRITY,FAIL
LOG03636,"Checked +3.3V rail on unit A1655, 3.18V.",A1655,POWER_RAIL_3V3,PASS
LOG03637,"Checked quiescent current on B2764, 175.54mA — no good, unit was reworked yesterday.",B2764,CURRENT_DRAW,FAIL
LOG03638,"checked idle current draw on unit a1514, 43.00ma, fails, line 2.",A1514,CURRENT_DRAW,FAIL
LOG03639,D 1891 +5V supply: 4.71 V.,D1891,POWER_RAIL_5V,FAIL
LOG03640,Unit unit A4939: 3v3 supply reading 2.80V.,A4939,POWER_RAIL_3V3,FAIL
LOG03641,"Checked 5v power check on C8021, 4.75V — nominal.",C8021,POWER_RAIL_5V,PASS
LOG03642,"Unit unit A6659: idle current draw reading 150.00mA, looks good.",A6659,CURRENT_DRAW,PASS
LOG03643,Unit C 5259: 12v power check reading 10.85V.,C5259,POWER_RAIL_12V,FAIL
LOG03644,"Checked 12v power check on board D5363, 11.79V, line 2.",D5363,POWER_RAIL_12V,PASS
LOG03645,Unit C-7339: resistance check EN_LINE reading 3.84Ohm.,C7339,CONTINUITY,PASS
LOG03646,A5486 +5V supply measured 4.35V — out of spec.,A5486,POWER_RAIL_5V,FAIL
LOG03647,"b4088 - +3.3v rail 3.34v, ok.",B4088,POWER_RAIL_3V3,PASS
LOG03648,board D6078 resistance check J7 measured 2.83Ohm (within spec).,D6078,CONTINUITY,PASS
LOG03649,"unit A9197 12v power check: 12.14 V, nominal.",A9197,POWER_RAIL_12V,PASS
LOG03650,"Unit unit B0972: idle current draw reading 101.00mA, checks out.",B0972,CURRENT_DRAW,PASS
LOG03651,"a-4261 vdd_5v rail: 5.09 v, looks good.",A4261,POWER_RAIL_5V,PASS
LOG03652,"b 4453 12v rail: 12.31 v, ok.",B4453,POWER_RAIL_12V,PASS
LOG03653,unit A7701 12V rail: 11.22 V (flagged for rework).,A7701,POWER_RAIL_12V,FAIL
LOG03654,"Checked VDD_5V rail on unit A9319, 4.45V, failed, unit was reworked yesterday.",A9319,POWER_RAIL_5V,FAIL
LOG03655,"D 1997 - eye height CH3 3.66Vpp, unit was reworked yesterday.",D1997,SIGNAL_INTEGRITY,FAIL
LOG03656,"board b9287 standby current: 1.85 ma, doesn't look right.",B9287,CURRENT_DRAW,FAIL
LOG03657,"Checked signal amplitude CH2 on unit A0101, 3.80Vpp, out of spec, after reflow.",A0101,SIGNAL_INTEGRITY,FAIL
LOG03658,unit A8809 quiescent current: 189.07 mA.,A8809,CURRENT_DRAW,FAIL
LOG03659,"B-6750 - 12v power check 12.83V, bad reading, after reflow.",B6750,POWER_RAIL_12V,FAIL
LOG03660,"Unit board B9352: +3.3V rail reading 3.75V, reject.",B9352,POWER_RAIL_3V3,FAIL
LOG03661,"B8112 - resistance check J7 5.72Ohm (fails), line 2.",B8112,CONTINUITY,FAIL
LOG03662,Unit C-4707: CLK continuity reading 5.00Ohm (OK).,C4707,CONTINUITY,PASS
LOG03663,"Checked +12V supply on C-4891, 12.14V, all good, customer return unit.",C4891,POWER_RAIL_12V,PASS
LOG03664,B 4495 resistance check J4 measured 3.55Ohm — checks out.,B4495,CONTINUITY,PASS
LOG03665,"Checked 12V rail on unit B7945, 11.90V, second attempt.",B7945,POWER_RAIL_12V,PASS
LOG03666,Unit B-8159: thermal reading after burn-in reading 61.7C.,B8159,THERMAL,FAIL
LOG03667,unit c 6859: continuity on j4 reading 2.33ohm — ok.,C6859,CONTINUITY,PASS
LOG03668,"checked vdd_5v rail on a3411, 5.00v, shift b.",A3411,POWER_RAIL_5V,PASS
LOG03669,"Unit unit A0959: cont check CLK reading 6.99Ohm, no good.",A0959,CONTINUITY,FAIL
LOG03670,Unit board B1867: case temp reading 36.8C.,B1867,THERMAL,PASS
LOG03671,C7406 quiescent current: 206.00 mA (reject).,C7406,CURRENT_DRAW,FAIL
LOG03672,"Checked +12V supply on C4266, 11.52V, per ECO-114.",C4266,POWER_RAIL_12V,PASS
LOG03673,"Checked thermal reading after burn-in on A0657, 45.0C, after reflow.",A0657,THERMAL,PASS
LOG03674,"board A9797 - idle current draw 171.57mA, retest after rework.",A9797,CURRENT_DRAW,FAIL
LOG03675,B0321 thermal soak reading: 39.5 C (nominal).,B0321,THERMAL,PASS
LOG03676,"B5958 - VDD_12V rail 12.26V, passes, shift B.",B5958,POWER_RAIL_12V,PASS
LOG03677,Unit A5568: 5v power check reading 5.58V (no good).,A5568,POWER_RAIL_5V,FAIL
LOG03678,A 7146 idle current draw measured 195.76mA.,A7146,CURRENT_DRAW,FAIL
LOG03679,d1701 eye height ch2 measured 3.06vpp — ok.,D1701,SIGNAL_INTEGRITY,PASS
LOG03680,B-8688 signal amplitude CH2 measured 3.30Vpp — looks good.,B8688,SIGNAL_INTEGRITY,PASS
LOG03681,"D1136 - 5v power check 5.14V (good reading), retest after rework.",D1136,POWER_RAIL_5V,PASS
LOG03682,board B5105 continuity on J12 measured 3.97Ohm.,B5105,CONTINUITY,PASS
LOG03683,"Checked 3v3 supply on B 8972, 3.62V, after reflow.",B8972,POWER_RAIL_3V3,FAIL
LOG03684,D-7486 VDD_12V rail measured 11.69V (good reading).,D7486,POWER_RAIL_12V,PASS
LOG03685,"Checked thermal reading after burn-in on A-5454, 37.1C, OK, shift B.",A5454,THERMAL,PASS
LOG03686,"unit d-9517: case temp reading 74.2c, reject.",D9517,THERMAL,FAIL
LOG03687,unit unit c8178: vdd_12v rail reading 12.42v — checks out.,C8178,POWER_RAIL_12V,PASS
LOG03688,"Checked signal amplitude CH3 on C 0296, 2.37Vpp — fails.",C0296,SIGNAL_INTEGRITY,FAIL
LOG03689,Unit board D4077: case temp reading 20.0C.,D4077,THERMAL,PASS
LOG03690,"unit C0325 - 12V rail 13.23V (flagged for rework), shift B.",C0325,POWER_RAIL_12V,FAIL
LOG03691,"B5238 VDD_5V rail measured 5.25V, passes.",B5238,POWER_RAIL_5V,PASS
LOG03692,Unit B 0535: 3v3 supply reading 3.36V (nominal).,B0535,POWER_RAIL_3V3,PASS
LOG03693,"B4660 - 12v power check 11.80V, after reflow.",B4660,POWER_RAIL_12V,PASS
LOG03694,"D 3558 - board temp after 10min soak 31.3C (OK), second attempt.",D3558,THERMAL,PASS
LOG03695,Unit A-0681: quiescent current reading 86.22mA.,A0681,CURRENT_DRAW,PASS
LOG03696,"board A1630 - 5V rail 5.06V, after reflow.",A1630,POWER_RAIL_5V,PASS
LOG03697,D 4098 VDD_5V rail: 4.75 V (within spec).,D4098,POWER_RAIL_5V,PASS
LOG03698,"Checked VDD_12V rail on D1475, 10.97V, no good, shift B.",D1475,POWER_RAIL_12V,FAIL
LOG03699,"Checked VDD_12V rail on A 1559, 11.12V — failed, unit was reworked yesterday.",A1559,POWER_RAIL_12V,FAIL
LOG03700,"Checked case temp on unit A9476, 56.9C, out of spec, retest after rework.",A9476,THERMAL,FAIL
LOG03701,unit B9853 3v3 supply: 3.42 V — within spec.,B9853,POWER_RAIL_3V3,PASS
LOG03702,A 4409 thermal soak reading measured 1.7C.,A4409,THERMAL,FAIL
LOG03703,"board A3511 - current draw at idle 95.75mA — looks good, second attempt.",A3511,CURRENT_DRAW,PASS
LOG03704,C-7477 12V rail measured 11.07V — out of spec.,C7477,POWER_RAIL_12V,FAIL
LOG03705,"Checked +5V supply on B2846, 4.87V.",B2846,POWER_RAIL_5V,PASS
LOG03706,"Unit board B3094: eye height CH1 reading 2.96Vpp, within spec.",B3094,SIGNAL_INTEGRITY,PASS
LOG03707,A9568 3.3V rail measured 3.84V.,A9568,POWER_RAIL_3V3,FAIL
LOG03708,Unit A-8159: 3.3v power check reading 3.18V.,A8159,POWER_RAIL_3V3,PASS
LOG03709,c2893 eye height ch4 measured 3.41vpp — ok.,C2893,SIGNAL_INTEGRITY,PASS
LOG03710,A-4572 cont check EN_LINE: 3.90 Ohm (good reading).,A4572,CONTINUITY,PASS
LOG03711,"Checked CH1 signal check on B-6658, 3.07Vpp, line 2.",B6658,SIGNAL_INTEGRITY,PASS
LOG03712,B-5369 thermal reading after burn-in: 16.0 C — flagged for rework.,B5369,THERMAL,FAIL
LOG03713,"A-5395 - idle current draw -6.04mA, shift B.",A5395,CURRENT_DRAW,FAIL
LOG03714,C-5050 5V rail measured 5.14V.,C5050,POWER_RAIL_5V,PASS
LOG03715,"B4595 - 3.3V rail 3.29V — looks good, retest after rework.",B4595,POWER_RAIL_3V3,PASS
LOG03716,"board A4182 +12V supply measured 12.00V, OK.",A4182,POWER_RAIL_12V,PASS
LOG03717,A 5378 3v3 supply measured 2.86V.,A5378,POWER_RAIL_3V3,FAIL
LOG03718,"Checked VDD_3V3 rail on C3360, 2.83V, retest after rework.",C3360,POWER_RAIL_3V3,FAIL
LOG03719,"Checked resistance check J7 on D 2566, 5.79Ohm, unit was reworked yesterday.",D2566,CONTINUITY,FAIL
LOG03720,"D-9159 +12V supply measured 11.58V, checks out.",D9159,POWER_RAIL_12V,PASS
LOG03721,"unit B0721 - +12V supply 11.77V, after reflow.",B0721,POWER_RAIL_12V,PASS
LOG03722,D-3792 +12V supply measured 13.05V — bad reading.,D3792,POWER_RAIL_12V,FAIL
LOG03723,C-1603 continuity on J12: 2.25 Ohm.,C1603,CONTINUITY,PASS
LOG03724,unit d0117 idle current draw: 150.00 ma (ok).,D0117,CURRENT_DRAW,PASS
LOG03725,"Checked cont check J4 on C-2278, 2.55Ohm.",C2278,CONTINUITY,PASS
LOG03726,"C6517 VDD_3V3 rail measured 3.64V, out of spec.",C6517,POWER_RAIL_3V3,FAIL
LOG03727,"board A0817 - VDD_3V3 rail 3.13V, unit was reworked yesterday.",A0817,POWER_RAIL_3V3,PASS
LOG03728,"board D8583 - board temp after 10min soak 29.8C — looks good, second attempt.",D8583,THERMAL,PASS
LOG03729,"Checked eye height CH3 on C2190, 3.60Vpp, retest after rework.",C2190,SIGNAL_INTEGRITY,PASS
LOG03730,"Unit C8510: CH4 signal check reading 3.28Vpp, all good.",C8510,SIGNAL_INTEGRITY,PASS
LOG03731,A-7473 eye height CH2: 3.35 Vpp (nominal).,A7473,SIGNAL_INTEGRITY,PASS
LOG03732,Unit board A4035: J4 continuity reading 0.00Ohm — looks good.,A4035,CONTINUITY,PASS
LOG03733,Unit D-2249: J4 continuity reading 2.45Ohm — looks good.,D2249,CONTINUITY,PASS
LOG03734,Unit C-7670: case temp reading 39.8C — looks good.,C7670,THERMAL,PASS
LOG03735,Unit unit D6688: 5v power check reading 5.56V.,D6688,POWER_RAIL_5V,FAIL
LOG03736,"Unit unit D0844: quiescent current reading 95.31mA, all good.",D0844,CURRENT_DRAW,PASS
LOG03737,"board A4705 - VDD_12V rail 12.19V — looks good, shift B.",A4705,POWER_RAIL_12V,PASS
LOG03738,b9603 idle current draw: 132.03 ma.,B9603,CURRENT_DRAW,PASS
LOG03739,B 6860 VDD_12V rail: 12.29 V — checks out.,B6860,POWER_RAIL_12V,PASS
LOG03740,"Unit unit D1726: 5V rail reading 4.90V, OK.",D1726,POWER_RAIL_5V,PASS
LOG03741,"board C1406 - board temp after 10min soak 50.5C (OK), after reflow.",C1406,THERMAL,PASS
LOG03742,"board B7228 - case temp 73.4C, failed, line 2.",B7228,THERMAL,FAIL
LOG03743,unit unit a9543: continuity on j7 reading 2.79ohm (looks good).,A9543,CONTINUITY,PASS
LOG03744,"B 5452 - standby current 85.39mA, shift B.",B5452,CURRENT_DRAW,PASS
LOG03745,"board D7316 - current draw at idle 87.96mA, after reflow.",D7316,CURRENT_DRAW,PASS
LOG03746,unit D7383 eye height CH2: 2.69 Vpp.,D7383,SIGNAL_INTEGRITY,FAIL
LOG03747,"Checked 5V rail on unit D3105, 5.63V — flagged for rework, per ECO-114.",D3105,POWER_RAIL_5V,FAIL
LOG03748,D 4567 standby current: 113.25 mA — passes.,D4567,CURRENT_DRAW,PASS
LOG03749,"Checked quiescent current on B 4690, 111.27mA, line 2.",B4690,CURRENT_DRAW,PASS
LOG03750,"Checked 3.3V rail on B7908, 2.73V, failed, unit was reworked yesterday.",B7908,POWER_RAIL_3V3,FAIL
LOG03751,"c7989 - vdd_5v rail 5.65v, shift b.",C7989,POWER_RAIL_5V,FAIL
LOG03752,"A-2155 quiescent current: 101.90 mA, passes.",A2155,CURRENT_DRAW,PASS
LOG03753,C 2464 5v power check measured 5.24V.,C2464,POWER_RAIL_5V,PASS
LOG03754,D2586 +5V supply measured 5.54V (failed).,D2586,POWER_RAIL_5V,FAIL
LOG03755,"D 0137 - idle current draw 134.15mA — nominal, retest after rework.",D0137,CURRENT_DRAW,PASS
LOG03756,C-3489 VDD_3V3 rail: 3.26 V — looks good.,C3489,POWER_RAIL_3V3,PASS
LOG03757,"Unit A8262: case temp reading 40.0C, looks good.",A8262,THERMAL,PASS
LOG03758,"A-4832 - VDD_12V rail 11.66V, second attempt.",A4832,POWER_RAIL_12V,PASS
LOG03759,"Checked current draw at idle on board C5204, 97.85mA (nominal).",C5204,CURRENT_DRAW,PASS
LOG03760,b-6433 scope reading ch1 measured 3.60vpp (within spec).,B6433,SIGNAL_INTEGRITY,PASS
LOG03761,unit c-0313: scope reading ch3 reading 3.91vpp.,C0313,SIGNAL_INTEGRITY,FAIL
LOG03762,D-5794 standby current: 108.98 mA.,D5794,CURRENT_DRAW,PASS
LOG03763,D 8202 standby current: 26.06 mA.,D8202,CURRENT_DRAW,FAIL
LOG03764,"B0004 - +5V supply 5.10V (looks good), after reflow.",B0004,POWER_RAIL_5V,PASS
LOG03765,"A 7489 +12V supply measured 12.16V, within spec.",A7489,POWER_RAIL_12V,PASS
LOG03766,D-3532 5V rail: 4.87 V — good reading.,D3532,POWER_RAIL_5V,PASS
LOG03767,C-6119 thermal reading after burn-in measured 46.0C (within spec).,C6119,THERMAL,PASS
LOG03768,"Checked RESET continuity on board B5324, 1.07Ohm, checks out, retest after rework.",B5324,CONTINUITY,PASS
LOG03769,"C-5390 VDD_12V rail: 11.40 V, good reading.",C5390,POWER_RAIL_12V,PASS
LOG03770,"C-6629 - 3v3 supply 2.93V (doesn't look right), shift B.",C6629,POWER_RAIL_3V3,FAIL
LOG03771,"unit a3816 - +3.3v rail 3.33v, second attempt.",A3816,POWER_RAIL_3V3,PASS
LOG03772,unit board c4264: scope reading ch2 reading 3.37vpp.,C4264,SIGNAL_INTEGRITY,PASS
LOG03773,D2034 5V rail: 4.87 V (nominal).,D2034,POWER_RAIL_5V,PASS
LOG03774,board A2706 VDD_3V3 rail measured 3.21V (OK).,A2706,POWER_RAIL_3V3,PASS
LOG03775,"B 1603 - signal amplitude CH1 2.90Vpp, shift B.",B1603,SIGNAL_INTEGRITY,PASS
LOG03776,"Checked 3.3V rail on D4614, 3.25V, nominal, unit was reworked yesterday.",D4614,POWER_RAIL_3V3,PASS
LOG03777,b 2182 vdd_5v rail: 5.04 v (ok).,B2182,POWER_RAIL_5V,PASS
LOG03778,"Checked 5V rail on C6173, 5.30V, unit was reworked yesterday.",C6173,POWER_RAIL_5V,FAIL
LOG03779,"Checked 12v power check on unit B3268, 12.26V, good reading, per ECO-114.",B3268,POWER_RAIL_12V,PASS
LOG03780,"Checked thermal reading after burn-in on D-0659, 30.3C (passes), per ECO-114.",D0659,THERMAL,PASS
LOG03781,board D1670 board temp after 10min soak: 66.0 C.,D1670,THERMAL,FAIL
LOG03782,"b 0545 - continuity on en_line 2.28ohm, second attempt.",B0545,CONTINUITY,PASS
LOG03783,"Unit unit C2226: idle current draw reading 145.81mA, nominal.",C2226,CURRENT_DRAW,PASS
LOG03784,"Checked +3.3V rail on A8174, 3.27V, line 2.",A8174,POWER_RAIL_3V3,PASS
LOG03785,D7456 thermal soak reading measured 24.9C.,D7456,THERMAL,PASS
LOG03786,"b5593 - 12v rail 12.55v, line 2.",B5593,POWER_RAIL_12V,PASS
LOG03787,"Checked VDD_5V rail on C-1830, 4.98V — passes, after reflow.",C1830,POWER_RAIL_5V,PASS
LOG03788,"Checked scope reading CH4 on A 5036, 3.34Vpp, after reflow.",A5036,SIGNAL_INTEGRITY,PASS
LOG03789,Unit D1223: board temp after 10min soak reading 35.3C (checks out).,D1223,THERMAL,PASS
LOG03790,unit D3908 VDD_12V rail: 11.84 V (OK).,D3908,POWER_RAIL_12V,PASS
LOG03791,Unit D5557: 5V rail reading 4.89V — checks out.,D5557,POWER_RAIL_5V,PASS
LOG03792,"Checked EN_LINE continuity on A 0121, 1.65Ohm — nominal, retest after rework.",A0121,CONTINUITY,PASS
LOG03793,Unit C 7747: +12V supply reading 12.02V — looks good.,C7747,POWER_RAIL_12V,PASS
LOG03794,"B-1075 12v power check: 11.52 V, OK.",B1075,POWER_RAIL_12V,PASS
LOG03795,A 3679 VDD_3V3 rail measured 3.22V (within spec).,A3679,POWER_RAIL_3V3,PASS
LOG03796,unit A3208 - standby current 90.75mA — within spec.,A3208,CURRENT_DRAW,PASS
LOG03797,"board B9506 - signal amplitude CH2 3.05Vpp, shift B.",B9506,SIGNAL_INTEGRITY,PASS
LOG03798,"Checked standby current on B-9856, 92.12mA, nominal, retest after rework.",B9856,CURRENT_DRAW,PASS
LOG03799,"Checked 3v3 supply on A2727, 3.40V, checks out, per ECO-114.",A2727,POWER_RAIL_3V3,PASS
LOG03800,A-8839 3.3V rail measured 3.30V.,A8839,POWER_RAIL_3V3,PASS
LOG03801,"A1434 - 3.3v power check 3.02V (out of spec), shift B.",A1434,POWER_RAIL_3V3,FAIL
LOG03802,"board A7571 - +3.3V rail 2.81V (out of spec), shift B.",A7571,POWER_RAIL_3V3,FAIL
LOG03803,"unit D8316 - 12v power check 11.07V (fails), after reflow.",D8316,POWER_RAIL_12V,FAIL
LOG03804,board A7817 VDD_3V3 rail measured 2.65V — fails.,A7817,POWER_RAIL_3V3,FAIL
LOG03805,"Checked 5v power check on A 9008, 5.38V, per ECO-114.",A9008,POWER_RAIL_5V,FAIL
LOG03806,"checked idle current draw on c7858, 51.52ma, looks good, line 2.",C7858,CURRENT_DRAW,PASS
LOG03807,"unit D6012 - resistance check J12 7.43Ohm, per ECO-114.",D6012,CONTINUITY,FAIL
LOG03808,Unit D-7487: cont check EN_LINE reading 4.44Ohm.,D7487,CONTINUITY,PASS
LOG03809,unit B1545 resistance check EN_LINE: 1.90 Ohm.,B1545,CONTINUITY,PASS
LOG03810,Unit D1028: continuity on J7 reading 2.29Ohm — within spec.,D1028,CONTINUITY,PASS
LOG03811,A9968 - 12v power check 11.40V.,A9968,POWER_RAIL_12V,PASS
LOG03812,C2182 eye height CH2 measured 3.66Vpp.,C2182,SIGNAL_INTEGRITY,FAIL
LOG03813,Unit unit A5293: 5V rail reading 4.97V — checks out.,A5293,POWER_RAIL_5V,PASS
LOG03814,"Unit board B0352: 3.3V rail reading 3.18V, looks good.",B0352,POWER_RAIL_3V3,PASS
LOG03815,Unit unit D6652: 5V rail reading 4.96V.,D6652,POWER_RAIL_5V,PASS
LOG03816,D1733 +3.3V rail measured 2.79V — failed.,D1733,POWER_RAIL_3V3,FAIL
LOG03817,C 2079 eye height CH1: 3.71 Vpp (out of spec).,C2079,SIGNAL_INTEGRITY,FAIL
LOG03818,"Unit D-9687: VDD_12V rail reading 12.03V, OK.",D9687,POWER_RAIL_12V,PASS
LOG03819,C 4794 VDD_5V rail: 5.09 V.,C4794,POWER_RAIL_5V,PASS
LOG03820,Unit A-6644: 12V rail reading 11.84V — looks good.,A6644,POWER_RAIL_12V,PASS
LOG03821,"Unit A 9840: +3.3V rail reading 3.69V, reject.",A9840,POWER_RAIL_3V3,FAIL
LOG03822,unit C5892 quiescent current measured 199.22mA.,C5892,CURRENT_DRAW,FAIL
LOG03823,unit d9337 eye height ch4 measured 3.24vpp (ok).,D9337,SIGNAL_INTEGRITY,PASS
LOG03824,D 7847 idle current draw measured 79.67mA (OK).,D7847,CURRENT_DRAW,PASS
LOG03825,"B8246 - 12v power check 12.17V, customer return unit.",B8246,POWER_RAIL_12V,PASS
LOG03826,unit A8668 eye height CH2 measured 2.34Vpp.,A8668,SIGNAL_INTEGRITY,FAIL
LOG03827,"c 8816 j7 continuity measured 0.00ohm, all good.",C8816,CONTINUITY,PASS
LOG03828,"board A1125 case temp: 33.5 C, OK.",A1125,THERMAL,PASS
LOG03829,C 1508 eye height CH4: 2.38 Vpp.,C1508,SIGNAL_INTEGRITY,FAIL
LOG03830,"Checked eye height CH4 on board C5014, 2.59Vpp, shift B.",C5014,SIGNAL_INTEGRITY,FAIL
LOG03831,D-2169 thermal reading after burn-in measured 31.9C.,D2169,THERMAL,PASS
LOG03832,unit C5144 idle current draw: 106.98 mA (checks out).,C5144,CURRENT_DRAW,PASS
LOG03833,"B-3711 5V rail: 5.00 V, passes.",B3711,POWER_RAIL_5V,PASS
LOG03834,Unit C 5067: 3v3 supply reading 3.33V.,C5067,POWER_RAIL_3V3,PASS
LOG03835,"A2228 - VDD_12V rail 10.74V, retest after rework.",A2228,POWER_RAIL_12V,FAIL
LOG03836,"unit C5850 - VDD_3V3 rail 3.68V (doesn't look right), customer return unit.",C5850,POWER_RAIL_3V3,FAIL
LOG03837,D-8610 signal amplitude CH3 measured 3.34Vpp (all good).,D8610,SIGNAL_INTEGRITY,PASS
LOG03838,"Checked 12V rail on C-9552, 12.25V — within spec, unit was reworked yesterday.",C9552,POWER_RAIL_12V,PASS
LOG03839,"checked en_line continuity on c 7931, 7.38ohm, after reflow.",C7931,CONTINUITY,FAIL
LOG03840,d-9109 +3.3v rail: 3.82 v — no good.,D9109,POWER_RAIL_3V3,FAIL
LOG03841,"board B7733 - 3.3V rail 3.32V, after reflow.",B7733,POWER_RAIL_3V3,PASS
LOG03842,board C6296 - case temp 11.6C (bad reading).,C6296,THERMAL,FAIL
LOG03843,"D 2174 signal amplitude CH1: 2.56 Vpp, flagged for rework.",D2174,SIGNAL_INTEGRITY,FAIL
LOG03844,"Checked +3.3V rail on B-2821, 3.25V — checks out, unit was reworked yesterday.",B2821,POWER_RAIL_3V3,PASS
LOG03845,"C 4758 - current draw at idle 78.20mA, retest after rework.",C4758,CURRENT_DRAW,PASS
LOG03846,"Checked thermal soak reading on board D4936, 9.4C, customer return unit.",D4936,THERMAL,FAIL
LOG03847,"Checked standby current on B-7304, 74.97mA, within spec, line 2.",B7304,CURRENT_DRAW,PASS
LOG03848,b2967 vdd_12v rail: 11.62 v.,B2967,POWER_RAIL_12V,PASS
LOG03849,"d-2918 - scope reading ch4 2.45vpp, per eco-114.",D2918,SIGNAL_INTEGRITY,FAIL
LOG03850,B 7542 resistance check J4 measured 7.19Ohm.,B7542,CONTINUITY,FAIL
LOG03851,"checked thermal soak reading on d 7722, 73.7c, flagged for rework, retest after rework.",D7722,THERMAL,FAIL
LOG03852,"unit A9944 - continuity on J12 0.07Ohm, after reflow.",A9944,CONTINUITY,PASS
LOG03853,"Checked standby current on board C3516, 150.00mA — nominal, per ECO-114.",C3516,CURRENT_DRAW,PASS
LOG03854,B-2585 resistance check J7: 2.69 Ohm.,B2585,CONTINUITY,PASS
LOG03855,Unit unit C9062: +3.3V rail reading 3.86V — no good.,C9062,POWER_RAIL_3V3,FAIL
LOG03856,"A-9097 - resistance check EN_LINE 7.22Ohm (failed), line 2.",A9097,CONTINUITY,FAIL
LOG03857,"Checked VDD_5V rail on board C7469, 4.29V, reject, second attempt.",C7469,POWER_RAIL_5V,FAIL
LOG03858,"Checked 12V rail on board D0478, 11.06V — reject, per ECO-114.",D0478,POWER_RAIL_12V,FAIL
LOG03859,"A-6516 - CH4 signal check 3.40Vpp, second attempt.",A6516,SIGNAL_INTEGRITY,PASS
LOG03860,unit c1570 thermal reading after burn-in measured 51.9c (ok).,C1570,THERMAL,PASS
LOG03861,"unit B2873 - thermal soak reading 38.5C, line 2.",B2873,THERMAL,PASS
LOG03862,B7597 3.3V rail measured 3.14V — nominal.,B7597,POWER_RAIL_3V3,PASS
LOG03863,unit b5376 board temp after 10min soak measured 11.5c.,B5376,THERMAL,FAIL
LOG03864,"Checked cont check J4 on C8641, 2.61Ohm — all good, after reflow.",C8641,CONTINUITY,PASS
LOG03865,C6906 +3.3V rail measured 3.13V.,C6906,POWER_RAIL_3V3,PASS
LOG03866,"unit A8054 eye height CH2 measured 3.31Vpp, within spec.",A8054,SIGNAL_INTEGRITY,PASS
LOG03867,Unit board D1005: CH1 signal check reading 3.38Vpp.,D1005,SIGNAL_INTEGRITY,PASS
LOG03868,board D4646 scope reading CH4 measured 3.12Vpp.,D4646,SIGNAL_INTEGRITY,PASS
LOG03869,"Checked 3.3V rail on unit D8653, 2.83V, bad reading, retest after rework.",D8653,POWER_RAIL_3V3,FAIL
LOG03870,Unit C-1228: VDD_12V rail reading 12.11V (good reading).,C1228,POWER_RAIL_12V,PASS
LOG03871,A2173 idle current draw measured 122.08mA.,A2173,CURRENT_DRAW,PASS
LOG03872,"c1327 standby current: 63.16 ma, looks good.",C1327,CURRENT_DRAW,PASS
LOG03873,"C7649 signal amplitude CH1: 3.03 Vpp, within spec.",C7649,SIGNAL_INTEGRITY,PASS
LOG03874,"C-4406 - 3.3V rail 3.74V, second attempt.",C4406,POWER_RAIL_3V3,FAIL
LOG03875,c-1111 ch2 signal check measured 3.46vpp.,C1111,SIGNAL_INTEGRITY,PASS
LOG03876,"checked board temp after 10min soak on b0115, 36.6c (checks out), second attempt.",B0115,THERMAL,PASS
LOG03877,A6588 case temp: 12.7 C.,A6588,THERMAL,FAIL
LOG03878,"A8692 - 12v power check 12.57V — OK, retest after rework.",A8692,POWER_RAIL_12V,PASS
LOG03879,C-1221 3.3V rail measured 3.46V — within spec.,C1221,POWER_RAIL_3V3,PASS
LOG03880,"Checked resistance check J12 on unit C0843, 6.17Ohm, reject, second attempt.",C0843,CONTINUITY,FAIL
LOG03881,"A4924 eye height CH3 measured 3.14Vpp, passes.",A4924,SIGNAL_INTEGRITY,PASS
LOG03882,C-4162 continuity on J12 measured 6.62Ohm — bad reading.,C4162,CONTINUITY,FAIL
LOG03883,Unit D 3263: scope reading CH4 reading 2.69Vpp (out of spec).,D3263,SIGNAL_INTEGRITY,FAIL
LOG03884,"B1840 +12V supply: 12.38 V, all good.",B1840,POWER_RAIL_12V,PASS
LOG03885,"A-5735 CH3 signal check measured 3.18Vpp, nominal.",A5735,SIGNAL_INTEGRITY,PASS
LOG03886,board A9170 J4 continuity: 1.71 Ohm — all good.,A9170,CONTINUITY,PASS
LOG03887,"B5298 - CH4 signal check 3.45Vpp, OK, retest after rework.",B5298,SIGNAL_INTEGRITY,PASS
LOG03888,Unit C 0347: 3v3 supply reading 3.39V (good reading).,C0347,POWER_RAIL_3V3,PASS
LOG03889,"Checked 5V rail on board D4957, 4.85V, per ECO-114.",D4957,POWER_RAIL_5V,PASS
LOG03890,B 6640 resistance check J12: 5.89 Ohm.,B6640,CONTINUITY,FAIL
LOG03891,"Checked 3v3 supply on unit D1047, 3.66V, after reflow.",D1047,POWER_RAIL_3V3,FAIL
LOG03892,board D6103 5V rail: 4.59 V.,D6103,POWER_RAIL_5V,FAIL
LOG03893,"C 0997 - J12 continuity 1.26Ohm, per ECO-114.",C0997,CONTINUITY,PASS
LOG03894,"checked signal amplitude ch2 on a7037, 3.82vpp (doesn't look right), line 2.",A7037,SIGNAL_INTEGRITY,FAIL
LOG03895,"board b8654 - 12v rail 12.52v (looks good), second attempt.",B8654,POWER_RAIL_12V,PASS
LOG03896,Unit B4019: RESET continuity reading 1.44Ohm.,B4019,CONTINUITY,PASS
LOG03897,"D-7679 - +3.3V rail 2.68V, fails, per ECO-114.",D7679,POWER_RAIL_3V3,FAIL
LOG03898,"Checked standby current on board D3988, 81.87mA, second attempt.",D3988,CURRENT_DRAW,PASS
LOG03899,"C-6896 - resistance check RESET 3.15Ohm (within spec), shift B.",C6896,CONTINUITY,PASS
LOG03900,"unit B3465 5v power check: 5.22 V, checks out.",B3465,POWER_RAIL_5V,PASS
LOG03901,"Unit unit B4287: standby current reading 173.00mA, reject.",B4287,CURRENT_DRAW,FAIL
LOG03902,"Checked cont check J12 on D-4983, 5.45Ohm, out of spec, customer return unit.",D4983,CONTINUITY,FAIL
LOG03903,Unit D5050: current draw at idle reading 191.40mA.,D5050,CURRENT_DRAW,FAIL
LOG03904,"unit D5004 - +3.3V rail 3.18V, looks good, per ECO-114.",D5004,POWER_RAIL_3V3,PASS
LOG03905,"Unit board A4455: signal amplitude CH4 reading 3.24Vpp, good reading.",A4455,SIGNAL_INTEGRITY,PASS
LOG03906,"board a5413 thermal reading after burn-in measured 74.9c, no good.",A5413,THERMAL,FAIL
LOG03907,"D-3740 resistance check CLK: 3.73 Ohm, all good.",D3740,CONTINUITY,PASS
LOG03908,"A-4962 - 3.3v power check 2.85V — no good, customer return unit.",A4962,POWER_RAIL_3V3,FAIL
LOG03909,"D-6355 - VDD_3V3 rail 3.25V, all good, per ECO-114.",D6355,POWER_RAIL_3V3,PASS
LOG03910,Unit unit A6248: board temp after 10min soak reading 26.0C — looks good.,A6248,THERMAL,PASS
LOG03911,C 8863 thermal reading after burn-in: 4.5 C.,C8863,THERMAL,FAIL
LOG03912,"Unit unit B4954: J12 continuity reading 1.85Ohm, good reading.",B4954,CONTINUITY,PASS
LOG03913,"unit D5056 - +12V supply 11.49V, good reading, second attempt.",D5056,POWER_RAIL_12V,PASS
LOG03914,"checked eye height ch4 on a2983, 3.45vpp (nominal), shift b.",A2983,SIGNAL_INTEGRITY,PASS
LOG03915,"Checked standby current on C5411, 111.01mA, after reflow.",C5411,CURRENT_DRAW,PASS
LOG03916,unit a9244: 12v rail reading 11.82v — good reading.,A9244,POWER_RAIL_12V,PASS
LOG03917,board D0294 +12V supply: 11.93 V (passes).,D0294,POWER_RAIL_12V,PASS
LOG03918,"Checked +12V supply on board A9293, 11.81V, line 2.",A9293,POWER_RAIL_12V,PASS
LOG03919,B 4418 eye height CH4: 3.46 Vpp — nominal.,B4418,SIGNAL_INTEGRITY,PASS
LOG03920,D-3020 VDD_5V rail measured 4.26V — fails.,D3020,POWER_RAIL_5V,FAIL
LOG03921,"a0691 eye height ch3 measured 3.47vpp, within spec.",A0691,SIGNAL_INTEGRITY,PASS
LOG03922,A 1855 +12V supply measured 10.99V.,A1855,POWER_RAIL_12V,FAIL
LOG03923,Unit B6907: VDD_12V rail reading 11.56V — looks good.,B6907,POWER_RAIL_12V,PASS
LOG03924,"B 3180 - 12v power check 11.84V, customer return unit.",B3180,POWER_RAIL_12V,PASS
LOG03925,unit D5919 VDD_5V rail measured 4.57V.,D5919,POWER_RAIL_5V,FAIL
LOG03926,A 3069 board temp after 10min soak: 14.1 C — reject.,A3069,THERMAL,FAIL
LOG03927,"Unit board D5225: standby current reading 149.79mA, nominal.",D5225,CURRENT_DRAW,PASS
LOG03928,C7848 5V rail: 4.98 V.,C7848,POWER_RAIL_5V,PASS
LOG03929,Unit C7206: signal amplitude CH4 reading 3.27Vpp.,C7206,SIGNAL_INTEGRITY,PASS
LOG03930,"Checked eye height CH2 on D1963, 3.14Vpp, per ECO-114.",D1963,SIGNAL_INTEGRITY,PASS
LOG03931,A 0805 scope reading CH1: 2.85 Vpp (looks good).,A0805,SIGNAL_INTEGRITY,PASS
LOG03932,"board b8969 - 5v power check 4.99v, second attempt.",B8969,POWER_RAIL_5V,PASS
LOG03933,Unit C 1556: EN_LINE continuity reading 2.39Ohm.,C1556,CONTINUITY,PASS
LOG03934,"B-2662 - +12V supply 13.01V, line 2.",B2662,POWER_RAIL_12V,FAIL
LOG03935,"Checked current draw at idle on D-3465, 4.36mA, retest after rework.",D3465,CURRENT_DRAW,FAIL
LOG03936,a 0261 thermal soak reading measured 45.3c (ok).,A0261,THERMAL,PASS
LOG03937,D 8935 +3.3V rail measured 3.29V (good reading).,D8935,POWER_RAIL_3V3,PASS
LOG03938,B-5258 current draw at idle measured 155.01mA — bad reading.,B5258,CURRENT_DRAW,FAIL
LOG03939,"Unit unit A8507: cont check CLK reading 3.90Ohm, good reading.",A8507,CONTINUITY,PASS
LOG03940,"Unit D1578: continuity on J12 reading 3.52Ohm, OK.",D1578,CONTINUITY,PASS
LOG03941,C-0144 eye height CH1 measured 3.50Vpp (OK).,C0144,SIGNAL_INTEGRITY,PASS
LOG03942,Unit B0659: board temp after 10min soak reading 0.3C.,B0659,THERMAL,FAIL
LOG03943,Unit C4307: 12V rail reading 10.97V — fails.,C4307,POWER_RAIL_12V,FAIL
LOG03944,"unit B7709 - eye height CH3 2.60Vpp (doesn't look right), second attempt.",B7709,SIGNAL_INTEGRITY,FAIL
LOG03945,Unit D9916: scope reading CH1 reading 2.86Vpp.,D9916,SIGNAL_INTEGRITY,PASS
LOG03946,Unit A-4370: 3.3V rail reading 3.14V.,A4370,POWER_RAIL_3V3,PASS
LOG03947,unit unit c1138: vdd_12v rail reading 13.25v — flagged for rework.,C1138,POWER_RAIL_12V,FAIL
LOG03948,C8503 quiescent current: 142.30 mA.,C8503,CURRENT_DRAW,PASS
LOG03949,Unit D-3240: idle current draw reading 86.99mA.,D3240,CURRENT_DRAW,PASS
LOG03950,"Checked scope reading CH2 on unit A0660, 3.22Vpp, retest after rework.",A0660,SIGNAL_INTEGRITY,PASS
LOG03951,C 8523 eye height CH2: 3.27 Vpp — good reading.,C8523,SIGNAL_INTEGRITY,PASS
LOG03952,B9108 signal amplitude CH3 measured 3.75Vpp.,B9108,SIGNAL_INTEGRITY,FAIL
LOG03953,B2145 thermal reading after burn-in: 6.5 C (flagged for rework).,B2145,THERMAL,FAIL
LOG03954,board D3176 eye height CH3 measured 3.56Vpp.,D3176,SIGNAL_INTEGRITY,PASS
LOG03955,Unit A 6157: scope reading CH2 reading 2.56Vpp (doesn't look right).,A6157,SIGNAL_INTEGRITY,FAIL
LOG03956,board D2311 idle current draw measured 106.58mA.,D2311,CURRENT_DRAW,PASS
LOG03957,Unit board C5033: +3.3V rail reading 3.35V — nominal.,C5033,POWER_RAIL_3V3,PASS
LOG03958,"Checked VDD_12V rail on board A0492, 12.38V, after reflow.",A0492,POWER_RAIL_12V,PASS
LOG03959,board C7851 current draw at idle: 180.46 mA.,C7851,CURRENT_DRAW,FAIL
LOG03960,board C7988 board temp after 10min soak measured 26.7C.,C7988,THERMAL,PASS
LOG03961,board C0692 quiescent current measured 111.59mA — nominal.,C0692,CURRENT_DRAW,PASS
LOG03962,Unit D 5623: cont check CLK reading 3.48Ohm.,D5623,CONTINUITY,PASS
LOG03963,"Checked thermal soak reading on A 3350, 55.0C, within spec, per ECO-114.",A3350,THERMAL,PASS
LOG03964,B-4768 3.3V rail: 3.46 V — within spec.,B4768,POWER_RAIL_3V3,PASS
LOG03965,"unit board a7704: +5v supply reading 4.76v, within spec.",A7704,POWER_RAIL_5V,PASS
LOG03966,"B 3541 - 5V rail 5.00V, nominal, customer return unit.",B3541,POWER_RAIL_5V,PASS
LOG03967,"checked reset continuity on unit c3518, 0.47ohm.",C3518,CONTINUITY,PASS
LOG03968,"unit A7915 - 3.3v power check 3.31V, per ECO-114.",A7915,POWER_RAIL_3V3,PASS
LOG03969,b 1417 3.3v rail measured 3.21v.,B1417,POWER_RAIL_3V3,PASS
LOG03970,"C 7570 - J4 continuity 6.06Ohm, customer return unit.",C7570,CONTINUITY,FAIL
LOG03971,"d 8812 - 5v rail 5.20v, unit was reworked yesterday.",D8812,POWER_RAIL_5V,PASS
LOG03972,unit a-6006: resistance check reset reading 6.90ohm (doesn't look right).,A6006,CONTINUITY,FAIL
LOG03973,A0469 - 12v power check 10.88V (fails).,A0469,POWER_RAIL_12V,FAIL
LOG03974,Unit board D7475: VDD_5V rail reading 4.91V (OK).,D7475,POWER_RAIL_5V,PASS
LOG03975,"checked thermal soak reading on d-0479, 20.9c.",D0479,THERMAL,PASS
LOG03976,"C 1076 - scope reading CH1 3.09Vpp — passes, second attempt.",C1076,SIGNAL_INTEGRITY,PASS
LOG03977,unit c 7175: 12v rail reading 11.13v.,C7175,POWER_RAIL_12V,FAIL
LOG03978,"checked 12v power check on b7012, 13.19v, retest after rework.",B7012,POWER_RAIL_12V,FAIL
LOG03979,"Checked VDD_3V3 rail on B-9098, 3.82V, customer return unit.",B9098,POWER_RAIL_3V3,FAIL
LOG03980,"Checked 5v power check on C 6037, 4.78V — looks good, second attempt.",C6037,POWER_RAIL_5V,PASS
LOG03981,"checked continuity on clk on unit d5500, 0.24ohm, looks good.",D5500,CONTINUITY,PASS
LOG03982,"Checked board temp after 10min soak on B9176, 30.9C, passes, after reflow.",B9176,THERMAL,PASS
LOG03983,"Checked +12V supply on C4018, 10.93V, customer return unit.",C4018,POWER_RAIL_12V,FAIL
LOG03984,"a 6941 - 3.3v power check 3.33v, retest after rework.",A6941,POWER_RAIL_3V3,PASS
LOG03985,Unit A3652: VDD_12V rail reading 12.38V.,A3652,POWER_RAIL_12V,PASS
LOG03986,"C 2396 VDD_3V3 rail: 3.27 V, OK.",C2396,POWER_RAIL_3V3,PASS
LOG03987,A9289 3.3v power check measured 3.29V (nominal).,A9289,POWER_RAIL_3V3,PASS
LOG03988,unit a9240 12v rail measured 11.85v — checks out.,A9240,POWER_RAIL_12V,PASS
LOG03989,"Unit D6250: VDD_5V rail reading 5.08V, good reading.",D6250,POWER_RAIL_5V,PASS
LOG03990,d-2054 scope reading ch3: 2.96 vpp — within spec.,D2054,SIGNAL_INTEGRITY,PASS
LOG03991,Unit board A4665: RESET continuity reading 2.56Ohm.,A4665,CONTINUITY,PASS
LOG03992,C 6662 cont check J7 measured 6.47Ohm (failed).,C6662,CONTINUITY,FAIL
LOG03993,"Checked current draw at idle on A5523, 85.55mA — good reading, after reflow.",A5523,CURRENT_DRAW,PASS
LOG03994,A5911 3.3V rail: 3.34 V.,A5911,POWER_RAIL_3V3,PASS
LOG03995,A-0385 +5V supply: 4.98 V (within spec).,A0385,POWER_RAIL_5V,PASS
LOG03996,board A5503 3v3 supply measured 3.38V.,A5503,POWER_RAIL_3V3,PASS
LOG03997,"b 5708 - ch1 signal check 3.31vpp, after reflow.",B5708,SIGNAL_INTEGRITY,PASS
LOG03998,"Checked eye height CH3 on board A4617, 2.95Vpp, second attempt.",A4617,SIGNAL_INTEGRITY,PASS
LOG03999,"D-1642 - thermal reading after burn-in 12.9C, unit was reworked yesterday.",D1642,THERMAL,FAIL
LOG04000,Unit A 8506: quiescent current reading 117.44mA (OK).,A8506,CURRENT_DRAW,PASS
