log_id,raw_log_text,board_id,test_type,pass_fail
LOG00001,"checked +3.3v rail on board d0859, 3.37v (checks out), per eco-114.",D0859,POWER_RAIL_3V3,PASS
LOG00002,"board A9267 - eye height CH3 3.40Vpp, retest after rework.",A9267,SIGNAL_INTEGRITY,PASS
LOG00003,B6316 VDD_5V rail: 5.12 V (looks good).,B6316,POWER_RAIL_5V,PASS
LOG00004,A5465 CH3 signal check: 3.28 Vpp.,A5465,SIGNAL_INTEGRITY,PASS
LOG00005,"B4629 quiescent current: 131.61 mA, within spec.",B4629,CURRENT_DRAW,PASS
LOG00006,"Checked EN_LINE continuity on D 8322, 6.11Ohm — bad reading, per ECO-114.",D8322,CONTINUITY,FAIL
LOG00007,"D 6648 - 3.3v power check 3.33V, shift B.",D6648,POWER_RAIL_3V3,PASS
LOG00008,"A 6544 - 3.3V rail 3.22V, per ECO-114.",A6544,POWER_RAIL_3V3,PASS
LOG00009,"C-0308 board temp after 10min soak: 45.3 C, nominal.",C0308,THERMAL,PASS
LOG00010,"Checked eye height CH4 on board A4343, 3.23Vpp.",A4343,SIGNAL_INTEGRITY,PASS
LOG00011,"Checked 12v power check on D1061, 11.88V, line 2.",D1061,POWER_RAIL_12V,PASS
LOG00012,"unit b4461: +5v supply reading 5.06v, ok.",B4461,POWER_RAIL_5V,PASS
LOG00013,Unit A-4574: +12V supply reading 13.12V.,A4574,POWER_RAIL_12V,FAIL
LOG00014,"B9026 - scope reading CH3 2.99Vpp (nominal), shift B.",B9026,SIGNAL_INTEGRITY,PASS
LOG00015,B6273 5v power check measured 5.48V.,B6273,POWER_RAIL_5V,FAIL
LOG00016,A6605 signal amplitude CH3: 3.39 Vpp — good reading.,A6605,SIGNAL_INTEGRITY,PASS
LOG00017,"unit B1514 - cont check J12 2.19Ohm — looks good, customer return unit.",B1514,CONTINUITY,PASS
LOG00018,"D-8075 resistance check CLK measured 0.00Ohm, good reading.",D8075,CONTINUITY,PASS
LOG00019,Unit D3156: 3.3V rail reading 3.20V.,D3156,POWER_RAIL_3V3,PASS
LOG00020,Unit D-2302: thermal reading after burn-in reading 0.6C.,D2302,THERMAL,FAIL
LOG00021,d-6348 j7 continuity measured 3.80ohm (checks out).,D6348,CONTINUITY,PASS
LOG00022,"unit B8456 - 12V rail 13.15V, line 2.",B8456,POWER_RAIL_12V,FAIL
LOG00023,unit board d0944: 12v power check reading 12.37v (looks good).,D0944,POWER_RAIL_12V,PASS
LOG00024,Unit D 3672: 3.3V rail reading 3.26V.,D3672,POWER_RAIL_3V3,PASS
LOG00025,D0139 12V rail measured 12.75V (out of spec).,D0139,POWER_RAIL_12V,FAIL
LOG00026,unit c8643 idle current draw: 75.41 ma.,C8643,CURRENT_DRAW,PASS
LOG00027,Unit A 4885: 3.3v power check reading 2.97V.,A4885,POWER_RAIL_3V3,FAIL
LOG00028,"A8407 - resistance check RESET 2.75Ohm (looks good), second attempt.",A8407,CONTINUITY,PASS
LOG00029,Unit D8469: scope reading CH4 reading 3.07Vpp (nominal).,D8469,SIGNAL_INTEGRITY,PASS
LOG00030,"C-1188 - signal amplitude CH3 3.83Vpp (reject), customer return unit.",C1188,SIGNAL_INTEGRITY,FAIL
LOG00031,A8816 +5V supply measured 5.33V.,A8816,POWER_RAIL_5V,FAIL
LOG00032,"Checked scope reading CH2 on C1655, 3.37Vpp, looks good, after reflow.",C1655,SIGNAL_INTEGRITY,PASS
LOG00033,"unit C6807 3v3 supply: 3.34 V, checks out.",C6807,POWER_RAIL_3V3,PASS
LOG00034,A-2280 RESET continuity measured 5.00Ohm.,A2280,CONTINUITY,PASS
LOG00035,C1067 current draw at idle: 133.35 mA.,C1067,CURRENT_DRAW,PASS
LOG00036,board C6424 CH4 signal check: 4.00 Vpp — flagged for rework.,C6424,SIGNAL_INTEGRITY,FAIL
LOG00037,"Unit A2664: idle current draw reading 104.94mA, within spec.",A2664,CURRENT_DRAW,PASS
LOG00038,"board B1829 - EN_LINE continuity 2.41Ohm (OK), unit was reworked yesterday.",B1829,CONTINUITY,PASS
LOG00039,"Checked CLK continuity on unit C2023, 7.04Ohm — out of spec, second attempt.",C2023,CONTINUITY,FAIL
LOG00040,"c6362 - thermal soak reading 6.4c, after reflow.",C6362,THERMAL,FAIL
LOG00041,Unit unit B7826: standby current reading 187.65mA.,B7826,CURRENT_DRAW,FAIL
LOG00042,"Checked +3.3V rail on A 1293, 3.24V, line 2.",A1293,POWER_RAIL_3V3,PASS
LOG00043,"A5995 - J12 continuity 6.60Ohm (out of spec), after reflow.",A5995,CONTINUITY,FAIL
LOG00044,"Unit unit C8983: case temp reading 63.2C, no good.",C8983,THERMAL,FAIL
LOG00045,Unit board A1279: standby current reading 23.92mA.,A1279,CURRENT_DRAW,FAIL
LOG00046,unit A7177 CH2 signal check measured 3.50Vpp (good reading).,A7177,SIGNAL_INTEGRITY,PASS
LOG00047,"Unit C 8253: 3v3 supply reading 2.90V, bad reading.",C8253,POWER_RAIL_3V3,FAIL
LOG00048,unit D0441 CH4 signal check: 2.80 Vpp — looks good.,D0441,SIGNAL_INTEGRITY,PASS
LOG00049,C8634 +3.3V rail: 3.32 V (within spec).,C8634,POWER_RAIL_3V3,PASS
LOG00050,A0054 5V rail: 4.96 V.,A0054,POWER_RAIL_5V,PASS
LOG00051,unit d9681 vdd_12v rail: 12.25 v.,D9681,POWER_RAIL_12V,PASS
LOG00052,C6300 CH4 signal check measured 3.50Vpp — OK.,C6300,SIGNAL_INTEGRITY,PASS
LOG00053,"Checked 5V rail on A6163, 5.30V, line 2.",A6163,POWER_RAIL_5V,FAIL
LOG00054,a 5919 +12v supply: 11.64 v.,A5919,POWER_RAIL_12V,PASS
LOG00055,C-6997 thermal soak reading measured 7.1C.,C6997,THERMAL,FAIL
LOG00056,"Checked thermal reading after burn-in on B9734, 55.0C, nominal, retest after rework.",B9734,THERMAL,PASS
LOG00057,"unit D2176 - thermal soak reading 29.3C — checks out, customer return unit.",D2176,THERMAL,PASS
LOG00058,"Checked 5v power check on board A5897, 5.05V, shift B.",A5897,POWER_RAIL_5V,PASS
LOG00059,C 6260 +12V supply: 11.62 V (good reading).,C6260,POWER_RAIL_12V,PASS
LOG00060,c-2459 scope reading ch2 measured 3.03vpp.,C2459,SIGNAL_INTEGRITY,PASS
LOG00061,D-5652 current draw at idle: 91.99 mA — nominal.,D5652,CURRENT_DRAW,PASS
LOG00062,board A6008 3.3V rail: 3.04 V (flagged for rework).,A6008,POWER_RAIL_3V3,FAIL
LOG00063,"board B9256 - 12v power check 12.92V (failed), line 2.",B9256,POWER_RAIL_12V,FAIL
LOG00064,"unit unit a8390: vdd_5v rail reading 5.54v, flagged for rework.",A8390,POWER_RAIL_5V,FAIL
LOG00065,Unit D9189: signal amplitude CH4 reading 3.55Vpp — checks out.,D9189,SIGNAL_INTEGRITY,PASS
LOG00066,"B0139 - VDD_5V rail 4.75V (good reading), shift B.",B0139,POWER_RAIL_5V,PASS
LOG00067,"unit C5395 - board temp after 10min soak 11.2C, customer return unit.",C5395,THERMAL,FAIL
LOG00068,"D 3049 - board temp after 10min soak 34.5C, retest after rework.",D3049,THERMAL,PASS
LOG00069,Unit board D9173: resistance check J4 reading 2.40Ohm — nominal.,D9173,CONTINUITY,PASS
LOG00070,"Checked 3.3V rail on A 5984, 3.32V (within spec), line 2.",A5984,POWER_RAIL_3V3,PASS
LOG00071,"Checked scope reading CH4 on unit C6508, 3.14Vpp, shift B.",C6508,SIGNAL_INTEGRITY,PASS
LOG00072,board A9615 3.3V rail measured 2.85V.,A9615,POWER_RAIL_3V3,FAIL
LOG00073,"B 0409 - VDD_12V rail 11.26V (reject), unit was reworked yesterday.",B0409,POWER_RAIL_12V,FAIL
LOG00074,Unit unit B5404: +5V supply reading 4.46V.,B5404,POWER_RAIL_5V,FAIL
LOG00075,board D6753 3.3v power check: 3.20 V.,D6753,POWER_RAIL_3V3,PASS
LOG00076,board D1019 +12V supply: 11.79 V.,D1019,POWER_RAIL_12V,PASS
LOG00077,"Checked resistance check RESET on board C8956, 1.75Ohm, good reading, retest after rework.",C8956,CONTINUITY,PASS
LOG00078,"A 2748 - CH3 signal check 3.13Vpp (looks good), retest after rework.",A2748,SIGNAL_INTEGRITY,PASS
LOG00079,"Checked eye height CH4 on C1368, 2.57Vpp, per ECO-114.",C1368,SIGNAL_INTEGRITY,FAIL
LOG00080,"A3653 - thermal reading after burn-in 15.7C — flagged for rework, customer return unit.",A3653,THERMAL,FAIL
LOG00081,"Unit board B9623: standby current reading 52.63mA, nominal.",B9623,CURRENT_DRAW,PASS
LOG00082,Unit board A5907: 5v power check reading 5.63V — no good.,A5907,POWER_RAIL_5V,FAIL
LOG00083,board D2506 12v power check: 12.14 V.,D2506,POWER_RAIL_12V,PASS
LOG00084,"Checked resistance check RESET on B1851, 1.89Ohm — OK.",B1851,CONTINUITY,PASS
LOG00085,Unit C-1030: continuity on CLK reading 0.00Ohm (looks good).,C1030,CONTINUITY,PASS
LOG00086,board C3845 continuity on RESET: 1.06 Ohm.,C3845,CONTINUITY,PASS
LOG00087,"B 1120 - VDD_12V rail 12.00V, looks good, customer return unit.",B1120,POWER_RAIL_12V,PASS
LOG00088,Unit B-2290: VDD_12V rail reading 12.83V (doesn't look right).,B2290,POWER_RAIL_12V,FAIL
LOG00089,d7115 5v rail: 4.51 v — bad reading.,D7115,POWER_RAIL_5V,FAIL
LOG00090,"checked idle current draw on board a7062, 54.64ma — passes, shift b.",A7062,CURRENT_DRAW,PASS
LOG00091,"unit D7729 CH1 signal check: 3.71 Vpp, reject.",D7729,SIGNAL_INTEGRITY,FAIL
LOG00092,Unit A 3183: case temp reading 28.5C.,A3183,THERMAL,PASS
LOG00093,"B-7358 thermal soak reading: 40.8 C, within spec.",B7358,THERMAL,PASS
LOG00094,A-5938 thermal reading after burn-in measured 40.0C (OK).,A5938,THERMAL,PASS
LOG00095,"unit D5533 - 3v3 supply 3.29V, second attempt.",D5533,POWER_RAIL_3V3,PASS
LOG00096,Unit board A2731: idle current draw reading 69.69mA.,A2731,CURRENT_DRAW,PASS
LOG00097,"Checked standby current on D-1562, 127.88mA, customer return unit.",D1562,CURRENT_DRAW,PASS
LOG00098,board C7257 thermal soak reading: 41.2 C.,C7257,THERMAL,PASS
LOG00099,"Checked standby current on C 3584, 83.82mA (looks good).",C3584,CURRENT_DRAW,PASS
LOG00100,board B1784 12V rail: 11.62 V.,B1784,POWER_RAIL_12V,PASS
LOG00101,"B 4130 - 12v power check 12.91V, per ECO-114.",B4130,POWER_RAIL_12V,FAIL
LOG00102,"unit C8655 - CH1 signal check 3.11Vpp, within spec, per ECO-114.",C8655,SIGNAL_INTEGRITY,PASS
LOG00103,"board D8875 - 3v3 supply 3.46V, nominal, shift B.",D8875,POWER_RAIL_3V3,PASS
LOG00104,Unit C-3380: 3.3v power check reading 3.02V — failed.,C3380,POWER_RAIL_3V3,FAIL
LOG00105,B 7535 case temp measured 16.3C — doesn't look right.,B7535,THERMAL,FAIL
LOG00106,"checked 3v3 supply on b 0085, 3.33v, shift b.",B0085,POWER_RAIL_3V3,PASS
LOG00107,"Checked J4 continuity on B-7648, 2.19Ohm.",B7648,CONTINUITY,PASS
LOG00108,"Checked current draw at idle on D-3044, 108.09mA (good reading), per ECO-114.",D3044,CURRENT_DRAW,PASS
LOG00109,Unit unit A1066: resistance check J12 reading 2.06Ohm.,A1066,CONTINUITY,PASS
LOG00110,Unit unit B6033: signal amplitude CH4 reading 3.74Vpp — fails.,B6033,SIGNAL_INTEGRITY,FAIL
LOG00111,"A-1852 - thermal reading after burn-in 42.9C, unit was reworked yesterday.",A1852,THERMAL,PASS
LOG00112,B-2447 idle current draw: 138.18 mA.,B2447,CURRENT_DRAW,PASS
LOG00113,"C 3932 +12V supply measured 11.94V, within spec.",C3932,POWER_RAIL_12V,PASS
LOG00114,D2077 quiescent current: 14.51 mA — doesn't look right.,D2077,CURRENT_DRAW,FAIL
LOG00115,C 5286 standby current: 108.10 mA — checks out.,C5286,CURRENT_DRAW,PASS
LOG00116,"C 3413 signal amplitude CH1 measured 3.31Vpp, good reading.",C3413,SIGNAL_INTEGRITY,PASS
LOG00117,C-4379 eye height CH3: 3.23 Vpp — checks out.,C4379,SIGNAL_INTEGRITY,PASS
LOG00118,Unit D 6322: 3v3 supply reading 3.27V.,D6322,POWER_RAIL_3V3,PASS
LOG00119,B 0728 eye height CH2 measured 2.88Vpp.,B0728,SIGNAL_INTEGRITY,PASS
LOG00120,unit D2896 - quiescent current 60.68mA.,D2896,CURRENT_DRAW,PASS
LOG00121,"board C3663 - resistance check EN_LINE 4.57Ohm — passes, per ECO-114.",C3663,CONTINUITY,PASS
LOG00122,Unit board B3423: cont check J7 reading 2.42Ohm (within spec).,B3423,CONTINUITY,PASS
LOG00123,unit D3265 thermal reading after burn-in: 41.2 C.,D3265,THERMAL,PASS
LOG00124,"Checked quiescent current on C7658, 92.33mA (OK).",C7658,CURRENT_DRAW,PASS
LOG00125,Unit C-2551: 5v power check reading 5.56V (fails).,C2551,POWER_RAIL_5V,FAIL
LOG00126,Unit board A9624: continuity on EN_LINE reading 2.50Ohm (good reading).,A9624,CONTINUITY,PASS
LOG00127,Unit B-8091: case temp reading 30.0C.,B8091,THERMAL,PASS
LOG00128,"Unit board A4806: scope reading CH3 reading 3.99Vpp, fails.",A4806,SIGNAL_INTEGRITY,FAIL
LOG00129,Unit C-8160: VDD_5V rail reading 5.20V — nominal.,C8160,POWER_RAIL_5V,PASS
LOG00130,D6049 +3.3V rail: 3.28 V — checks out.,D6049,POWER_RAIL_3V3,PASS
LOG00131,Unit board B9808: 5V rail reading 4.92V (passes).,B9808,POWER_RAIL_5V,PASS
LOG00132,Unit C5756: 5v power check reading 4.78V — passes.,C5756,POWER_RAIL_5V,PASS
LOG00133,Unit board A0951: thermal soak reading reading 66.7C.,A0951,THERMAL,FAIL
LOG00134,B-7630 5v power check: 5.07 V.,B7630,POWER_RAIL_5V,PASS
LOG00135,"c8013 - scope reading ch2 3.53vpp, second attempt.",C8013,SIGNAL_INTEGRITY,PASS
LOG00136,"checked idle current draw on b 0675, 109.86ma, looks good, unit was reworked yesterday.",B0675,CURRENT_DRAW,PASS
LOG00137,"unit c0651 - 12v power check 11.24v, line 2.",C0651,POWER_RAIL_12V,FAIL
LOG00138,Unit C-2574: CH3 signal check reading 3.49Vpp (good reading).,C2574,SIGNAL_INTEGRITY,PASS
LOG00139,board D1189 12V rail: 12.00 V — within spec.,D1189,POWER_RAIL_12V,PASS
LOG00140,D 1795 thermal reading after burn-in: 32.0 C (checks out).,D1795,THERMAL,PASS
LOG00141,"D-2890 - current draw at idle 89.83mA, per ECO-114.",D2890,CURRENT_DRAW,PASS
LOG00142,Unit board C9309: 12v power check reading 11.88V — nominal.,C9309,POWER_RAIL_12V,PASS
LOG00143,"d2706 eye height ch2: 3.23 vpp, passes.",D2706,SIGNAL_INTEGRITY,PASS
LOG00144,"board D6462 - 3.3V rail 3.27V, after reflow.",D6462,POWER_RAIL_3V3,PASS
LOG00145,D 4741 scope reading CH3 measured 3.60Vpp — looks good.,D4741,SIGNAL_INTEGRITY,PASS
LOG00146,"unit B6515 - 3v3 supply 3.29V — nominal, after reflow.",B6515,POWER_RAIL_3V3,PASS
LOG00147,D8883 VDD_12V rail measured 11.84V — good reading.,D8883,POWER_RAIL_12V,PASS
LOG00148,Unit A 6919: +12V supply reading 13.20V.,A6919,POWER_RAIL_12V,FAIL
LOG00149,"unit D1703 VDD_12V rail: 13.19 V, flagged for rework.",D1703,POWER_RAIL_12V,FAIL
LOG00150,"B-6545 - CH1 signal check 3.21Vpp (good reading), after reflow.",B6545,SIGNAL_INTEGRITY,PASS
LOG00151,"Checked thermal soak reading on unit B3790, 38.2C, retest after rework.",B3790,THERMAL,PASS
LOG00152,"unit b-6587: 12v power check reading 11.73v, checks out.",B6587,POWER_RAIL_12V,PASS
LOG00153,"A 7804 - 12v power check 11.20V, customer return unit.",A7804,POWER_RAIL_12V,FAIL
LOG00154,board d0525 ch1 signal check: 3.33 vpp (checks out).,D0525,SIGNAL_INTEGRITY,PASS
LOG00155,"B7434 VDD_3V3 rail measured 3.49V, failed.",B7434,POWER_RAIL_3V3,FAIL
LOG00156,Unit B-0582: quiescent current reading 13.92mA — no good.,B0582,CURRENT_DRAW,FAIL
LOG00157,unit D1876 resistance check CLK measured 7.60Ohm.,D1876,CONTINUITY,FAIL
LOG00158,"board c9821 - 3.3v power check 3.28v, checks out, second attempt.",C9821,POWER_RAIL_3V3,PASS
LOG00159,"unit D7305 - standby current 28.29mA, flagged for rework, line 2.",D7305,CURRENT_DRAW,FAIL
LOG00160,"unit d6187: thermal reading after burn-in reading 37.3c, checks out.",D6187,THERMAL,PASS
LOG00161,"Unit unit A5120: thermal reading after burn-in reading 27.0C, good reading.",A5120,THERMAL,PASS
LOG00162,a-4310 3.3v rail: 3.69 v (bad reading).,A4310,POWER_RAIL_3V3,FAIL
LOG00163,c3887 vdd_5v rail: 4.98 v.,C3887,POWER_RAIL_5V,PASS
LOG00164,"unit A9157 +3.3V rail measured 2.86V, no good.",A9157,POWER_RAIL_3V3,FAIL
LOG00165,"unit B1979 - 12v power check 12.13V — good reading, per ECO-114.",B1979,POWER_RAIL_12V,PASS
LOG00166,D-7957 - eye height CH4 3.70Vpp — reject.,D7957,SIGNAL_INTEGRITY,FAIL
LOG00167,"Checked board temp after 10min soak on B3615, 35.9C — OK, shift B.",B3615,THERMAL,PASS
LOG00168,Unit D3152: +5V supply reading 4.92V (checks out).,D3152,POWER_RAIL_5V,PASS
LOG00169,Unit C-0491: continuity on J4 reading 5.90Ohm — failed.,C0491,CONTINUITY,FAIL
LOG00170,unit C8005 current draw at idle: 114.37 mA.,C8005,CURRENT_DRAW,PASS
LOG00171,"unit A6209 - 3v3 supply 3.39V — good reading, line 2.",A6209,POWER_RAIL_3V3,PASS
LOG00172,unit A4347 5V rail measured 4.87V.,A4347,POWER_RAIL_5V,PASS
LOG00173,"A 5310 - CH2 signal check 2.83Vpp (nominal), after reflow.",A5310,SIGNAL_INTEGRITY,PASS
LOG00174,"B-2405 - current draw at idle 61.06mA, after reflow.",B2405,CURRENT_DRAW,PASS
LOG00175,board D8222 - current draw at idle 41.68mA.,D8222,CURRENT_DRAW,FAIL
LOG00176,"Checked VDD_5V rail on board D4349, 5.25V.",D4349,POWER_RAIL_5V,PASS
LOG00177,B 4597 12V rail measured 13.15V.,B4597,POWER_RAIL_12V,FAIL
LOG00178,Unit C5632: VDD_12V rail reading 12.84V.,C5632,POWER_RAIL_12V,FAIL
LOG00179,"c7605 - 5v power check 5.02v, good reading, unit was reworked yesterday.",C7605,POWER_RAIL_5V,PASS
LOG00180,"B 7070 - 12V rail 11.99V, after reflow.",B7070,POWER_RAIL_12V,PASS
LOG00181,Unit A 4482: RESET continuity reading 7.49Ohm — bad reading.,A4482,CONTINUITY,FAIL
LOG00182,A3138 cont check J4: 2.44 Ohm (all good).,A3138,CONTINUITY,PASS
LOG00183,"Checked VDD_12V rail on C6429, 12.99V, line 2.",C6429,POWER_RAIL_12V,FAIL
LOG00184,"D7104 - scope reading CH2 2.72Vpp, doesn't look right, line 2.",D7104,SIGNAL_INTEGRITY,FAIL
LOG00185,"Checked case temp on board D1967, 28.1C.",D1967,THERMAL,PASS
LOG00186,Unit unit C2680: current draw at idle reading 106.63mA.,C2680,CURRENT_DRAW,PASS
LOG00187,B7467 case temp measured 22.1C.,B7467,THERMAL,PASS
LOG00188,Unit unit A8119: scope reading CH4 reading 3.37Vpp.,A8119,SIGNAL_INTEGRITY,PASS
LOG00189,"Unit B 9645: board temp after 10min soak reading 31.3C, checks out.",B9645,THERMAL,PASS
LOG00190,"D-8410 thermal soak reading: 23.3 C, passes.",D8410,THERMAL,PASS
LOG00191,Unit D0890: 3v3 supply reading 3.35V.,D0890,POWER_RAIL_3V3,PASS
LOG00192,unit A7410 5v power check measured 4.81V.,A7410,POWER_RAIL_5V,PASS
LOG00193,unit A2458 current draw at idle measured 106.68mA.,A2458,CURRENT_DRAW,PASS
LOG00194,A-2379 - 3v3 supply 3.43V.,A2379,POWER_RAIL_3V3,PASS
LOG00195,"checked ch4 signal check on b1350, 3.19vpp, within spec, unit was reworked yesterday.",B1350,SIGNAL_INTEGRITY,PASS
LOG00196,B7829 12V rail: 12.02 V.,B7829,POWER_RAIL_12V,PASS
LOG00197,"Checked +3.3V rail on A-5414, 3.40V, per ECO-114.",A5414,POWER_RAIL_3V3,PASS
LOG00198,A8766 +3.3V rail: 3.69 V.,A8766,POWER_RAIL_3V3,FAIL
LOG00199,B 3086 thermal soak reading: 22.9 C (passes).,B3086,THERMAL,PASS
LOG00200,"B-6779 eye height CH2 measured 3.32Vpp, good reading.",B6779,SIGNAL_INTEGRITY,PASS
LOG00201,"C4739 CH3 signal check measured 2.47Vpp, doesn't look right.",C4739,SIGNAL_INTEGRITY,FAIL
LOG00202,Unit board B8835: +5V supply reading 4.78V.,B8835,POWER_RAIL_5V,PASS
LOG00203,"board C9178 - 12v power check 11.19V, line 2.",C9178,POWER_RAIL_12V,FAIL
LOG00204,Unit unit B9451: 3.3V rail reading 2.93V.,B9451,POWER_RAIL_3V3,FAIL
LOG00205,"Unit board C4095: VDD_5V rail reading 4.47V, failed.",C4095,POWER_RAIL_5V,FAIL
LOG00206,"Unit D5316: quiescent current reading 50.00mA, looks good.",D5316,CURRENT_DRAW,PASS
LOG00207,D1284 signal amplitude CH4: 3.34 Vpp.,D1284,SIGNAL_INTEGRITY,PASS
LOG00208,A1873 signal amplitude CH4 measured 3.43Vpp — looks good.,A1873,SIGNAL_INTEGRITY,PASS
LOG00209,"Unit board C3075: CH3 signal check reading 4.05Vpp, doesn't look right.",C3075,SIGNAL_INTEGRITY,FAIL
LOG00210,A-7552 3.3v power check: 3.04 V.,A7552,POWER_RAIL_3V3,FAIL
LOG00211,board A3076 thermal reading after burn-in: 40.6 C.,A3076,THERMAL,PASS
LOG00212,board C2845 idle current draw: 117.61 mA.,C2845,CURRENT_DRAW,PASS
LOG00213,Unit board C0740: +3.3V rail reading 3.24V — all good.,C0740,POWER_RAIL_3V3,PASS
LOG00214,"C 4638 - CH2 signal check 3.13Vpp, line 2.",C4638,SIGNAL_INTEGRITY,PASS
LOG00215,"board D6420 - signal amplitude CH1 3.25Vpp, retest after rework.",D6420,SIGNAL_INTEGRITY,PASS
LOG00216,unit d9681 resistance check j7 measured 4.20ohm — all good.,D9681,CONTINUITY,PASS
LOG00217,"B 2154 - thermal reading after burn-in 57.4C (reject), second attempt.",B2154,THERMAL,FAIL
LOG00218,B7596 - thermal reading after burn-in 33.5C.,B7596,THERMAL,PASS
LOG00219,"D-7255 resistance check J7: 5.87 Ohm, fails.",D7255,CONTINUITY,FAIL
LOG00220,Unit unit C4019: 3v3 supply reading 3.13V (passes).,C4019,POWER_RAIL_3V3,PASS
LOG00221,"unit C7984 - +12V supply 13.26V, fails, after reflow.",C7984,POWER_RAIL_12V,FAIL
LOG00222,"C-8077 - thermal soak reading 52.0C, within spec, second attempt.",C8077,THERMAL,PASS
LOG00223,d5539 signal amplitude ch1: 3.21 vpp — within spec.,D5539,SIGNAL_INTEGRITY,PASS
LOG00224,"D0217 - VDD_5V rail 4.90V, passes, customer return unit.",D0217,POWER_RAIL_5V,PASS
LOG00225,"Checked +12V supply on A5481, 12.67V, line 2.",A5481,POWER_RAIL_12V,FAIL
LOG00226,unit A5994 - VDD_5V rail 4.91V — passes.,A5994,POWER_RAIL_5V,PASS
LOG00227,"Checked scope reading CH2 on board A4820, 3.52Vpp, passes, customer return unit.",A4820,SIGNAL_INTEGRITY,PASS
LOG00228,D 8647 resistance check J7 measured 5.53Ohm.,D8647,CONTINUITY,FAIL
LOG00229,"checked board temp after 10min soak on unit b1396, 33.1c, second attempt.",B1396,THERMAL,PASS
LOG00230,board D7630 standby current: 155.66 mA.,D7630,CURRENT_DRAW,FAIL
LOG00231,"checked eye height ch1 on a 4810, 3.92vpp, shift b.",A4810,SIGNAL_INTEGRITY,FAIL
LOG00232,C-5447 thermal reading after burn-in measured 8.4C.,C5447,THERMAL,FAIL
LOG00233,Unit C 9425: 12v power check reading 11.86V (checks out).,C9425,POWER_RAIL_12V,PASS
LOG00234,a-1241 eye height ch4 measured 2.91vpp.,A1241,SIGNAL_INTEGRITY,PASS
LOG00235,"C 4151 - thermal reading after burn-in 29.0C, customer return unit.",C4151,THERMAL,PASS
LOG00236,unit A4463 VDD_12V rail measured 11.66V.,A4463,POWER_RAIL_12V,PASS
LOG00237,"Unit board B1870: thermal soak reading reading 35.2C, nominal.",B1870,THERMAL,PASS
LOG00238,"board B0320 - resistance check J7 2.07Ohm (OK), after reflow.",B0320,CONTINUITY,PASS
LOG00239,"D8103 3v3 supply measured 3.32V, within spec.",D8103,POWER_RAIL_3V3,PASS
LOG00240,"Checked scope reading CH1 on board B0971, 2.90Vpp.",B0971,SIGNAL_INTEGRITY,PASS
LOG00241,"unit B9831 - quiescent current 206.10mA (doesn't look right), line 2.",B9831,CURRENT_DRAW,FAIL
LOG00242,"a 8426 - +5v supply 4.51v (failed), customer return unit.",A8426,POWER_RAIL_5V,FAIL
LOG00243,A0458 5V rail: 4.49 V (reject).,A0458,POWER_RAIL_5V,FAIL
LOG00244,Unit A4482: quiescent current reading 62.66mA.,A4482,CURRENT_DRAW,PASS
LOG00245,"D1997 - current draw at idle 118.47mA (within spec), per ECO-114.",D1997,CURRENT_DRAW,PASS
LOG00246,"B-3488 5v power check: 5.13 V, OK.",B3488,POWER_RAIL_5V,PASS
LOG00247,Unit A 5645: VDD_5V rail reading 4.71V (failed).,A5645,POWER_RAIL_5V,FAIL
LOG00248,"board B7135 - VDD_3V3 rail 3.82V — flagged for rework, second attempt.",B7135,POWER_RAIL_3V3,FAIL
LOG00249,Unit unit A0734: scope reading CH1 reading 3.19Vpp — checks out.,A0734,SIGNAL_INTEGRITY,PASS
LOG00250,a-9124 ch2 signal check measured 2.91vpp — nominal.,A9124,SIGNAL_INTEGRITY,PASS
LOG00251,A 0449 VDD_5V rail measured 5.72V — bad reading.,A0449,POWER_RAIL_5V,FAIL
LOG00252,board C8063 scope reading CH2: 2.41 Vpp.,C8063,SIGNAL_INTEGRITY,FAIL
LOG00253,"Checked standby current on board A0341, 80.01mA, unit was reworked yesterday.",A0341,CURRENT_DRAW,PASS
LOG00254,A8517 +12V supply: 12.13 V (nominal).,A8517,POWER_RAIL_12V,PASS
LOG00255,"Unit board D4259: +12V supply reading 12.07V, looks good.",D4259,POWER_RAIL_12V,PASS
LOG00256,"Checked VDD_3V3 rail on A 5512, 3.25V, customer return unit.",A5512,POWER_RAIL_3V3,PASS
LOG00257,"D 5264 - idle current draw 162.82mA, customer return unit.",D5264,CURRENT_DRAW,FAIL
LOG00258,board D3832 +5V supply measured 5.06V — passes.,D3832,POWER_RAIL_5V,PASS
LOG00259,B-1186 VDD_3V3 rail measured 3.37V.,B1186,POWER_RAIL_3V3,PASS
LOG00260,Unit C7128: 3.3v power check reading 3.04V.,C7128,POWER_RAIL_3V3,FAIL
LOG00261,"board C9296 - standby current 38.73mA, bad reading, per ECO-114.",C9296,CURRENT_DRAW,FAIL
LOG00262,"a6124 - 12v rail 10.87v — fails, retest after rework.",A6124,POWER_RAIL_12V,FAIL
LOG00263,"unit unit b1364: board temp after 10min soak reading 73.6c, no good.",B1364,THERMAL,FAIL
LOG00264,"Unit B1881: cont check CLK reading 2.74Ohm, nominal.",B1881,CONTINUITY,PASS
LOG00265,Unit unit D2656: idle current draw reading 116.93mA (checks out).,D2656,CURRENT_DRAW,PASS
LOG00266,"A 0927 - +3.3V rail 3.70V (fails), after reflow.",A0927,POWER_RAIL_3V3,FAIL
LOG00267,board D4462 eye height CH4 measured 3.03Vpp.,D4462,SIGNAL_INTEGRITY,PASS
LOG00268,"Checked thermal soak reading on A0205, 64.8C — fails, second attempt.",A0205,THERMAL,FAIL
LOG00269,Unit A9720: 3.3v power check reading 2.98V.,A9720,POWER_RAIL_3V3,FAIL
LOG00270,Unit board A9555: board temp after 10min soak reading 18.2C.,A9555,THERMAL,FAIL
LOG00271,"checked cont check clk on d 5217, 0.84ohm.",D5217,CONTINUITY,PASS
LOG00272,"D3521 - quiescent current 94.54mA (looks good), unit was reworked yesterday.",D3521,CURRENT_DRAW,PASS
LOG00273,A7458 scope reading CH4 measured 3.34Vpp — nominal.,A7458,SIGNAL_INTEGRITY,PASS
LOG00274,Unit unit B3125: 12v power check reading 12.00V — all good.,B3125,POWER_RAIL_12V,PASS
LOG00275,Unit board B1703: idle current draw reading 55.75mA.,B1703,CURRENT_DRAW,PASS
LOG00276,"A3008 - +3.3V rail 3.52V (no good), customer return unit.",A3008,POWER_RAIL_3V3,FAIL
LOG00277,Unit unit A5006: CLK continuity reading 6.59Ohm (no good).,A5006,CONTINUITY,FAIL
LOG00278,"unit D2633 - cont check RESET 3.01Ohm — passes, line 2.",D2633,CONTINUITY,PASS
LOG00279,unit A1499 VDD_12V rail measured 11.40V.,A1499,POWER_RAIL_12V,PASS
LOG00280,Unit D5706: quiescent current reading 107.30mA — good reading.,D5706,CURRENT_DRAW,PASS
LOG00281,"unit B7560 3v3 supply: 3.44 V, nominal.",B7560,POWER_RAIL_3V3,PASS
LOG00282,"A 6118 - 12v power check 12.25V, per ECO-114.",A6118,POWER_RAIL_12V,PASS
LOG00283,"Checked quiescent current on unit C2974, 104.20mA, line 2.",C2974,CURRENT_DRAW,PASS
LOG00284,b3484 clk continuity: 5.00 ohm — within spec.,B3484,CONTINUITY,PASS
LOG00285,Unit board A9287: 3.3V rail reading 2.68V (fails).,A9287,POWER_RAIL_3V3,FAIL
LOG00286,"D6972 - CH1 signal check 3.79Vpp, shift B.",D6972,SIGNAL_INTEGRITY,FAIL
LOG00287,"board A2024 - resistance check EN_LINE 5.69Ohm — flagged for rework, after reflow.",A2024,CONTINUITY,FAIL
LOG00288,"Checked 12v power check on C7202, 11.85V, unit was reworked yesterday.",C7202,POWER_RAIL_12V,PASS
LOG00289,Unit C 8442: +3.3V rail reading 3.33V.,C8442,POWER_RAIL_3V3,PASS
LOG00290,Unit D-8274: +3.3V rail reading 3.17V.,D8274,POWER_RAIL_3V3,PASS
LOG00291,"D3303 scope reading CH1: 3.81 Vpp, failed.",D3303,SIGNAL_INTEGRITY,FAIL
LOG00292,"unit A0370 - standby current 128.77mA (good reading), unit was reworked yesterday.",A0370,CURRENT_DRAW,PASS
LOG00293,"Unit unit D9233: VDD_3V3 rail reading 3.09V, reject.",D9233,POWER_RAIL_3V3,FAIL
LOG00294,unit B7726 thermal soak reading: 33.0 C.,B7726,THERMAL,PASS
LOG00295,Unit board D4626: +3.3V rail reading 3.79V — bad reading.,D4626,POWER_RAIL_3V3,FAIL
LOG00296,"Checked +12V supply on A-9948, 11.76V (passes), retest after rework.",A9948,POWER_RAIL_12V,PASS
LOG00297,"Checked case temp on unit A9024, 40.7C, line 2.",A9024,THERMAL,PASS
LOG00298,C 9092 continuity on RESET measured 5.00Ohm.,C9092,CONTINUITY,PASS
LOG00299,C-8303 - VDD_12V rail 12.46V — all good.,C8303,POWER_RAIL_12V,PASS
LOG00300,Unit A4992: 5v power check reading 5.15V.,A4992,POWER_RAIL_5V,PASS
LOG00301,A8729 current draw at idle measured 128.24mA.,A8729,CURRENT_DRAW,PASS
LOG00302,Unit board B0412: signal amplitude CH1 reading 3.13Vpp.,B0412,SIGNAL_INTEGRITY,PASS
LOG00303,A-6199 3.3v power check measured 3.75V.,A6199,POWER_RAIL_3V3,FAIL
LOG00304,Unit A3528: VDD_12V rail reading 11.21V — bad reading.,A3528,POWER_RAIL_12V,FAIL
LOG00305,"Unit unit D6525: continuity on J12 reading 7.71Ohm, reject.",D6525,CONTINUITY,FAIL
LOG00306,"Checked VDD_12V rail on board C4567, 10.90V — out of spec, line 2.",C4567,POWER_RAIL_12V,FAIL
LOG00307,"unit C9211 - scope reading CH4 3.18Vpp — looks good, second attempt.",C9211,SIGNAL_INTEGRITY,PASS
LOG00308,unit D9093 12v power check measured 13.24V (reject).,D9093,POWER_RAIL_12V,FAIL
LOG00309,"Checked 12V rail on unit C2413, 12.16V (good reading), line 2.",C2413,POWER_RAIL_12V,PASS
LOG00310,unit B2494 5v power check: 5.18 V (OK).,B2494,POWER_RAIL_5V,PASS
LOG00311,unit B7294 case temp: 38.3 C.,B7294,THERMAL,PASS
LOG00312,"Checked +5V supply on unit B9110, 5.49V, flagged for rework, after reflow.",B9110,POWER_RAIL_5V,FAIL
LOG00313,c2459 +5v supply: 5.03 v.,C2459,POWER_RAIL_5V,PASS
LOG00314,"C 5669 - scope reading CH2 3.38Vpp, nominal, customer return unit.",C5669,SIGNAL_INTEGRITY,PASS
LOG00315,"Checked signal amplitude CH3 on unit D5828, 2.39Vpp — fails, unit was reworked yesterday.",D5828,SIGNAL_INTEGRITY,FAIL
LOG00316,unit C1659 signal amplitude CH4: 3.22 Vpp (within spec).,C1659,SIGNAL_INTEGRITY,PASS
LOG00317,Unit unit D9359: eye height CH3 reading 3.15Vpp.,D9359,SIGNAL_INTEGRITY,PASS
LOG00318,Unit C-3110: resistance check CLK reading 2.28Ohm (good reading).,C3110,CONTINUITY,PASS
LOG00319,"unit A5259 scope reading CH3: 2.53 Vpp, flagged for rework.",A5259,SIGNAL_INTEGRITY,FAIL
LOG00320,"board B8429 thermal reading after burn-in: 23.5 C, all good.",B8429,THERMAL,PASS
LOG00321,"Checked +3.3V rail on C 2720, 3.43V, looks good, customer return unit.",C2720,POWER_RAIL_3V3,PASS
LOG00322,"Checked idle current draw on A-8608, 2.94mA, second attempt.",A8608,CURRENT_DRAW,FAIL
LOG00323,"Checked VDD_5V rail on A 7240, 5.18V (passes), retest after rework.",A7240,POWER_RAIL_5V,PASS
LOG00324,unit board c4368: resistance check j4 reading 2.70ohm.,C4368,CONTINUITY,PASS
LOG00325,Unit unit D0554: board temp after 10min soak reading 35.8C.,D0554,THERMAL,PASS
LOG00326,"board c3547 - eye height ch1 3.18vpp, nominal, second attempt.",C3547,SIGNAL_INTEGRITY,PASS
LOG00327,"board B2166 - 3.3v power check 3.42V, per ECO-114.",B2166,POWER_RAIL_3V3,PASS
LOG00328,"board B4592 - EN_LINE continuity 5.46Ohm, after reflow.",B4592,CONTINUITY,FAIL
LOG00329,"unit B3369 eye height CH1 measured 3.15Vpp, all good.",B3369,SIGNAL_INTEGRITY,PASS
LOG00330,"b0218 - thermal reading after burn-in 15.1c, per eco-114.",B0218,THERMAL,FAIL
LOG00331,Unit D-5967: +3.3V rail reading 3.31V.,D5967,POWER_RAIL_3V3,PASS
LOG00332,"A 0568 case temp measured 71.0C, no good.",A0568,THERMAL,FAIL
LOG00333,Unit D-6838: 5v power check reading 5.14V.,D6838,POWER_RAIL_5V,PASS
LOG00334,"A-7586 - board temp after 10min soak 9.8C (flagged for rework), customer return unit.",A7586,THERMAL,FAIL
LOG00335,B-4313 VDD_3V3 rail: 3.29 V (passes).,B4313,POWER_RAIL_3V3,PASS
LOG00336,"B 6840 current draw at idle: 22.21 mA, out of spec.",B6840,CURRENT_DRAW,FAIL
LOG00337,unit board a0362: 3.3v power check reading 3.22v — looks good.,A0362,POWER_RAIL_3V3,PASS
LOG00338,Unit A 3304: idle current draw reading 88.23mA — within spec.,A3304,CURRENT_DRAW,PASS
LOG00339,B 0242 J12 continuity: 0.34 Ohm — within spec.,B0242,CONTINUITY,PASS
LOG00340,"C-0884 - standby current 150.00mA, good reading, shift B.",C0884,CURRENT_DRAW,PASS
LOG00341,D-4822 cont check EN_LINE measured 4.17Ohm.,D4822,CONTINUITY,PASS
LOG00342,unit board c1523: +12v supply reading 10.99v (failed).,C1523,POWER_RAIL_12V,FAIL
LOG00343,"D1610 - eye height CH1 3.64Vpp — flagged for rework, per ECO-114.",D1610,SIGNAL_INTEGRITY,FAIL
LOG00344,"board D5631 - case temp 60.7C, unit was reworked yesterday.",D5631,THERMAL,FAIL
LOG00345,"Checked thermal reading after burn-in on unit A1557, 38.6C (good reading), second attempt.",A1557,THERMAL,PASS
LOG00346,board A9576 VDD_5V rail measured 5.11V (looks good).,A9576,POWER_RAIL_5V,PASS
LOG00347,c5244 eye height ch4: 3.29 vpp (within spec).,C5244,SIGNAL_INTEGRITY,PASS
LOG00348,"C-3384 - signal amplitude CH3 3.01Vpp — checks out, customer return unit.",C3384,SIGNAL_INTEGRITY,PASS
LOG00349,"Checked 5V rail on board A1942, 5.66V, per ECO-114.",A1942,POWER_RAIL_5V,FAIL
LOG00350,C6062 - idle current draw 150.00mA — all good.,C6062,CURRENT_DRAW,PASS
LOG00351,C 9138 5V rail: 5.42 V.,C9138,POWER_RAIL_5V,FAIL
LOG00352,C 5940 thermal reading after burn-in measured 2.3C.,C5940,THERMAL,FAIL
LOG00353,"board C7581 - board temp after 10min soak 49.9C, checks out, per ECO-114.",C7581,THERMAL,PASS
LOG00354,"C 3261 - thermal reading after burn-in 58.5C (bad reading), shift B.",C3261,THERMAL,FAIL
LOG00355,"unit b8497 - 5v power check 5.03v, retest after rework.",B8497,POWER_RAIL_5V,PASS
LOG00356,Unit A9853: eye height CH4 reading 2.84Vpp.,A9853,SIGNAL_INTEGRITY,PASS
LOG00357,C 7647 +5V supply: 4.92 V.,C7647,POWER_RAIL_5V,PASS
LOG00358,"Checked 12V rail on C4878, 10.75V, unit was reworked yesterday.",C4878,POWER_RAIL_12V,FAIL
LOG00359,"D 2155 - board temp after 10min soak 39.6C, unit was reworked yesterday.",D2155,THERMAL,PASS
LOG00360,Unit D 9139: 5V rail reading 4.93V — OK.,D9139,POWER_RAIL_5V,PASS
LOG00361,"Checked 3v3 supply on board A9068, 3.90V, after reflow.",A9068,POWER_RAIL_3V3,FAIL
LOG00362,board A3025 5v power check: 4.95 V.,A3025,POWER_RAIL_5V,PASS
LOG00363,B8748 VDD_5V rail: 5.05 V.,B8748,POWER_RAIL_5V,PASS
LOG00364,A-6188 standby current measured 95.23mA — checks out.,A6188,CURRENT_DRAW,PASS
LOG00365,Unit board C3314: current draw at idle reading 116.01mA (looks good).,C3314,CURRENT_DRAW,PASS
LOG00366,board C4752 VDD_12V rail: 12.42 V (OK).,C4752,POWER_RAIL_12V,PASS
LOG00367,"D4541 5V rail measured 5.12V, nominal.",D4541,POWER_RAIL_5V,PASS
LOG00368,d5397 scope reading ch3: 3.09 vpp (passes).,D5397,SIGNAL_INTEGRITY,PASS
LOG00369,Unit D5951: 3.3V rail reading 3.32V.,D5951,POWER_RAIL_3V3,PASS
LOG00370,B-1837 signal amplitude CH2: 4.03 Vpp.,B1837,SIGNAL_INTEGRITY,FAIL
LOG00371,board d0569 vdd_3v3 rail: 3.32 v (good reading).,D0569,POWER_RAIL_3V3,PASS
LOG00372,Unit C2317: +3.3V rail reading 3.24V (looks good).,C2317,POWER_RAIL_3V3,PASS
LOG00373,"B0401 - standby current 192.29mA — fails, after reflow.",B0401,CURRENT_DRAW,FAIL
LOG00374,B0262 CH3 signal check measured 3.02Vpp (within spec).,B0262,SIGNAL_INTEGRITY,PASS
LOG00375,unit board a4865: vdd_12v rail reading 11.72v.,A4865,POWER_RAIL_12V,PASS
LOG00376,"C-7615 - J12 continuity 3.28Ohm, shift B.",C7615,CONTINUITY,PASS
LOG00377,"Checked idle current draw on unit A1094, 82.54mA (within spec).",A1094,CURRENT_DRAW,PASS
LOG00378,"A-8179 case temp measured 18.0C, bad reading.",A8179,THERMAL,FAIL
LOG00379,d 6771 signal amplitude ch2 measured 3.26vpp.,D6771,SIGNAL_INTEGRITY,PASS
LOG00380,Unit C1642: continuity on J7 reading 0.46Ohm.,C1642,CONTINUITY,PASS
LOG00381,Unit D2999: 12V rail reading 13.27V.,D2999,POWER_RAIL_12V,FAIL
LOG00382,unit d 5118: case temp reading 20.2c (all good).,D5118,THERMAL,PASS
LOG00383,A0429 signal amplitude CH2 measured 3.33Vpp.,A0429,SIGNAL_INTEGRITY,PASS
LOG00384,D-7634 EN_LINE continuity measured 1.35Ohm — checks out.,D7634,CONTINUITY,PASS
LOG00385,"B5333 board temp after 10min soak measured 66.1C, fails.",B5333,THERMAL,FAIL
LOG00386,"board A0304 - 3.3V rail 3.30V — looks good, retest after rework.",A0304,POWER_RAIL_3V3,PASS
LOG00387,A4869 - VDD_12V rail 12.60V.,A4869,POWER_RAIL_12V,PASS
LOG00388,unit a8705 3v3 supply: 2.99 v.,A8705,POWER_RAIL_3V3,FAIL
LOG00389,"unit unit a9333: vdd_3v3 rail reading 3.20v, good reading.",A9333,POWER_RAIL_3V3,PASS
LOG00390,C-7915 VDD_5V rail measured 4.88V (all good).,C7915,POWER_RAIL_5V,PASS
LOG00391,"Checked signal amplitude CH2 on D 5064, 2.37Vpp, customer return unit.",D5064,SIGNAL_INTEGRITY,FAIL
LOG00392,"Unit B 5246: VDD_3V3 rail reading 3.22V, checks out.",B5246,POWER_RAIL_3V3,PASS
LOG00393,board A4511 12V rail: 11.99 V.,A4511,POWER_RAIL_12V,PASS
LOG00394,"D0387 scope reading CH2: 2.80 Vpp, nominal.",D0387,SIGNAL_INTEGRITY,PASS
LOG00395,"Checked resistance check J4 on A-3462, 4.33Ohm, customer return unit.",A3462,CONTINUITY,PASS
LOG00396,B4410 VDD_12V rail measured 12.09V (good reading).,B4410,POWER_RAIL_12V,PASS
LOG00397,B 5262 signal amplitude CH2: 3.32 Vpp.,B5262,SIGNAL_INTEGRITY,PASS
LOG00398,c 9653 thermal soak reading measured 27.6c.,C9653,THERMAL,PASS
LOG00399,"Checked VDD_5V rail on unit A7404, 5.29V — fails, after reflow.",A7404,POWER_RAIL_5V,FAIL
LOG00400,Unit unit A0498: scope reading CH3 reading 4.06Vpp.,A0498,SIGNAL_INTEGRITY,FAIL
LOG00401,"Checked scope reading CH2 on A 5400, 3.21Vpp — passes, retest after rework.",A5400,SIGNAL_INTEGRITY,PASS
LOG00402,"board A2735 scope reading CH1 measured 3.80Vpp, bad reading.",A2735,SIGNAL_INTEGRITY,FAIL
LOG00403,unit D9013 thermal soak reading: 67.5 C — out of spec.,D9013,THERMAL,FAIL
LOG00404,"board B2640 12V rail: 11.40 V, checks out.",B2640,POWER_RAIL_12V,PASS
LOG00405,board C0371 3.3v power check measured 2.72V.,C0371,POWER_RAIL_3V3,FAIL
LOG00406,A0204 3.3v power check measured 3.92V (doesn't look right).,A0204,POWER_RAIL_3V3,FAIL
LOG00407,"D-4831 - CH2 signal check 3.78Vpp, line 2.",D4831,SIGNAL_INTEGRITY,FAIL
LOG00408,"unit B8066 - continuity on EN_LINE 2.14Ohm, customer return unit.",B8066,CONTINUITY,PASS
LOG00409,"Checked +12V supply on board C1990, 13.12V, per ECO-114.",C1990,POWER_RAIL_12V,FAIL
LOG00410,"Checked 5v power check on D 8559, 4.99V (passes), customer return unit.",D8559,POWER_RAIL_5V,PASS
LOG00411,B3850 VDD_12V rail measured 10.96V.,B3850,POWER_RAIL_12V,FAIL
LOG00412,Unit B 2780: J4 continuity reading 7.12Ohm.,B2780,CONTINUITY,FAIL
LOG00413,unit A5433 standby current measured 164.47mA (flagged for rework).,A5433,CURRENT_DRAW,FAIL
LOG00414,c9323 ch2 signal check measured 3.45vpp.,C9323,SIGNAL_INTEGRITY,PASS
LOG00415,Unit board B2981: 3.3v power check reading 3.46V (passes).,B2981,POWER_RAIL_3V3,PASS
LOG00416,"b2252 +12v supply: 12.03 v, all good.",B2252,POWER_RAIL_12V,PASS
LOG00417,"D 1477 - 5V rail 5.44V (no good), line 2.",D1477,POWER_RAIL_5V,FAIL
LOG00418,C5039 standby current: 131.86 mA (nominal).,C5039,CURRENT_DRAW,PASS
LOG00419,"B9988 - VDD_3V3 rail 2.75V — doesn't look right, customer return unit.",B9988,POWER_RAIL_3V3,FAIL
LOG00420,"A0737 - VDD_12V rail 12.34V, shift B.",A0737,POWER_RAIL_12V,PASS
LOG00421,unit board d7458: +12v supply reading 11.02v — no good.,D7458,POWER_RAIL_12V,FAIL
LOG00422,"checked ch1 signal check on board c8694, 3.44vpp, retest after rework.",C8694,SIGNAL_INTEGRITY,PASS
LOG00423,board B9355 12V rail measured 12.22V — within spec.,B9355,POWER_RAIL_12V,PASS
LOG00424,"unit C0153 - 12v power check 11.48V, per ECO-114.",C0153,POWER_RAIL_12V,PASS
LOG00425,"Checked +12V supply on C-6218, 11.55V (within spec), retest after rework.",C6218,POWER_RAIL_12V,PASS
LOG00426,"D1430 - CH4 signal check 3.14Vpp, passes, per ECO-114.",D1430,SIGNAL_INTEGRITY,PASS
LOG00427,"checked 12v power check on a 5045, 10.81v — out of spec, unit was reworked yesterday.",A5045,POWER_RAIL_12V,FAIL
LOG00428,Unit B 2470: VDD_5V rail reading 4.54V — reject.,B2470,POWER_RAIL_5V,FAIL
LOG00429,Unit B 8889: eye height CH1 reading 3.28Vpp.,B8889,SIGNAL_INTEGRITY,PASS
LOG00430,"D 2500 - cont check J4 0.63Ohm, checks out, after reflow.",D2500,CONTINUITY,PASS
LOG00431,board C9244 - scope reading CH2 3.02Vpp.,C9244,SIGNAL_INTEGRITY,PASS
LOG00432,"Unit A 7276: standby current reading 21.59mA, out of spec.",A7276,CURRENT_DRAW,FAIL
LOG00433,board A6002 - idle current draw 122.57mA (within spec).,A6002,CURRENT_DRAW,PASS
LOG00434,A 4216 thermal soak reading measured 20.0C.,A4216,THERMAL,PASS
LOG00435,board D7341 VDD_5V rail: 4.91 V.,D7341,POWER_RAIL_5V,PASS
LOG00436,"Checked idle current draw on unit D8102, 199.10mA, fails, line 2.",D8102,CURRENT_DRAW,FAIL
LOG00437,Unit C 2489: eye height CH3 reading 4.08Vpp.,C2489,SIGNAL_INTEGRITY,FAIL
LOG00438,"Checked quiescent current on C-9749, 88.99mA.",C9749,CURRENT_DRAW,PASS
LOG00439,A 8047 thermal reading after burn-in: 40.9 C — OK.,A8047,THERMAL,PASS
LOG00440,"board C5115 - quiescent current 108.81mA, shift B.",C5115,CURRENT_DRAW,PASS
LOG00441,B2365 cont check J7 measured 3.24Ohm.,B2365,CONTINUITY,PASS
LOG00442,board A2222 eye height CH4: 3.80 Vpp.,A2222,SIGNAL_INTEGRITY,FAIL
LOG00443,"Checked thermal reading after burn-in on D6183, 4.7C.",D6183,THERMAL,FAIL
LOG00444,"Checked VDD_3V3 rail on C9278, 2.86V, reject, shift B.",C9278,POWER_RAIL_3V3,FAIL
LOG00445,"B 1004 - thermal soak reading 35.7C, shift B.",B1004,THERMAL,PASS
LOG00446,"B2066 - scope reading CH2 3.22Vpp — looks good, second attempt.",B2066,SIGNAL_INTEGRITY,PASS
LOG00447,"Unit unit D1375: thermal soak reading reading 67.7C, fails.",D1375,THERMAL,FAIL
LOG00448,"Unit board B4172: +3.3V rail reading 3.85V, out of spec.",B4172,POWER_RAIL_3V3,FAIL
LOG00449,"board C6243 - cont check J12 1.44Ohm, retest after rework.",C6243,CONTINUITY,PASS
LOG00450,"board D0399 - RESET continuity 4.32Ohm (OK), shift B.",D0399,CONTINUITY,PASS
LOG00451,"Unit C 7054: thermal reading after burn-in reading 70.8C, flagged for rework.",C7054,THERMAL,FAIL
LOG00452,"unit b3791 - eye height ch3 3.41vpp — all good, after reflow.",B3791,SIGNAL_INTEGRITY,PASS
LOG00453,C-5547 idle current draw measured 73.78mA.,C5547,CURRENT_DRAW,PASS
LOG00454,"unit a1115 - thermal reading after burn-in 28.2c, shift b.",A1115,THERMAL,PASS
LOG00455,board D3569 +5V supply: 4.93 V.,D3569,POWER_RAIL_5V,PASS
LOG00456,"unit A8493 - CLK continuity 0.18Ohm (within spec), shift B.",A8493,CONTINUITY,PASS
LOG00457,"Checked cont check CLK on C3110, 6.96Ohm, failed, second attempt.",C3110,CONTINUITY,FAIL
LOG00458,A 8129 CH3 signal check measured 3.46Vpp — good reading.,A8129,SIGNAL_INTEGRITY,PASS
LOG00459,"A 3049 - resistance check RESET 2.20Ohm (OK), retest after rework.",A3049,CONTINUITY,PASS
LOG00460,A-2073 5v power check measured 4.98V (OK).,A2073,POWER_RAIL_5V,PASS
LOG00461,"Unit C7032: thermal reading after burn-in reading 36.6C, nominal.",C7032,THERMAL,PASS
LOG00462,unit D1856 thermal reading after burn-in measured 29.6C.,D1856,THERMAL,PASS
LOG00463,"checked +12v supply on a-8565, 12.00v, checks out.",A8565,POWER_RAIL_12V,PASS
LOG00464,"board A9469 signal amplitude CH2 measured 2.96Vpp, nominal.",A9469,SIGNAL_INTEGRITY,PASS
LOG00465,board b4979 thermal reading after burn-in: 25.0 c — looks good.,B4979,THERMAL,PASS
LOG00466,c-6257 current draw at idle: 109.06 ma (within spec).,C6257,CURRENT_DRAW,PASS
LOG00467,"A2342 - board temp after 10min soak 25.6C — all good, second attempt.",A2342,THERMAL,PASS
LOG00468,D7198 continuity on J7 measured 6.41Ohm — failed.,D7198,CONTINUITY,FAIL
LOG00469,"B-2675 - scope reading CH1 2.97Vpp, customer return unit.",B2675,SIGNAL_INTEGRITY,PASS
LOG00470,board B2421 - VDD_3V3 rail 3.27V — within spec.,B2421,POWER_RAIL_3V3,PASS
LOG00471,Unit unit D4527: 3.3V rail reading 3.30V.,D4527,POWER_RAIL_3V3,PASS
LOG00472,"Checked 12v power check on board B4355, 13.28V, line 2.",B4355,POWER_RAIL_12V,FAIL
LOG00473,unit A5461 idle current draw: 103.23 mA — OK.,A5461,CURRENT_DRAW,PASS
LOG00474,"D6953 - 3.3v power check 3.29V, line 2.",D6953,POWER_RAIL_3V3,PASS
LOG00475,"A 7175 - VDD_5V rail 5.14V, second attempt.",A7175,POWER_RAIL_5V,PASS
LOG00476,"Checked board temp after 10min soak on D-1185, -0.1C.",D1185,THERMAL,FAIL
LOG00477,board A7891 board temp after 10min soak: 22.2 C.,A7891,THERMAL,PASS
LOG00478,"B9994 - CH2 signal check 3.37Vpp, all good, retest after rework.",B9994,SIGNAL_INTEGRITY,PASS
LOG00479,Unit board B2936: quiescent current reading 112.32mA (passes).,B2936,CURRENT_DRAW,PASS
LOG00480,board B1009 RESET continuity measured 1.55Ohm.,B1009,CONTINUITY,PASS
LOG00481,"B 6867 - VDD_5V rail 5.25V, passes, retest after rework.",B6867,POWER_RAIL_5V,PASS
LOG00482,Unit board D0501: +12V supply reading 12.23V.,D0501,POWER_RAIL_12V,PASS
LOG00483,Unit unit B2678: 12v power check reading 13.17V.,B2678,POWER_RAIL_12V,FAIL
LOG00484,"unit D4224 - thermal reading after burn-in 64.2C (flagged for rework), line 2.",D4224,THERMAL,FAIL
LOG00485,"Checked eye height CH1 on A5103, 3.84Vpp — flagged for rework, unit was reworked yesterday.",A5103,SIGNAL_INTEGRITY,FAIL
LOG00486,D0334 board temp after 10min soak measured 32.0C — all good.,D0334,THERMAL,PASS
LOG00487,b 4717 signal amplitude ch1: 3.39 vpp.,B4717,SIGNAL_INTEGRITY,PASS
LOG00488,B-6382 board temp after 10min soak measured 39.3C.,B6382,THERMAL,PASS
LOG00489,"Checked board temp after 10min soak on board B5364, 36.0C, second attempt.",B5364,THERMAL,PASS
LOG00490,unit b5567 5v power check measured 5.57v.,B5567,POWER_RAIL_5V,FAIL
LOG00491,Unit board D8068: signal amplitude CH1 reading 2.34Vpp (out of spec).,D8068,SIGNAL_INTEGRITY,FAIL
LOG00492,unit d2797 +3.3v rail measured 3.38v (looks good).,D2797,POWER_RAIL_3V3,PASS
LOG00493,"Checked thermal reading after burn-in on board A0287, 6.4C, second attempt.",A0287,THERMAL,FAIL
LOG00494,"A3566 +3.3V rail measured 3.23V, passes.",A3566,POWER_RAIL_3V3,PASS
LOG00495,"A3073 - +12V supply 12.78V (failed), second attempt.",A3073,POWER_RAIL_12V,FAIL
LOG00496,"checked standby current on board b2557, 109.79ma (all good), retest after rework.",B2557,CURRENT_DRAW,PASS
LOG00497,"board A6260 - J12 continuity 5.00Ohm, second attempt.",A6260,CONTINUITY,PASS
LOG00498,"C3114 resistance check J12 measured 0.07Ohm, nominal.",C3114,CONTINUITY,PASS
LOG00499,C8427 resistance check EN_LINE: 5.44 Ohm — reject.,C8427,CONTINUITY,FAIL
LOG00500,"Checked cont check J12 on B 7065, 7.14Ohm (flagged for rework), after reflow.",B7065,CONTINUITY,FAIL
LOG00501,Unit B-0927: resistance check RESET reading 7.62Ohm (reject).,B0927,CONTINUITY,FAIL
LOG00502,A7815 standby current: 150.00 mA.,A7815,CURRENT_DRAW,PASS
LOG00503,B0652 idle current draw: 159.64 mA.,B0652,CURRENT_DRAW,FAIL
LOG00504,unit board b2990: +5v supply reading 5.04v — ok.,B2990,POWER_RAIL_5V,PASS
LOG00505,"board A3442 - VDD_12V rail 12.30V, after reflow.",A3442,POWER_RAIL_12V,PASS
LOG00506,"Checked 5V rail on unit B4437, 4.43V, unit was reworked yesterday.",B4437,POWER_RAIL_5V,FAIL
LOG00507,unit C0589 12V rail measured 12.60V.,C0589,POWER_RAIL_12V,PASS
LOG00508,unit d3230: 12v rail reading 10.72v (no good).,D3230,POWER_RAIL_12V,FAIL
LOG00509,Unit D1274: 3.3V rail reading 3.36V.,D1274,POWER_RAIL_3V3,PASS
LOG00510,"unit D4437 - VDD_12V rail 13.00V (out of spec), shift B.",D4437,POWER_RAIL_12V,FAIL
LOG00511,"Checked 3.3v power check on board C4861, 3.63V, no good.",C4861,POWER_RAIL_3V3,FAIL
LOG00512,C 7805 current draw at idle: 124.30 mA — all good.,C7805,CURRENT_DRAW,PASS
LOG00513,A 1696 3.3v power check measured 3.20V (OK).,A1696,POWER_RAIL_3V3,PASS
LOG00514,unit B1057 eye height CH2 measured 3.52Vpp.,B1057,SIGNAL_INTEGRITY,PASS
LOG00515,"C 2640 - 5V rail 4.98V, retest after rework.",C2640,POWER_RAIL_5V,PASS
LOG00516,"board D7783 - CLK continuity 5.68Ohm, after reflow.",D7783,CONTINUITY,FAIL
LOG00517,"B-3756 VDD_5V rail measured 4.92V, all good.",B3756,POWER_RAIL_5V,PASS
LOG00518,"Checked 5v power check on A9384, 5.01V — passes, customer return unit.",A9384,POWER_RAIL_5V,PASS
LOG00519,B 3792 5V rail measured 4.90V — within spec.,B3792,POWER_RAIL_5V,PASS
LOG00520,Unit D 0056: scope reading CH1 reading 2.50Vpp.,D0056,SIGNAL_INTEGRITY,FAIL
LOG00521,"unit A6754 - RESET continuity 2.54Ohm, OK, line 2.",A6754,CONTINUITY,PASS
LOG00522,"board a8990 - signal amplitude ch2 3.94vpp — fails, per eco-114.",A8990,SIGNAL_INTEGRITY,FAIL
LOG00523,D-3582 thermal soak reading: 33.9 C.,D3582,THERMAL,PASS
LOG00524,"D2354 VDD_5V rail measured 4.75V, looks good.",D2354,POWER_RAIL_5V,PASS
LOG00525,unit C6465 +3.3V rail: 3.46 V.,C6465,POWER_RAIL_3V3,PASS
LOG00526,"C-2802 - case temp 55.0C — good reading, per ECO-114.",C2802,THERMAL,PASS
LOG00527,d-0162 idle current draw measured 30.07ma — doesn't look right.,D0162,CURRENT_DRAW,FAIL
LOG00528,Unit D4603: signal amplitude CH4 reading 2.97Vpp (all good).,D4603,SIGNAL_INTEGRITY,PASS
LOG00529,"unit D8774 signal amplitude CH1: 3.25 Vpp, nominal.",D8774,SIGNAL_INTEGRITY,PASS
LOG00530,"Checked VDD_12V rail on unit C4137, 12.42V, retest after rework.",C4137,POWER_RAIL_12V,PASS
LOG00531,"board c6744 - 3.3v power check 2.85v (fails), line 2.",C6744,POWER_RAIL_3V3,FAIL
LOG00532,unit A3661 continuity on RESET measured 3.03Ohm (checks out).,A3661,CONTINUITY,PASS
LOG00533,B-2837 12V rail measured 10.86V.,B2837,POWER_RAIL_12V,FAIL
LOG00534,B3969 12v power check: 13.14 V.,B3969,POWER_RAIL_12V,FAIL
LOG00535,D-7550 - 5V rail 4.41V.,D7550,POWER_RAIL_5V,FAIL
LOG00536,unit d4370 3v3 supply: 3.46 v (good reading).,D4370,POWER_RAIL_3V3,PASS
LOG00537,board D8498 CLK continuity measured 2.86Ohm.,D8498,CONTINUITY,PASS
LOG00538,"unit D2354 - cont check J4 2.58Ohm, second attempt.",D2354,CONTINUITY,PASS
LOG00539,D3314 +5V supply: 4.90 V.,D3314,POWER_RAIL_5V,PASS
LOG00540,"C-8944 - 12V rail 10.77V — reject, unit was reworked yesterday.",C8944,POWER_RAIL_12V,FAIL
LOG00541,"C 2867 - 12V rail 12.20V, passes, shift B.",C2867,POWER_RAIL_12V,PASS
LOG00542,D5064 board temp after 10min soak: 34.7 C.,D5064,THERMAL,PASS
LOG00543,"board A4471 +12V supply measured 12.03V, OK.",A4471,POWER_RAIL_12V,PASS
LOG00544,"Unit C-5471: 3.3V rail reading 3.46V, all good.",C5471,POWER_RAIL_3V3,PASS
LOG00545,d-4637 vdd_5v rail measured 4.58v.,D4637,POWER_RAIL_5V,FAIL
LOG00546,b 9935 - board temp after 10min soak 58.8c (fails).,B9935,THERMAL,FAIL
LOG00547,"Checked cont check J12 on unit C8108, 3.15Ohm, customer return unit.",C8108,CONTINUITY,PASS
LOG00548,board A6601 5V rail measured 4.97V — all good.,A6601,POWER_RAIL_5V,PASS
LOG00549,Unit board D3396: scope reading CH2 reading 3.18Vpp.,D3396,SIGNAL_INTEGRITY,PASS
LOG00550,Unit board D4248: +12V supply reading 11.18V.,D4248,POWER_RAIL_12V,FAIL
LOG00551,"unit d 7757: case temp reading 34.6c, good reading.",D7757,THERMAL,PASS
LOG00552,"Checked scope reading CH4 on B4388, 3.25Vpp — all good, customer return unit.",B4388,SIGNAL_INTEGRITY,PASS
LOG00553,"C 4210 - cont check J4 5.00Ohm, all good, second attempt.",C4210,CONTINUITY,PASS
LOG00554,unit C7101 idle current draw measured 68.07mA (passes).,C7101,CURRENT_DRAW,PASS
LOG00555,d-9093 12v power check measured 11.40v.,D9093,POWER_RAIL_12V,PASS
LOG00556,"board C4548 - 12v power check 12.60V — looks good, after reflow.",C4548,POWER_RAIL_12V,PASS
LOG00557,Unit D-1966: resistance check J7 reading 5.55Ohm (doesn't look right).,D1966,CONTINUITY,FAIL
LOG00558,D-9321 resistance check RESET measured 5.43Ohm (reject).,D9321,CONTINUITY,FAIL
LOG00559,"Checked resistance check J7 on C 2143, 1.18Ohm, retest after rework.",C2143,CONTINUITY,PASS
LOG00560,"Unit B 4306: 3.3V rail reading 3.24V, good reading.",B4306,POWER_RAIL_3V3,PASS
LOG00561,"unit D9500 current draw at idle measured 122.27mA, OK.",D9500,CURRENT_DRAW,PASS
LOG00562,"D 9553 - board temp after 10min soak 40.2C — checks out, line 2.",D9553,THERMAL,PASS
LOG00563,"D4324 - cont check J12 1.63Ohm (checks out), after reflow.",D4324,CONTINUITY,PASS
LOG00564,"board B2058 cont check EN_LINE measured 2.87Ohm, OK.",B2058,CONTINUITY,PASS
LOG00565,board C3581 - scope reading CH3 3.09Vpp (all good).,C3581,SIGNAL_INTEGRITY,PASS
LOG00566,"Checked signal amplitude CH2 on unit A7835, 3.30Vpp, after reflow.",A7835,SIGNAL_INTEGRITY,PASS
LOG00567,"Checked 5V rail on B8185, 4.72V, reject, retest after rework.",B8185,POWER_RAIL_5V,FAIL
LOG00568,Unit C1378: 5v power check reading 4.85V (OK).,C1378,POWER_RAIL_5V,PASS
LOG00569,"unit D1295 - 3.3v power check 3.23V, OK, after reflow.",D1295,POWER_RAIL_3V3,PASS
LOG00570,"unit D6622 - 5V rail 4.36V — doesn't look right, second attempt.",D6622,POWER_RAIL_5V,FAIL
LOG00571,"B 2431 - +12V supply 12.60V (passes), second attempt.",B2431,POWER_RAIL_12V,PASS
LOG00572,board d5968 thermal soak reading: 40.5 c (ok).,D5968,THERMAL,PASS
LOG00573,Unit C-9916: +3.3V rail reading 3.13V (nominal).,C9916,POWER_RAIL_3V3,PASS
LOG00574,board C7923 cont check EN_LINE measured 2.54Ohm (within spec).,C7923,CONTINUITY,PASS
LOG00575,"board B2167 thermal reading after burn-in: 5.1 C, out of spec.",B2167,THERMAL,FAIL
LOG00576,"D 1019 - 3.3v power check 3.93V (failed), customer return unit.",D1019,POWER_RAIL_3V3,FAIL
LOG00577,"Checked current draw at idle on C-4849, 62.80mA (passes), unit was reworked yesterday.",C4849,CURRENT_DRAW,PASS
LOG00578,"B-7806 - VDD_5V rail 5.02V, shift B.",B7806,POWER_RAIL_5V,PASS
LOG00579,"unit C9838 - 5v power check 4.91V, after reflow.",C9838,POWER_RAIL_5V,PASS
LOG00580,Unit C-6183: eye height CH1 reading 2.42Vpp.,C6183,SIGNAL_INTEGRITY,FAIL
LOG00581,unit a2229: continuity on reset reading 4.18ohm — passes.,A2229,CONTINUITY,PASS
LOG00582,board B6178 VDD_3V3 rail measured 3.36V.,B6178,POWER_RAIL_3V3,PASS
LOG00583,A 4651 12V rail: 11.92 V.,A4651,POWER_RAIL_12V,PASS
LOG00584,a-2449 eye height ch3: 3.35 vpp — passes.,A2449,SIGNAL_INTEGRITY,PASS
LOG00585,A-4898 cont check J7 measured 7.19Ohm.,A4898,CONTINUITY,FAIL
LOG00586,board B5203 current draw at idle: 69.23 mA.,B5203,CURRENT_DRAW,PASS
LOG00587,"Checked 3v3 supply on D-4028, 3.82V — out of spec.",D4028,POWER_RAIL_3V3,FAIL
LOG00588,"board B4901 - +3.3V rail 3.36V, checks out, unit was reworked yesterday.",B4901,POWER_RAIL_3V3,PASS
LOG00589,d 4348 quiescent current measured 150.00ma.,D4348,CURRENT_DRAW,PASS
LOG00590,board D3089 scope reading CH4: 3.28 Vpp — good reading.,D3089,SIGNAL_INTEGRITY,PASS
LOG00591,"A-5555 3.3V rail: 3.38 V, checks out.",A5555,POWER_RAIL_3V3,PASS
LOG00592,board B5585 signal amplitude CH3 measured 2.57Vpp.,B5585,SIGNAL_INTEGRITY,FAIL
LOG00593,Unit board C1686: continuity on RESET reading 3.48Ohm — within spec.,C1686,CONTINUITY,PASS
LOG00594,"A-5031 - cont check J7 3.00Ohm (all good), line 2.",A5031,CONTINUITY,PASS
LOG00595,"unit a3499 - current draw at idle 102.24ma, all good, retest after rework.",A3499,CURRENT_DRAW,PASS
LOG00596,D 9867 standby current: 103.52 mA.,D9867,CURRENT_DRAW,PASS
LOG00597,"Checked 12v power check on A9948, 12.33V.",A9948,POWER_RAIL_12V,PASS
LOG00598,Unit D6751: current draw at idle reading 116.42mA.,D6751,CURRENT_DRAW,PASS
LOG00599,unit c-8366: continuity on j12 reading 2.89ohm.,C8366,CONTINUITY,PASS
LOG00600,Unit D 0537: current draw at idle reading 197.17mA.,D0537,CURRENT_DRAW,FAIL
LOG00601,"C 6446 VDD_5V rail measured 5.03V, checks out.",C6446,POWER_RAIL_5V,PASS
LOG00602,Unit unit B8745: 12v power check reading 11.53V — within spec.,B8745,POWER_RAIL_12V,PASS
LOG00603,"Checked board temp after 10min soak on unit C7449, 29.9C — good reading.",C7449,THERMAL,PASS
LOG00604,"unit A0879 - cont check J4 3.65Ohm, looks good, after reflow.",A0879,CONTINUITY,PASS
LOG00605,"Checked VDD_12V rail on D 9912, 11.74V, good reading, shift B.",D9912,POWER_RAIL_12V,PASS
LOG00606,b-8817 clk continuity: 5.59 ohm.,B8817,CONTINUITY,FAIL
LOG00607,"unit a6034: ch3 signal check reading 3.04vpp, all good.",A6034,SIGNAL_INTEGRITY,PASS
LOG00608,"Checked +5V supply on C3295, 4.86V — checks out, shift B.",C3295,POWER_RAIL_5V,PASS
LOG00609,"Checked case temp on A8803, 32.8C, nominal, per ECO-114.",A8803,THERMAL,PASS
LOG00610,unit b 2976: current draw at idle reading 80.81ma (looks good).,B2976,CURRENT_DRAW,PASS
LOG00611,"D2451 - standby current 79.45mA, customer return unit.",D2451,CURRENT_DRAW,PASS
LOG00612,"B0703 - +5V supply 4.96V (passes), after reflow.",B0703,POWER_RAIL_5V,PASS
LOG00613,A-0044 3.3V rail: 3.29 V (checks out).,A0044,POWER_RAIL_3V3,PASS
LOG00614,B3956 12v power check: 12.78 V — flagged for rework.,B3956,POWER_RAIL_12V,FAIL
LOG00615,D6530 12v power check: 11.52 V — passes.,D6530,POWER_RAIL_12V,PASS
LOG00616,Unit board A4446: case temp reading 28.3C.,A4446,THERMAL,PASS
LOG00617,unit b 5850: 12v rail reading 12.16v.,B5850,POWER_RAIL_12V,PASS
LOG00618,unit B4739 eye height CH4: 3.87 Vpp.,B4739,SIGNAL_INTEGRITY,FAIL
LOG00619,Unit D7425: standby current reading 118.52mA.,D7425,CURRENT_DRAW,PASS
LOG00620,Unit D1122: VDD_12V rail reading 11.50V.,D1122,POWER_RAIL_12V,PASS
LOG00621,board B3936 CH3 signal check: 3.60 Vpp.,B3936,SIGNAL_INTEGRITY,PASS
LOG00622,board B0734 12v power check measured 12.47V.,B0734,POWER_RAIL_12V,PASS
LOG00623,"Checked +3.3V rail on D-2817, 3.03V, reject, customer return unit.",D2817,POWER_RAIL_3V3,FAIL
LOG00624,b 0358 +3.3v rail: 3.33 v (looks good).,B0358,POWER_RAIL_3V3,PASS
LOG00625,"Checked standby current on D-6022, 107.07mA, within spec, shift B.",D6022,CURRENT_DRAW,PASS
LOG00626,Unit board A2800: 5v power check reading 4.81V.,A2800,POWER_RAIL_5V,PASS
LOG00627,"Checked eye height CH2 on board C8687, 3.02Vpp (looks good), per ECO-114.",C8687,SIGNAL_INTEGRITY,PASS
LOG00628,Unit B 7531: eye height CH4 reading 3.29Vpp.,B7531,SIGNAL_INTEGRITY,PASS
LOG00629,B 8190 current draw at idle: 150.00 mA — good reading.,B8190,CURRENT_DRAW,PASS
LOG00630,"unit D0437 12v power check: 12.26 V, within spec.",D0437,POWER_RAIL_12V,PASS
LOG00631,Unit board B2556: 3.3v power check reading 3.22V (passes).,B2556,POWER_RAIL_3V3,PASS
LOG00632,"Unit board D0554: idle current draw reading 58.35mA, within spec.",D0554,CURRENT_DRAW,PASS
LOG00633,Unit A4637: quiescent current reading 57.80mA — nominal.,A4637,CURRENT_DRAW,PASS
LOG00634,"A7360 - 3v3 supply 2.93V, per ECO-114.",A7360,POWER_RAIL_3V3,FAIL
LOG00635,"Checked VDD_12V rail on D2676, 12.31V — passes, per ECO-114.",D2676,POWER_RAIL_12V,PASS
LOG00636,A-9828 VDD_12V rail: 11.11 V — no good.,A9828,POWER_RAIL_12V,FAIL
LOG00637,"A6010 - quiescent current 206.03mA, no good, customer return unit.",A6010,CURRENT_DRAW,FAIL
LOG00638,A7607 +5V supply measured 4.28V — no good.,A7607,POWER_RAIL_5V,FAIL
LOG00639,"board B3520 - eye height CH1 3.36Vpp — looks good, shift B.",B3520,SIGNAL_INTEGRITY,PASS
LOG00640,"A 6459 signal amplitude CH3 measured 3.72Vpp, fails.",A6459,SIGNAL_INTEGRITY,FAIL
LOG00641,"checked 3.3v rail on a 7961, 3.40v — ok, retest after rework.",A7961,POWER_RAIL_3V3,PASS
LOG00642,"checked thermal reading after burn-in on d0569, 42.4c, all good, shift b.",D0569,THERMAL,PASS
LOG00643,d3661 standby current: 124.31 ma.,D3661,CURRENT_DRAW,PASS
LOG00644,"B-8855 board temp after 10min soak: 5.5 C, no good.",B8855,THERMAL,FAIL
LOG00645,"board D1712 current draw at idle: 98.16 mA, all good.",D1712,CURRENT_DRAW,PASS
LOG00646,"checked 3.3v power check on a 1589, 3.39v — passes, line 2.",A1589,POWER_RAIL_3V3,PASS
LOG00647,"board B1455 - 12v power check 11.21V — bad reading, second attempt.",B1455,POWER_RAIL_12V,FAIL
LOG00648,"unit B1318 - 3.3v power check 3.02V, retest after rework.",B1318,POWER_RAIL_3V3,FAIL
LOG00649,"Checked scope reading CH2 on B 7521, 2.90Vpp, retest after rework.",B7521,SIGNAL_INTEGRITY,PASS
LOG00650,"Checked +3.3V rail on B5998, 3.37V (looks good), per ECO-114.",B5998,POWER_RAIL_3V3,PASS
LOG00651,B-3307 3v3 supply: 3.19 V — OK.,B3307,POWER_RAIL_3V3,PASS
LOG00652,B-9294 +12V supply: 12.03 V — nominal.,B9294,POWER_RAIL_12V,PASS
LOG00653,Unit unit C5686: case temp reading 31.7C (looks good).,C5686,THERMAL,PASS
LOG00654,"Checked standby current on C-6767, 132.53mA, line 2.",C6767,CURRENT_DRAW,PASS
LOG00655,"B 2078 - thermal soak reading 75.0C (doesn't look right), shift B.",B2078,THERMAL,FAIL
LOG00656,"D-5698 - 12v power check 11.95V, after reflow.",D5698,POWER_RAIL_12V,PASS
LOG00657,"unit b2896 - resistance check clk 3.79ohm, retest after rework.",B2896,CONTINUITY,PASS
LOG00658,"Checked J7 continuity on C6047, 3.39Ohm.",C6047,CONTINUITY,PASS
LOG00659,"board A9704 - current draw at idle 122.28mA — all good, customer return unit.",A9704,CURRENT_DRAW,PASS
LOG00660,"board B7348 - case temp 32.2C — OK, customer return unit.",B7348,THERMAL,PASS
LOG00661,"board B4189 idle current draw measured 69.46mA, OK.",B4189,CURRENT_DRAW,PASS
LOG00662,A-3755 resistance check J12: 7.41 Ohm (flagged for rework).,A3755,CONTINUITY,FAIL
LOG00663,"checked cont check en_line on c5907, 6.47ohm (failed).",C5907,CONTINUITY,FAIL
LOG00664,"B5283 - signal amplitude CH4 2.75Vpp (fails), customer return unit.",B5283,SIGNAL_INTEGRITY,FAIL
LOG00665,board C3616 current draw at idle measured 202.79mA (flagged for rework).,C3616,CURRENT_DRAW,FAIL
LOG00666,d-5239 12v power check: 12.58 v (passes).,D5239,POWER_RAIL_12V,PASS
LOG00667,"A-8920 +3.3V rail: 3.28 V, within spec.",A8920,POWER_RAIL_3V3,PASS
LOG00668,unit B6669 3v3 supply: 3.34 V — good reading.,B6669,POWER_RAIL_3V3,PASS
LOG00669,"Checked VDD_3V3 rail on D 9038, 3.38V, passes, line 2.",D9038,POWER_RAIL_3V3,PASS
LOG00670,unit D5148 12V rail: 11.21 V.,D5148,POWER_RAIL_12V,FAIL
LOG00671,"Checked VDD_3V3 rail on unit C8888, 3.37V, per ECO-114.",C8888,POWER_RAIL_3V3,PASS
LOG00672,"Checked VDD_12V rail on unit D5936, 12.11V.",D5936,POWER_RAIL_12V,PASS
LOG00673,"Checked +5V supply on A9140, 5.09V, after reflow.",A9140,POWER_RAIL_5V,PASS
LOG00674,Unit unit D9346: 12V rail reading 11.22V.,D9346,POWER_RAIL_12V,FAIL
LOG00675,b-6094 3.3v rail measured 3.52v — doesn't look right.,B6094,POWER_RAIL_3V3,FAIL
LOG00676,"D 6844 VDD_5V rail: 5.50 V, flagged for rework.",D6844,POWER_RAIL_5V,FAIL
LOG00677,unit b-2234: signal amplitude ch3 reading 2.52vpp.,B2234,SIGNAL_INTEGRITY,FAIL
LOG00678,A 8660 signal amplitude CH4: 3.85 Vpp.,A8660,SIGNAL_INTEGRITY,FAIL
LOG00679,"Checked signal amplitude CH4 on A-6907, 3.33Vpp — good reading, shift B.",A6907,SIGNAL_INTEGRITY,PASS
LOG00680,"Checked resistance check J12 on board D4139, 2.13Ohm, shift B.",D4139,CONTINUITY,PASS
LOG00681,"B-0625 - J12 continuity 7.53Ohm, out of spec, per ECO-114.",B0625,CONTINUITY,FAIL
LOG00682,"B-3507 - scope reading CH2 2.67Vpp, unit was reworked yesterday.",B3507,SIGNAL_INTEGRITY,FAIL
LOG00683,"board B6867 signal amplitude CH3: 3.33 Vpp, good reading.",B6867,SIGNAL_INTEGRITY,PASS
LOG00684,"unit A0963 VDD_12V rail measured 11.87V, checks out.",A0963,POWER_RAIL_12V,PASS
LOG00685,b 1504 current draw at idle: 128.36 ma.,B1504,CURRENT_DRAW,PASS
LOG00686,"unit A0236 - +5V supply 5.69V (flagged for rework), unit was reworked yesterday.",A0236,POWER_RAIL_5V,FAIL
LOG00687,"Checked resistance check J12 on C5701, 5.00Ohm.",C5701,CONTINUITY,PASS
LOG00688,"board D6069 12v power check measured 11.21V, out of spec.",D6069,POWER_RAIL_12V,FAIL
LOG00689,"Checked +5V supply on unit A7124, 5.11V — within spec, line 2.",A7124,POWER_RAIL_5V,PASS
LOG00690,B4787 VDD_12V rail measured 11.96V.,B4787,POWER_RAIL_12V,PASS
LOG00691,"board c0275 - standby current 76.26ma (within spec), line 2.",C0275,CURRENT_DRAW,PASS
LOG00692,"board D7821 +5V supply measured 5.02V, checks out.",D7821,POWER_RAIL_5V,PASS
LOG00693,"C 1047 - thermal soak reading 48.4C — OK, shift B.",C1047,THERMAL,PASS
LOG00694,Unit D7021: standby current reading 19.38mA.,D7021,CURRENT_DRAW,FAIL
LOG00695,C-8774 continuity on CLK: 7.50 Ohm.,C8774,CONTINUITY,FAIL
LOG00696,A 2398 +12V supply: 12.07 V.,A2398,POWER_RAIL_12V,PASS
LOG00697,"C8921 - thermal reading after burn-in 33.8C, looks good, per ECO-114.",C8921,THERMAL,PASS
LOG00698,"unit c4579 - 12v rail 12.30v, within spec, unit was reworked yesterday.",C4579,POWER_RAIL_12V,PASS
LOG00699,Unit C0797: 12V rail reading 12.05V (nominal).,C0797,POWER_RAIL_12V,PASS
LOG00700,"C-7992 +5V supply: 4.84 V, OK.",C7992,POWER_RAIL_5V,PASS
LOG00701,"Checked thermal reading after burn-in on board A0133, 15.2C — flagged for rework, unit was reworked yesterday.",A0133,THERMAL,FAIL
LOG00702,"Checked VDD_12V rail on B 3780, 12.19V — OK, line 2.",B3780,POWER_RAIL_12V,PASS
LOG00703,D 7647 continuity on EN_LINE: 2.47 Ohm.,D7647,CONTINUITY,PASS
LOG00704,Unit A5099: 3.3v power check reading 3.34V (OK).,A5099,POWER_RAIL_3V3,PASS
LOG00705,"A 6261 - signal amplitude CH4 3.64Vpp, failed, unit was reworked yesterday.",A6261,SIGNAL_INTEGRITY,FAIL
LOG00706,"Checked CH4 signal check on C8783, 3.70Vpp, second attempt.",C8783,SIGNAL_INTEGRITY,FAIL
LOG00707,A-4559 3.3V rail: 3.38 V (checks out).,A4559,POWER_RAIL_3V3,PASS
LOG00708,"Checked VDD_5V rail on B 4038, 5.06V (good reading).",B4038,POWER_RAIL_5V,PASS
LOG00709,"checked resistance check j4 on b 2661, 4.91ohm — passes, unit was reworked yesterday.",B2661,CONTINUITY,PASS
LOG00710,"Checked VDD_5V rail on C-5704, 4.98V, per ECO-114.",C5704,POWER_RAIL_5V,PASS
LOG00711,"unit A9549 - VDD_5V rail 5.24V — within spec, customer return unit.",A9549,POWER_RAIL_5V,PASS
LOG00712,"unit a1829: vdd_3v3 rail reading 3.32v, ok.",A1829,POWER_RAIL_3V3,PASS
LOG00713,"D 1170 - VDD_3V3 rail 3.32V (looks good), unit was reworked yesterday.",D1170,POWER_RAIL_3V3,PASS
LOG00714,C0663 continuity on J4 measured 3.68Ohm.,C0663,CONTINUITY,PASS
LOG00715,A-6383 idle current draw measured 111.95mA.,A6383,CURRENT_DRAW,PASS
LOG00716,"Checked 5V rail on unit D2368, 4.80V (nominal), shift B.",D2368,POWER_RAIL_5V,PASS
LOG00717,c4115 3.3v power check: 3.44 v — ok.,C4115,POWER_RAIL_3V3,PASS
LOG00718,"A-1766 5V rail: 4.92 V, nominal.",A1766,POWER_RAIL_5V,PASS
LOG00719,Unit B-6411: 3.3v power check reading 3.35V — nominal.,B6411,POWER_RAIL_3V3,PASS
LOG00720,"Unit A6912: case temp reading 28.0C, looks good.",A6912,THERMAL,PASS
LOG00721,Unit board D7332: case temp reading 0.6C.,D7332,THERMAL,FAIL
LOG00722,"B5113 - scope reading CH4 3.36Vpp (within spec), after reflow.",B5113,SIGNAL_INTEGRITY,PASS
LOG00723,"Unit C 7352: 5V rail reading 5.56V, fails.",C7352,POWER_RAIL_5V,FAIL
LOG00724,"a 9906 - 12v power check 12.29v, checks out.",A9906,POWER_RAIL_12V,PASS
LOG00725,"Checked idle current draw on board C0882, 165.91mA, customer return unit.",C0882,CURRENT_DRAW,FAIL
LOG00726,board C4859 thermal reading after burn-in measured 14.5C (doesn't look right).,C4859,THERMAL,FAIL
LOG00727,d2885 quiescent current measured 118.05ma.,D2885,CURRENT_DRAW,PASS
LOG00728,"board B3819 - 12v power check 10.85V — bad reading, shift B.",B3819,POWER_RAIL_12V,FAIL
LOG00729,"a-9142 - 12v rail 11.64v, second attempt.",A9142,POWER_RAIL_12V,PASS
LOG00730,A 4522 cont check EN_LINE: 1.25 Ohm.,A4522,CONTINUITY,PASS
LOG00731,unit C4207 eye height CH2: 2.89 Vpp.,C4207,SIGNAL_INTEGRITY,PASS
LOG00732,A 1670 thermal reading after burn-in: 32.4 C.,A1670,THERMAL,PASS
LOG00733,b-3138 5v power check: 4.52 v.,B3138,POWER_RAIL_5V,FAIL
LOG00734,"A 8849 - thermal reading after burn-in 30.4C (all good), per ECO-114.",A8849,THERMAL,PASS
LOG00735,A 8144 5v power check measured 4.71V (flagged for rework).,A8144,POWER_RAIL_5V,FAIL
LOG00736,Unit A 7499: 3.3V rail reading 3.35V.,A7499,POWER_RAIL_3V3,PASS
LOG00737,A 7803 cont check RESET: 6.79 Ohm.,A7803,CONTINUITY,FAIL
LOG00738,"Checked standby current on board D1133, 162.24mA, shift B.",D1133,CURRENT_DRAW,FAIL
LOG00739,unit B7225 5V rail: 4.91 V.,B7225,POWER_RAIL_5V,PASS
LOG00740,unit C0414 3.3V rail measured 3.20V — OK.,C0414,POWER_RAIL_3V3,PASS
LOG00741,"Checked cont check J7 on D-2309, 3.44Ohm, after reflow.",D2309,CONTINUITY,PASS
LOG00742,"A 2498 - board temp after 10min soak 64.5C, customer return unit.",A2498,THERMAL,FAIL
LOG00743,C-5614 eye height CH3: 3.39 Vpp (passes).,C5614,SIGNAL_INTEGRITY,PASS
LOG00744,"Checked 12v power check on unit B9669, 11.94V, line 2.",B9669,POWER_RAIL_12V,PASS
LOG00745,"unit D2736 - board temp after 10min soak 65.1C (doesn't look right), after reflow.",D2736,THERMAL,FAIL
LOG00746,"B4320 - RESET continuity 2.23Ohm, shift B.",B4320,CONTINUITY,PASS
LOG00747,"Checked VDD_12V rail on unit C3120, 12.69V, customer return unit.",C3120,POWER_RAIL_12V,FAIL
LOG00748,"Checked VDD_5V rail on C7057, 4.51V, retest after rework.",C7057,POWER_RAIL_5V,FAIL
LOG00749,"unit d9199 +5v supply: 5.00 v, within spec.",D9199,POWER_RAIL_5V,PASS
LOG00750,B 7931 12V rail: 11.95 V.,B7931,POWER_RAIL_12V,PASS
LOG00751,A1518 12v power check measured 11.84V.,A1518,POWER_RAIL_12V,PASS
LOG00752,"B 7585 - +5V supply 5.03V, line 2.",B7585,POWER_RAIL_5V,PASS
LOG00753,"board b6142 - 3.3v power check 3.30v (passes), per eco-114.",B6142,POWER_RAIL_3V3,PASS
LOG00754,"Unit A3949: scope reading CH4 reading 2.94Vpp, all good.",A3949,SIGNAL_INTEGRITY,PASS
LOG00755,"unit A5069 - 3v3 supply 3.29V, customer return unit.",A5069,POWER_RAIL_3V3,PASS
LOG00756,D0183 thermal soak reading measured 61.1C.,D0183,THERMAL,FAIL
LOG00757,"Checked board temp after 10min soak on D 4908, 32.1C.",D4908,THERMAL,PASS
LOG00758,"Checked 3v3 supply on C-9210, 3.39V, per ECO-114.",C9210,POWER_RAIL_3V3,PASS
LOG00759,"board C9539 VDD_5V rail: 4.38 V, out of spec.",C9539,POWER_RAIL_5V,FAIL
LOG00760,A 2601 board temp after 10min soak measured 40.4C (nominal).,A2601,THERMAL,PASS
LOG00761,Unit unit C8885: cont check RESET reading 7.93Ohm.,C8885,CONTINUITY,FAIL
LOG00762,"C-1604 - standby current 128.43mA, OK, customer return unit.",C1604,CURRENT_DRAW,PASS
LOG00763,unit c5331 5v rail: 4.45 v.,C5331,POWER_RAIL_5V,FAIL
LOG00764,D7863 idle current draw measured 133.27mA (within spec).,D7863,CURRENT_DRAW,PASS
LOG00765,Unit C-3404: thermal reading after burn-in reading 52.7C.,C3404,THERMAL,PASS
LOG00766,B0263 +3.3V rail: 3.46 V — nominal.,B0263,POWER_RAIL_3V3,PASS
LOG00767,"Checked signal amplitude CH3 on A4650, 3.34Vpp.",A4650,SIGNAL_INTEGRITY,PASS
LOG00768,unit A0706 5V rail: 5.40 V — flagged for rework.,A0706,POWER_RAIL_5V,FAIL
LOG00769,unit D0785 5V rail measured 4.79V (all good).,D0785,POWER_RAIL_5V,PASS
LOG00770,A1092 thermal soak reading: 48.9 C.,A1092,THERMAL,PASS
LOG00771,"Checked thermal soak reading on D-8983, 24.0C, checks out, customer return unit.",D8983,THERMAL,PASS
LOG00772,unit C4143 +5V supply: 5.01 V.,C4143,POWER_RAIL_5V,PASS
LOG00773,C 2573 thermal reading after burn-in: 55.0 C.,C2573,THERMAL,PASS
LOG00774,"unit B9869 - case temp 2.8C (failed), customer return unit.",B9869,THERMAL,FAIL
LOG00775,D-2716 3.3V rail measured 3.44V.,D2716,POWER_RAIL_3V3,PASS
LOG00776,board a4991 +3.3v rail measured 3.32v — passes.,A4991,POWER_RAIL_3V3,PASS
LOG00777,unit d2448: quiescent current reading 140.97ma.,D2448,CURRENT_DRAW,PASS
LOG00778,Unit board B9900: 3v3 supply reading 3.32V.,B9900,POWER_RAIL_3V3,PASS
LOG00779,"Checked case temp on C-5794, 38.3C — all good.",C5794,THERMAL,PASS
LOG00780,b-5941 3.3v power check measured 3.21v — ok.,B5941,POWER_RAIL_3V3,PASS
LOG00781,"Unit board C9892: 3.3v power check reading 2.80V, bad reading.",C9892,POWER_RAIL_3V3,FAIL
LOG00782,"Checked CH4 signal check on unit D7161, 2.61Vpp — reject, per ECO-114.",D7161,SIGNAL_INTEGRITY,FAIL
LOG00783,"checked current draw at idle on b-0110, 140.57ma, passes, retest after rework.",B0110,CURRENT_DRAW,PASS
LOG00784,C0360 board temp after 10min soak: 41.4 C.,C0360,THERMAL,PASS
LOG00785,"unit D0270 - 3v3 supply 3.22V, shift B.",D0270,POWER_RAIL_3V3,PASS
LOG00786,"D-8181 - cont check J12 2.79Ohm, nominal, second attempt.",D8181,CONTINUITY,PASS
LOG00787,"B9792 - signal amplitude CH4 3.55Vpp, all good, second attempt.",B9792,SIGNAL_INTEGRITY,PASS
LOG00788,Unit unit C8563: cont check J4 reading 3.45Ohm.,C8563,CONTINUITY,PASS
LOG00789,d3935 scope reading ch1 measured 3.85vpp — failed.,D3935,SIGNAL_INTEGRITY,FAIL
LOG00790,"checked vdd_12v rail on board a5779, 12.00v (good reading), second attempt.",A5779,POWER_RAIL_12V,PASS
LOG00791,unit board d2190: board temp after 10min soak reading 25.3c — passes.,D2190,THERMAL,PASS
LOG00792,B6108 +3.3V rail measured 3.14V (looks good).,B6108,POWER_RAIL_3V3,PASS
LOG00793,board d3616 3v3 supply: 3.08 v.,D3616,POWER_RAIL_3V3,FAIL
LOG00794,board D6778 +5V supply: 4.91 V.,D6778,POWER_RAIL_5V,PASS
LOG00795,"Unit D 0883: EN_LINE continuity reading 3.40Ohm, looks good.",D0883,CONTINUITY,PASS
LOG00796,"C-2781 - +3.3V rail 3.20V — passes, after reflow.",C2781,POWER_RAIL_3V3,PASS
LOG00797,"Checked case temp on C-7582, 31.7C — good reading, after reflow.",C7582,THERMAL,PASS
LOG00798,"C9765 - VDD_5V rail 4.96V, second attempt.",C9765,POWER_RAIL_5V,PASS
LOG00799,"A-8849 - VDD_12V rail 12.03V (looks good), per ECO-114.",A8849,POWER_RAIL_12V,PASS
LOG00800,"a1040 scope reading ch1 measured 2.97vpp, good reading.",A1040,SIGNAL_INTEGRITY,PASS
LOG00801,"Checked 3.3v power check on D 3205, 3.22V, passes, shift B.",D3205,POWER_RAIL_3V3,PASS
LOG00802,"D 4939 - 3.3v power check 3.46V (good reading), customer return unit.",D4939,POWER_RAIL_3V3,PASS
LOG00803,unit A8915 5v power check measured 4.87V.,A8915,POWER_RAIL_5V,PASS
LOG00804,A 4175 signal amplitude CH2: 3.17 Vpp.,A4175,SIGNAL_INTEGRITY,PASS
LOG00805,board A3369 12V rail measured 11.91V — passes.,A3369,POWER_RAIL_12V,PASS
LOG00806,"Checked scope reading CH3 on D 4634, 3.34Vpp — OK, line 2.",D4634,SIGNAL_INTEGRITY,PASS
LOG00807,Unit C-1240: cont check CLK reading 0.64Ohm — checks out.,C1240,CONTINUITY,PASS
LOG00808,"Checked current draw at idle on A-4819, 88.66mA.",A4819,CURRENT_DRAW,PASS
LOG00809,Unit B-6281: current draw at idle reading 50.00mA — checks out.,B6281,CURRENT_DRAW,PASS
LOG00810,unit A5208 3.3v power check: 2.83 V (flagged for rework).,A5208,POWER_RAIL_3V3,FAIL
LOG00811,"Checked +12V supply on board D9873, 13.19V, customer return unit.",D9873,POWER_RAIL_12V,FAIL
LOG00812,"board C0463 12v power check measured 12.89V, flagged for rework.",C0463,POWER_RAIL_12V,FAIL
LOG00813,A-1690 scope reading CH1 measured 3.02Vpp.,A1690,SIGNAL_INTEGRITY,PASS
LOG00814,"c6439 - current draw at idle 193.33ma, unit was reworked yesterday.",C6439,CURRENT_DRAW,FAIL
LOG00815,B 2911 standby current: 14.83 mA (no good).,B2911,CURRENT_DRAW,FAIL
LOG00816,Unit unit B1191: eye height CH1 reading 4.08Vpp.,B1191,SIGNAL_INTEGRITY,FAIL
LOG00817,unit b-3567: 12v rail reading 11.78v.,B3567,POWER_RAIL_12V,PASS
LOG00818,C 5238 current draw at idle: 85.96 mA.,C5238,CURRENT_DRAW,PASS
LOG00819,"Checked 12V rail on unit C8207, 12.68V, after reflow.",C8207,POWER_RAIL_12V,FAIL
LOG00820,d-9960 3.3v rail: 3.33 v.,D9960,POWER_RAIL_3V3,PASS
LOG00821,board A2576 VDD_3V3 rail: 3.29 V (good reading).,A2576,POWER_RAIL_3V3,PASS
LOG00822,"board B3998 - resistance check CLK 7.29Ohm, second attempt.",B3998,CONTINUITY,FAIL
LOG00823,"Checked CH4 signal check on B 5731, 2.76Vpp — flagged for rework, retest after rework.",B5731,SIGNAL_INTEGRITY,FAIL
LOG00824,D5234 eye height CH4: 3.13 Vpp.,D5234,SIGNAL_INTEGRITY,PASS
LOG00825,B 2712 current draw at idle: 91.54 mA (passes).,B2712,CURRENT_DRAW,PASS
LOG00826,C 1661 3.3v power check: 3.46 V (good reading).,C1661,POWER_RAIL_3V3,PASS
LOG00827,Unit unit C0989: 3.3V rail reading 3.31V.,C0989,POWER_RAIL_3V3,PASS
LOG00828,Unit B 2212: +12V supply reading 11.59V — looks good.,B2212,POWER_RAIL_12V,PASS
LOG00829,Unit A4413: idle current draw reading 89.41mA — nominal.,A4413,CURRENT_DRAW,PASS
LOG00830,"A7078 - 12v power check 12.94V — flagged for rework, retest after rework.",A7078,POWER_RAIL_12V,FAIL
LOG00831,Unit B3997: VDD_12V rail reading 11.64V.,B3997,POWER_RAIL_12V,PASS
LOG00832,Unit C7567: eye height CH1 reading 3.21Vpp (within spec).,C7567,SIGNAL_INTEGRITY,PASS
LOG00833,"Checked cont check J7 on D6761, 7.36Ohm — bad reading, customer return unit.",D6761,CONTINUITY,FAIL
LOG00834,"board D0623 - 3v3 supply 3.21V, checks out.",D0623,POWER_RAIL_3V3,PASS
LOG00835,Unit board A7034: J12 continuity reading 6.86Ohm (flagged for rework).,A7034,CONTINUITY,FAIL
LOG00836,Unit A6431: current draw at idle reading 110.08mA.,A6431,CURRENT_DRAW,PASS
LOG00837,"D 8512 +12V supply measured 12.57V, all good.",D8512,POWER_RAIL_12V,PASS
LOG00838,"Checked VDD_3V3 rail on B-4882, 3.28V, second attempt.",B4882,POWER_RAIL_3V3,PASS
LOG00839,"Checked +12V supply on C7239, 10.78V, retest after rework.",C7239,POWER_RAIL_12V,FAIL
LOG00840,unit C9095 +5V supply: 5.55 V.,C9095,POWER_RAIL_5V,FAIL
LOG00841,B4492 current draw at idle: 65.78 mA.,B4492,CURRENT_DRAW,PASS
LOG00842,C4638 +12V supply measured 12.11V — passes.,C4638,POWER_RAIL_12V,PASS
LOG00843,"unit D9730 - case temp 42.1C — all good, unit was reworked yesterday.",D9730,THERMAL,PASS
LOG00844,"Unit B-9952: +12V supply reading 11.89V, within spec.",B9952,POWER_RAIL_12V,PASS
LOG00845,"Checked RESET continuity on B-7959, 4.57Ohm — checks out, per ECO-114.",B7959,CONTINUITY,PASS
LOG00846,"unit C9822 thermal soak reading measured 37.9C, passes.",C9822,THERMAL,PASS
LOG00847,board C9417 12v power check: 11.86 V.,C9417,POWER_RAIL_12V,PASS
LOG00848,"checked 3.3v rail on b 2138, 3.02v — no good, line 2.",B2138,POWER_RAIL_3V3,FAIL
LOG00849,Unit unit A7824: signal amplitude CH1 reading 3.32Vpp — good reading.,A7824,SIGNAL_INTEGRITY,PASS
LOG00850,D 8230 case temp measured 37.8C.,D8230,THERMAL,PASS
LOG00851,"Checked 12V rail on A8790, 10.69V.",A8790,POWER_RAIL_12V,FAIL
LOG00852,"checked cont check reset on c 6692, 6.93ohm (doesn't look right).",C6692,CONTINUITY,FAIL
LOG00853,"D 7569 CH2 signal check: 3.65 Vpp, bad reading.",D7569,SIGNAL_INTEGRITY,FAIL
LOG00854,Unit board D8454: 5V rail reading 4.61V.,D8454,POWER_RAIL_5V,FAIL
LOG00855,board C1582 thermal reading after burn-in: 58.4 C.,C1582,THERMAL,FAIL
LOG00856,"A-1867 - idle current draw 127.73mA (good reading), second attempt.",A1867,CURRENT_DRAW,PASS
LOG00857,B-6430 board temp after 10min soak: 0.8 C.,B6430,THERMAL,FAIL
LOG00858,"board C8115 - 12V rail 11.74V — all good, retest after rework.",C8115,POWER_RAIL_12V,PASS
LOG00859,"unit C1725 - VDD_5V rail 4.89V, after reflow.",C1725,POWER_RAIL_5V,PASS
LOG00860,unit A9676 5v power check measured 4.97V.,A9676,POWER_RAIL_5V,PASS
LOG00861,"Unit C2115: standby current reading 117.12mA, nominal.",C2115,CURRENT_DRAW,PASS
LOG00862,"Unit unit C6676: +5V supply reading 4.99V, nominal.",C6676,POWER_RAIL_5V,PASS
LOG00863,C 4767 3v3 supply measured 3.17V — looks good.,C4767,POWER_RAIL_3V3,PASS
LOG00864,"board C8261 - thermal reading after burn-in 36.4C — nominal, shift B.",C8261,THERMAL,PASS
LOG00865,"B1842 continuity on EN_LINE: 7.51 Ohm, no good.",B1842,CONTINUITY,FAIL
LOG00866,"board B5483 - idle current draw 200.25mA (reject), retest after rework.",B5483,CURRENT_DRAW,FAIL
LOG00867,"b2058 continuity on j12 measured 1.77ohm, all good.",B2058,CONTINUITY,PASS
LOG00868,A-1332 EN_LINE continuity: 1.92 Ohm.,A1332,CONTINUITY,PASS
LOG00869,B-3560 thermal soak reading: 67.1 C — flagged for rework.,B3560,THERMAL,FAIL
LOG00870,unit C2114 3.3v power check measured 3.21V.,C2114,POWER_RAIL_3V3,PASS
LOG00871,"C 7071 thermal reading after burn-in measured 1.4C, out of spec.",C7071,THERMAL,FAIL
LOG00872,C-1615 5v power check: 4.25 V.,C1615,POWER_RAIL_5V,FAIL
LOG00873,C 4259 scope reading CH2: 3.22 Vpp — looks good.,C4259,SIGNAL_INTEGRITY,PASS
LOG00874,"board D7374 - scope reading CH2 2.74Vpp, shift B.",D7374,SIGNAL_INTEGRITY,FAIL
LOG00875,"Checked cont check CLK on board A1032, 3.29Ohm, line 2.",A1032,CONTINUITY,PASS
LOG00876,A 1731 eye height CH4 measured 3.03Vpp (passes).,A1731,SIGNAL_INTEGRITY,PASS
LOG00877,"unit A9883 - VDD_3V3 rail 3.57V, doesn't look right, retest after rework.",A9883,POWER_RAIL_3V3,FAIL
LOG00878,B 9083 resistance check J4 measured 2.19Ohm.,B9083,CONTINUITY,PASS
LOG00879,unit b1607: signal amplitude ch2 reading 2.75vpp.,B1607,SIGNAL_INTEGRITY,FAIL
LOG00880,"C 5022 - eye height CH1 3.79Vpp, flagged for rework, per ECO-114.",C5022,SIGNAL_INTEGRITY,FAIL
LOG00881,"board B9644 - VDD_5V rail 4.75V, after reflow.",B9644,POWER_RAIL_5V,PASS
LOG00882,"board c4779 thermal reading after burn-in: 27.3 c, good reading.",C4779,THERMAL,PASS
LOG00883,"Checked 12V rail on unit A4621, 12.57V — looks good, shift B.",A4621,POWER_RAIL_12V,PASS
LOG00884,"B7655 eye height CH1: 2.80 Vpp, nominal.",B7655,SIGNAL_INTEGRITY,PASS
LOG00885,unit D4615 - 12V rail 12.07V — OK.,D4615,POWER_RAIL_12V,PASS
LOG00886,"Checked continuity on CLK on board B1123, 1.85Ohm, per ECO-114.",B1123,CONTINUITY,PASS
LOG00887,board C3215 VDD_12V rail: 12.86 V.,C3215,POWER_RAIL_12V,FAIL
LOG00888,unit A9813 - 3.3v power check 3.28V — OK.,A9813,POWER_RAIL_3V3,PASS
LOG00889,unit a0087 standby current measured 25.24ma.,A0087,CURRENT_DRAW,FAIL
LOG00890,unit b5707: scope reading ch3 reading 2.80vpp.,B5707,SIGNAL_INTEGRITY,PASS
LOG00891,D-0383 case temp measured 28.6C.,D0383,THERMAL,PASS
LOG00892,C 4044 eye height CH1 measured 2.44Vpp.,C4044,SIGNAL_INTEGRITY,FAIL
LOG00893,"C7786 continuity on J12 measured 7.96Ohm, reject.",C7786,CONTINUITY,FAIL
LOG00894,D-8089 scope reading CH1: 3.16 Vpp.,D8089,SIGNAL_INTEGRITY,PASS
LOG00895,D-4173 signal amplitude CH3: 2.70 Vpp.,D4173,SIGNAL_INTEGRITY,FAIL
LOG00896,"board D8869 - +3.3V rail 3.40V — OK, per ECO-114.",D8869,POWER_RAIL_3V3,PASS
LOG00897,unit unit c7230: resistance check j12 reading 2.04ohm (ok).,C7230,CONTINUITY,PASS
LOG00898,"unit B6922 - +12V supply 11.73V (passes), after reflow.",B6922,POWER_RAIL_12V,PASS
LOG00899,"Checked +5V supply on board B5510, 5.34V.",B5510,POWER_RAIL_5V,FAIL
LOG00900,A-4714 resistance check CLK: 1.70 Ohm.,A4714,CONTINUITY,PASS
LOG00901,D 0524 eye height CH4: 3.42 Vpp (within spec).,D0524,SIGNAL_INTEGRITY,PASS
LOG00902,Unit C7923: thermal soak reading reading 34.8C.,C7923,THERMAL,PASS
LOG00903,"Unit unit C4083: thermal reading after burn-in reading 37.0C, nominal.",C4083,THERMAL,PASS
LOG00904,A 0427 VDD_5V rail measured 5.04V.,A0427,POWER_RAIL_5V,PASS
LOG00905,"C-3730 - 12v power check 11.50V (nominal), per ECO-114.",C3730,POWER_RAIL_12V,PASS
LOG00906,"unit B2234 - +5V supply 5.08V, retest after rework.",B2234,POWER_RAIL_5V,PASS
LOG00907,"Checked +5V supply on unit D8566, 5.06V — nominal.",D8566,POWER_RAIL_5V,PASS
LOG00908,"Checked eye height CH2 on C-6200, 2.89Vpp, line 2.",C6200,SIGNAL_INTEGRITY,PASS
LOG00909,Unit A 7829: 5v power check reading 5.02V.,A7829,POWER_RAIL_5V,PASS
LOG00910,A 2878 CH4 signal check measured 3.29Vpp.,A2878,SIGNAL_INTEGRITY,PASS
LOG00911,"Unit C 1204: idle current draw reading 107.45mA, all good.",C1204,CURRENT_DRAW,PASS
LOG00912,B2932 signal amplitude CH2: 3.18 Vpp.,B2932,SIGNAL_INTEGRITY,PASS
LOG00913,Unit unit A6775: RESET continuity reading 4.06Ohm.,A6775,CONTINUITY,PASS
LOG00914,A 4163 - board temp after 10min soak 62.4C (doesn't look right).,A4163,THERMAL,FAIL
LOG00915,"Checked thermal soak reading on B7128, 23.0C, good reading, unit was reworked yesterday.",B7128,THERMAL,PASS
LOG00916,"Checked VDD_3V3 rail on A9674, 2.99V, retest after rework.",A9674,POWER_RAIL_3V3,FAIL
LOG00917,"Checked J12 continuity on C-3394, 7.40Ohm (failed), shift B.",C3394,CONTINUITY,FAIL
LOG00918,"A-5540 - thermal soak reading 21.0C, per ECO-114.",A5540,THERMAL,PASS
LOG00919,"unit C5695 - case temp 37.1C, good reading, second attempt.",C5695,THERMAL,PASS
LOG00920,Unit B-6931: eye height CH2 reading 3.68Vpp — bad reading.,B6931,SIGNAL_INTEGRITY,FAIL
LOG00921,"board B5998 - signal amplitude CH1 2.73Vpp (flagged for rework), customer return unit.",B5998,SIGNAL_INTEGRITY,FAIL
LOG00922,unit A5812 +5V supply measured 4.88V (good reading).,A5812,POWER_RAIL_5V,PASS
LOG00923,"D6997 signal amplitude CH3 measured 3.66Vpp, fails.",D6997,SIGNAL_INTEGRITY,FAIL
LOG00924,"Checked scope reading CH3 on C-9990, 2.74Vpp — reject, after reflow.",C9990,SIGNAL_INTEGRITY,FAIL
LOG00925,"Checked 3.3V rail on D-1029, 3.10V, after reflow.",D1029,POWER_RAIL_3V3,FAIL
LOG00926,b6590 12v power check measured 11.83v.,B6590,POWER_RAIL_12V,PASS
LOG00927,Unit B1827: standby current reading 149.17mA.,B1827,CURRENT_DRAW,PASS
LOG00928,"B-1875 - 12v power check 13.29V, after reflow.",B1875,POWER_RAIL_12V,FAIL
LOG00929,"checked standby current on unit d4328, 115.38ma.",D4328,CURRENT_DRAW,PASS
LOG00930,unit C3942 standby current: 9.16 mA.,C3942,CURRENT_DRAW,FAIL
LOG00931,"Checked 5V rail on board A2163, 5.00V (passes), after reflow.",A2163,POWER_RAIL_5V,PASS
LOG00932,D2288 5V rail measured 5.12V.,D2288,POWER_RAIL_5V,PASS
LOG00933,C-1349 3.3V rail: 3.13 V.,C1349,POWER_RAIL_3V3,PASS
LOG00934,"Checked 12V rail on B8867, 11.40V, unit was reworked yesterday.",B8867,POWER_RAIL_12V,PASS
LOG00935,"B7069 - +12V supply 11.51V (OK), per ECO-114.",B7069,POWER_RAIL_12V,PASS
LOG00936,D-0872 5V rail measured 4.84V.,D0872,POWER_RAIL_5V,PASS
LOG00937,"Checked board temp after 10min soak on unit A5106, 72.9C, retest after rework.",A5106,THERMAL,FAIL
LOG00938,"Checked VDD_12V rail on unit D2019, 13.17V, unit was reworked yesterday.",D2019,POWER_RAIL_12V,FAIL
LOG00939,"C5238 +5V supply measured 4.31V, failed.",C5238,POWER_RAIL_5V,FAIL
LOG00940,"Checked 5V rail on D 2780, 5.05V, after reflow.",D2780,POWER_RAIL_5V,PASS
LOG00941,Unit board D5568: 5V rail reading 5.73V.,D5568,POWER_RAIL_5V,FAIL
LOG00942,"board C6255 - 3.3V rail 3.64V (bad reading), after reflow.",C6255,POWER_RAIL_3V3,FAIL
LOG00943,Unit unit B3331: signal amplitude CH3 reading 3.32Vpp.,B3331,SIGNAL_INTEGRITY,PASS
LOG00944,B 7763 CH1 signal check measured 2.80Vpp (within spec).,B7763,SIGNAL_INTEGRITY,PASS
LOG00945,Unit D-7768: thermal reading after burn-in reading 43.7C.,D7768,THERMAL,PASS
LOG00946,board D9088 resistance check J4 measured 2.52Ohm.,D9088,CONTINUITY,PASS
LOG00947,A2330 thermal soak reading: 69.2 C.,A2330,THERMAL,FAIL
LOG00948,Unit unit A2623: 3.3V rail reading 3.30V (passes).,A2623,POWER_RAIL_3V3,PASS
LOG00949,"checked clk continuity on d 2425, 2.59ohm, second attempt.",D2425,CONTINUITY,PASS
LOG00950,"unit C8186 case temp measured 37.5C, passes.",C8186,THERMAL,PASS
LOG00951,"A4401 - scope reading CH1 3.60Vpp, unit was reworked yesterday.",A4401,SIGNAL_INTEGRITY,PASS
LOG00952,"board D4532 - 5V rail 4.80V, per ECO-114.",D4532,POWER_RAIL_5V,PASS
LOG00953,"checked 3v3 supply on board c2959, 3.77v, second attempt.",C2959,POWER_RAIL_3V3,FAIL
LOG00954,D-2378 - scope reading CH2 2.82Vpp.,D2378,SIGNAL_INTEGRITY,PASS
LOG00955,board A7784 standby current: 21.93 mA.,A7784,CURRENT_DRAW,FAIL
LOG00956,Unit A-4194: thermal soak reading reading 61.7C (doesn't look right).,A4194,THERMAL,FAIL
LOG00957,board B7547 VDD_12V rail: 12.43 V.,B7547,POWER_RAIL_12V,PASS
LOG00958,"Checked 5v power check on board A5205, 4.98V, customer return unit.",A5205,POWER_RAIL_5V,PASS
LOG00959,Unit D-2623: 5v power check reading 5.20V — passes.,D2623,POWER_RAIL_5V,PASS
LOG00960,"Checked 5V rail on unit C9761, 4.96V (good reading), per ECO-114.",C9761,POWER_RAIL_5V,PASS
LOG00961,Unit board C6853: 5v power check reading 5.03V.,C6853,POWER_RAIL_5V,PASS
LOG00962,"Checked VDD_12V rail on C3990, 12.68V, fails, line 2.",C3990,POWER_RAIL_12V,FAIL
LOG00963,"unit C8440 - 5v power check 4.29V (flagged for rework), second attempt.",C8440,POWER_RAIL_5V,FAIL
LOG00964,"Checked resistance check EN_LINE on board D2591, 0.00Ohm (nominal), retest after rework.",D2591,CONTINUITY,PASS
LOG00965,unit D6677 12v power check: 10.70 V — out of spec.,D6677,POWER_RAIL_12V,FAIL
LOG00966,"B-3386 - 3v3 supply 2.74V, customer return unit.",B3386,POWER_RAIL_3V3,FAIL
LOG00967,"Checked 3v3 supply on B6555, 3.35V (passes), customer return unit.",B6555,POWER_RAIL_3V3,PASS
LOG00968,Unit A-7503: 3.3V rail reading 3.80V — reject.,A7503,POWER_RAIL_3V3,FAIL
LOG00969,"D 0731 +12V supply measured 12.13V, passes.",D0731,POWER_RAIL_12V,PASS
LOG00970,"d-6034 - thermal reading after burn-in 3.5c, shift b.",D6034,THERMAL,FAIL
LOG00971,Unit board C9645: VDD_12V rail reading 13.10V (fails).,C9645,POWER_RAIL_12V,FAIL
LOG00972,"Checked VDD_12V rail on A-6615, 12.84V (fails).",A6615,POWER_RAIL_12V,FAIL
LOG00973,"A 5041 12V rail: 11.93 V, within spec.",A5041,POWER_RAIL_12V,PASS
LOG00974,"Checked CH2 signal check on A7445, 3.85Vpp, unit was reworked yesterday.",A7445,SIGNAL_INTEGRITY,FAIL
LOG00975,A-1476 current draw at idle: 134.92 mA (all good).,A1476,CURRENT_DRAW,PASS
LOG00976,Unit unit A9703: VDD_3V3 rail reading 3.13V — nominal.,A9703,POWER_RAIL_3V3,PASS
LOG00977,"C-7437 J4 continuity measured 7.64Ohm, out of spec.",C7437,CONTINUITY,FAIL
LOG00978,D 0125 RESET continuity measured 4.25Ohm.,D0125,CONTINUITY,PASS
LOG00979,board A2844 quiescent current measured 118.05mA.,A2844,CURRENT_DRAW,PASS
LOG00980,"unit B6718 - +12V supply 12.36V, second attempt.",B6718,POWER_RAIL_12V,PASS
LOG00981,unit A7068 eye height CH4 measured 3.34Vpp.,A7068,SIGNAL_INTEGRITY,PASS
LOG00982,unit D4149 - case temp 20.4C (within spec).,D4149,THERMAL,PASS
LOG00983,"D-1196 - J7 continuity 5.00Ohm — looks good, retest after rework.",D1196,CONTINUITY,PASS
LOG00984,Unit C-5764: resistance check RESET reading 2.36Ohm.,C5764,CONTINUITY,PASS
LOG00985,"D 3126 - 12V rail 11.46V (within spec), customer return unit.",D3126,POWER_RAIL_12V,PASS
LOG00986,C 3647 board temp after 10min soak measured 43.4C.,C3647,THERMAL,PASS
LOG00987,"Checked resistance check J12 on D 7957, 7.95Ohm, flagged for rework, unit was reworked yesterday.",D7957,CONTINUITY,FAIL
LOG00988,"board D8801 - current draw at idle 68.54mA, second attempt.",D8801,CURRENT_DRAW,PASS
LOG00989,unit B6551 thermal reading after burn-in measured 24.9C.,B6551,THERMAL,PASS
LOG00990,Unit A-3426: +3.3V rail reading 3.95V.,A3426,POWER_RAIL_3V3,FAIL
LOG00991,"Checked case temp on unit C4522, 41.9C, per ECO-114.",C4522,THERMAL,PASS
LOG00992,"Checked scope reading CH2 on board C7641, 3.72Vpp (doesn't look right), unit was reworked yesterday.",C7641,SIGNAL_INTEGRITY,FAIL
LOG00993,d 9419 3.3v rail measured 2.74v (bad reading).,D9419,POWER_RAIL_3V3,FAIL
LOG00994,Unit unit D0342: 12v power check reading 13.02V.,D0342,POWER_RAIL_12V,FAIL
LOG00995,board a5031 eye height ch2: 3.23 vpp — all good.,A5031,SIGNAL_INTEGRITY,PASS
LOG00996,C 7935 +12V supply measured 12.60V (good reading).,C7935,POWER_RAIL_12V,PASS
LOG00997,Unit unit D6947: case temp reading 35.4C.,D6947,THERMAL,PASS
LOG00998,D4042 CH3 signal check measured 3.05Vpp.,D4042,SIGNAL_INTEGRITY,PASS
LOG00999,"Checked VDD_5V rail on unit D0182, 4.99V, checks out, retest after rework.",D0182,POWER_RAIL_5V,PASS
LOG01000,Unit unit C5148: +12V supply reading 12.17V (passes).,C5148,POWER_RAIL_12V,PASS
LOG01001,"Unit unit A1628: current draw at idle reading 77.40mA, all good.",A1628,CURRENT_DRAW,PASS
LOG01002,Unit unit B0371: J12 continuity reading 0.00Ohm.,B0371,CONTINUITY,PASS
LOG01003,"Checked VDD_12V rail on board A0188, 12.29V — looks good.",A0188,POWER_RAIL_12V,PASS
LOG01004,"Checked VDD_3V3 rail on unit B3141, 3.29V, passes, unit was reworked yesterday.",B3141,POWER_RAIL_3V3,PASS
LOG01005,unit board c3565: current draw at idle reading 55.11ma.,C3565,CURRENT_DRAW,PASS
LOG01006,unit B2999 CH2 signal check measured 2.92Vpp (within spec).,B2999,SIGNAL_INTEGRITY,PASS
LOG01007,"Checked 5v power check on unit D4552, 4.96V, retest after rework.",D4552,POWER_RAIL_5V,PASS
LOG01008,D 2050 current draw at idle measured 72.65mA — nominal.,D2050,CURRENT_DRAW,PASS
LOG01009,"B 0018 - VDD_5V rail 4.93V — all good, customer return unit.",B0018,POWER_RAIL_5V,PASS
LOG01010,unit C3850 idle current draw: 105.17 mA — looks good.,C3850,CURRENT_DRAW,PASS
LOG01011,"Checked thermal reading after burn-in on board D5363, 42.2C (nominal), line 2.",D5363,THERMAL,PASS
LOG01012,a2509 current draw at idle: 36.07 ma.,A2509,CURRENT_DRAW,FAIL
LOG01013,unit B6859 3.3V rail: 3.37 V.,B6859,POWER_RAIL_3V3,PASS
LOG01014,A8202 3.3v power check: 3.39 V — checks out.,A8202,POWER_RAIL_3V3,PASS
LOG01015,Unit D 6371: idle current draw reading 101.30mA — OK.,D6371,CURRENT_DRAW,PASS
LOG01016,"Checked 5V rail on A2182, 5.12V (nominal), retest after rework.",A2182,POWER_RAIL_5V,PASS
LOG01017,board B3223 case temp measured 40.1C.,B3223,THERMAL,PASS
LOG01018,"A 0375 +12V supply: 11.83 V, nominal.",A0375,POWER_RAIL_12V,PASS
LOG01019,b 4568 current draw at idle: 110.80 ma.,B4568,CURRENT_DRAW,PASS
LOG01020,board B4719 3v3 supply: 3.06 V.,B4719,POWER_RAIL_3V3,FAIL
LOG01021,"checked ch3 signal check on c-7768, 2.83vpp, within spec, unit was reworked yesterday.",C7768,SIGNAL_INTEGRITY,PASS
LOG01022,"board a0114 - 5v rail 5.43v, shift b.",A0114,POWER_RAIL_5V,FAIL
LOG01023,"B-4244 - cont check J7 3.46Ohm, OK, retest after rework.",B4244,CONTINUITY,PASS
LOG01024,Unit A-1750: board temp after 10min soak reading 30.1C.,A1750,THERMAL,PASS
LOG01025,"Unit B 1950: signal amplitude CH4 reading 3.13Vpp, looks good.",B1950,SIGNAL_INTEGRITY,PASS
LOG01026,unit B9253 J4 continuity measured 6.64Ohm (failed).,B9253,CONTINUITY,FAIL
LOG01027,"Checked +5V supply on D7631, 5.25V, good reading, after reflow.",D7631,POWER_RAIL_5V,PASS
LOG01028,"Checked 12v power check on board A7312, 12.11V, retest after rework.",A7312,POWER_RAIL_12V,PASS
LOG01029,unit B4139 case temp measured 70.7C.,B4139,THERMAL,FAIL
LOG01030,B2179 5V rail: 4.96 V.,B2179,POWER_RAIL_5V,PASS
LOG01031,unit a7979 vdd_5v rail measured 4.93v.,A7979,POWER_RAIL_5V,PASS
LOG01032,Unit board D0814: 5v power check reading 5.00V — all good.,D0814,POWER_RAIL_5V,PASS
LOG01033,Unit C9582: quiescent current reading 111.73mA.,C9582,CURRENT_DRAW,PASS
LOG01034,"unit C8029 - 3.3V rail 3.19V, customer return unit.",C8029,POWER_RAIL_3V3,PASS
LOG01035,"Checked signal amplitude CH1 on C-6002, 3.03Vpp (within spec), customer return unit.",C6002,SIGNAL_INTEGRITY,PASS
LOG01036,A-7885 VDD_3V3 rail: 3.49 V.,A7885,POWER_RAIL_3V3,FAIL
LOG01037,"Checked 12V rail on unit C5224, 12.87V, per ECO-114.",C5224,POWER_RAIL_12V,FAIL
LOG01038,"Checked standby current on unit D7378, 96.28mA, after reflow.",D7378,CURRENT_DRAW,PASS
LOG01039,"A 6612 resistance check CLK measured 5.43Ohm, no good.",A6612,CONTINUITY,FAIL
LOG01040,Unit C0184: +5V supply reading 5.15V (within spec).,C0184,POWER_RAIL_5V,PASS
LOG01041,Unit A-9765: scope reading CH2 reading 4.01Vpp (failed).,A9765,SIGNAL_INTEGRITY,FAIL
LOG01042,"d-2532 - continuity on j12 7.88ohm (doesn't look right), unit was reworked yesterday.",D2532,CONTINUITY,FAIL
LOG01043,"D 4062 - board temp after 10min soak 33.9C, per ECO-114.",D4062,THERMAL,PASS
LOG01044,Unit unit A9779: 5v power check reading 4.58V.,A9779,POWER_RAIL_5V,FAIL
LOG01045,a0246 cont check j12: 6.99 ohm — out of spec.,A0246,CONTINUITY,FAIL
LOG01046,"A2447 scope reading CH3: 3.99 Vpp, failed.",A2447,SIGNAL_INTEGRITY,FAIL
LOG01047,Unit board A7838: +12V supply reading 11.95V.,A7838,POWER_RAIL_12V,PASS
LOG01048,"Checked 3v3 supply on D-8503, 3.17V (passes), retest after rework.",D8503,POWER_RAIL_3V3,PASS
LOG01049,unit A8675 resistance check CLK measured 1.83Ohm — OK.,A8675,CONTINUITY,PASS
LOG01050,"unit unit c9628: +12v supply reading 12.48v, good reading.",C9628,POWER_RAIL_12V,PASS
LOG01051,d-9409 resistance check reset measured 7.89ohm (bad reading).,D9409,CONTINUITY,FAIL
LOG01052,"A9439 - +12V supply 13.12V, line 2.",A9439,POWER_RAIL_12V,FAIL
LOG01053,"checked +5v supply on board a9697, 4.79v (within spec), per eco-114.",A9697,POWER_RAIL_5V,PASS
LOG01054,board C2720 thermal soak reading measured 37.5C.,C2720,THERMAL,PASS
LOG01055,D 5343 VDD_5V rail measured 4.95V (checks out).,D5343,POWER_RAIL_5V,PASS
LOG01056,"board A7212 - CH3 signal check 3.23Vpp, unit was reworked yesterday.",A7212,SIGNAL_INTEGRITY,PASS
LOG01057,D-5025 idle current draw measured 51.65mA.,D5025,CURRENT_DRAW,PASS
LOG01058,D3654 +12V supply: 12.05 V.,D3654,POWER_RAIL_12V,PASS
LOG01059,"checked +3.3v rail on d-1434, 3.16v, looks good, after reflow.",D1434,POWER_RAIL_3V3,PASS
LOG01060,board C0322 board temp after 10min soak: 42.0 C.,C0322,THERMAL,PASS
LOG01061,Unit board D6231: 5v power check reading 5.46V.,D6231,POWER_RAIL_5V,FAIL
LOG01062,a-5240 standby current measured 149.25ma.,A5240,CURRENT_DRAW,PASS
LOG01063,b 3147 12v power check: 10.75 v — reject.,B3147,POWER_RAIL_12V,FAIL
LOG01064,Unit board C3648: 12v power check reading 11.96V — looks good.,C3648,POWER_RAIL_12V,PASS
LOG01065,D 3866 resistance check J12: 0.00 Ohm.,D3866,CONTINUITY,PASS
LOG01066,"unit C4398 - resistance check EN_LINE 5.34Ohm, line 2.",C4398,CONTINUITY,FAIL
LOG01067,"Checked 12V rail on A 3301, 11.61V, retest after rework.",A3301,POWER_RAIL_12V,PASS
LOG01068,"checked 5v rail on a 7413, 4.84v, retest after rework.",A7413,POWER_RAIL_5V,PASS
LOG01069,"B8532 - standby current 140.95mA — looks good, after reflow.",B8532,CURRENT_DRAW,PASS
LOG01070,Unit D6621: 5v power check reading 4.89V — checks out.,D6621,POWER_RAIL_5V,PASS
LOG01071,"Checked CH3 signal check on unit B2694, 3.08Vpp, within spec, customer return unit.",B2694,SIGNAL_INTEGRITY,PASS
LOG01072,"Checked current draw at idle on unit C3130, 124.92mA — checks out, retest after rework.",C3130,CURRENT_DRAW,PASS
LOG01073,"Checked resistance check J12 on A1552, 4.77Ohm, unit was reworked yesterday.",A1552,CONTINUITY,PASS
LOG01074,Unit board B9584: board temp after 10min soak reading 1.7C.,B9584,THERMAL,FAIL
LOG01075,A0344 3.3V rail: 2.83 V.,A0344,POWER_RAIL_3V3,FAIL
LOG01076,board A9439 thermal reading after burn-in measured 30.7C.,A9439,THERMAL,PASS
LOG01077,"A2174 cont check RESET: 4.39 Ohm, OK.",A2174,CONTINUITY,PASS
LOG01078,D-2898 3.3V rail measured 3.13V (nominal).,D2898,POWER_RAIL_3V3,PASS
LOG01079,D 6121 thermal reading after burn-in measured 42.5C — OK.,D6121,THERMAL,PASS
LOG01080,"Unit unit A9627: 12V rail reading 11.97V, all good.",A9627,POWER_RAIL_12V,PASS
LOG01081,"Checked 3.3v power check on C-9838, 3.33V, line 2.",C9838,POWER_RAIL_3V3,PASS
LOG01082,Unit D-1170: 12v power check reading 11.40V (nominal).,D1170,POWER_RAIL_12V,PASS
LOG01083,"C 4990 - 5V rail 4.91V, per ECO-114.",C4990,POWER_RAIL_5V,PASS
LOG01084,"checked 3.3v rail on a-2540, 3.68v.",A2540,POWER_RAIL_3V3,FAIL
LOG01085,"Checked VDD_12V rail on unit D7439, 12.03V, after reflow.",D7439,POWER_RAIL_12V,PASS
LOG01086,board D0053 VDD_3V3 rail measured 3.44V (good reading).,D0053,POWER_RAIL_3V3,PASS
LOG01087,Unit board C7926: eye height CH4 reading 3.06Vpp.,C7926,SIGNAL_INTEGRITY,PASS
LOG01088,Unit unit A2954: +12V supply reading 13.29V — no good.,A2954,POWER_RAIL_12V,FAIL
LOG01089,"Checked continuity on RESET on unit B1704, 4.97Ohm (passes).",B1704,CONTINUITY,PASS
LOG01090,"Checked +5V supply on A-2702, 5.01V, checks out, second attempt.",A2702,POWER_RAIL_5V,PASS
LOG01091,board a4697 case temp: 28.3 c.,A4697,THERMAL,PASS
LOG01092,Unit D0186: signal amplitude CH1 reading 3.92Vpp.,D0186,SIGNAL_INTEGRITY,FAIL
LOG01093,"D0505 - continuity on J4 6.56Ohm (flagged for rework), after reflow.",D0505,CONTINUITY,FAIL
LOG01094,"Checked 5V rail on board A8020, 4.93V, within spec, retest after rework.",A8020,POWER_RAIL_5V,PASS
LOG01095,"unit B7880 3v3 supply measured 3.25V, good reading.",B7880,POWER_RAIL_3V3,PASS
LOG01096,board D9226 - resistance check CLK 6.19Ohm — out of spec.,D9226,CONTINUITY,FAIL
LOG01097,"D1276 - 5V rail 4.36V, customer return unit.",D1276,POWER_RAIL_5V,FAIL
LOG01098,"checked 3.3v rail on unit b5205, 3.34v, checks out, after reflow.",B5205,POWER_RAIL_3V3,PASS
LOG01099,"checked standby current on unit b1623, 111.14ma — passes, shift b.",B1623,CURRENT_DRAW,PASS
LOG01100,Unit board B2002: 12v power check reading 12.20V.,B2002,POWER_RAIL_12V,PASS
LOG01101,C 4282 current draw at idle measured 89.20mA — OK.,C4282,CURRENT_DRAW,PASS
LOG01102,"board D0698 - +12V supply 12.36V, looks good, shift B.",D0698,POWER_RAIL_12V,PASS
LOG01103,board B0389 VDD_3V3 rail measured 3.85V.,B0389,POWER_RAIL_3V3,FAIL
LOG01104,"C9987 - thermal reading after burn-in 48.4C — within spec, unit was reworked yesterday.",C9987,THERMAL,PASS
LOG01105,unit B8682 idle current draw: 16.70 mA.,B8682,CURRENT_DRAW,FAIL
LOG01106,A-7413 3.3v power check: 3.58 V.,A7413,POWER_RAIL_3V3,FAIL
LOG01107,"checked standby current on c 4288, 82.56ma — ok, shift b.",C4288,CURRENT_DRAW,PASS
LOG01108,"Checked cont check CLK on board C3422, 7.03Ohm, reject, unit was reworked yesterday.",C3422,CONTINUITY,FAIL
LOG01109,"Unit B9758: continuity on RESET reading 6.70Ohm, flagged for rework.",B9758,CONTINUITY,FAIL
LOG01110,"A-6886 - case temp 31.0C — OK, per ECO-114.",A6886,THERMAL,PASS
LOG01111,board D5364 current draw at idle measured 88.54mA — within spec.,D5364,CURRENT_DRAW,PASS
LOG01112,Unit B2826: current draw at idle reading 67.80mA — nominal.,B2826,CURRENT_DRAW,PASS
LOG01113,Unit B0665: 12V rail reading 13.01V (failed).,B0665,POWER_RAIL_12V,FAIL
LOG01114,"Checked standby current on A-1572, 93.49mA — checks out, unit was reworked yesterday.",A1572,CURRENT_DRAW,PASS
LOG01115,"Checked case temp on A1567, 25.1C — nominal.",A1567,THERMAL,PASS
LOG01116,"Checked cont check J4 on D 9661, 0.52Ohm, shift B.",D9661,CONTINUITY,PASS
LOG01117,"board a9564 - ch2 signal check 3.16vpp — checks out, unit was reworked yesterday.",A9564,SIGNAL_INTEGRITY,PASS
LOG01118,"Checked case temp on board C1079, 25.1C (all good), per ECO-114.",C1079,THERMAL,PASS
LOG01119,A 4552 +5V supply measured 5.00V — OK.,A4552,POWER_RAIL_5V,PASS
LOG01120,Unit B 1758: case temp reading 47.8C.,B1758,THERMAL,PASS
LOG01121,A 8172 standby current measured 156.75mA — flagged for rework.,A8172,CURRENT_DRAW,FAIL
LOG01122,Unit A 6390: VDD_3V3 rail reading 3.37V (looks good).,A6390,POWER_RAIL_3V3,PASS
LOG01123,unit A8728 +12V supply measured 10.69V — flagged for rework.,A8728,POWER_RAIL_12V,FAIL
LOG01124,d-9191 5v rail measured 5.35v.,D9191,POWER_RAIL_5V,FAIL
LOG01125,unit a 1705: 3.3v power check reading 3.32v.,A1705,POWER_RAIL_3V3,PASS
LOG01126,D 5567 3v3 supply measured 3.27V.,D5567,POWER_RAIL_3V3,PASS
LOG01127,"board a2624 thermal reading after burn-in measured 34.4c, passes.",A2624,THERMAL,PASS
LOG01128,unit A0635 thermal reading after burn-in: 20.0 C.,A0635,THERMAL,PASS
LOG01129,B9983 +3.3V rail measured 3.28V.,B9983,POWER_RAIL_3V3,PASS
LOG01130,"board D3459 current draw at idle measured 107.03mA, within spec.",D3459,CURRENT_DRAW,PASS
LOG01131,"Checked current draw at idle on B 4415, 110.80mA — checks out, retest after rework.",B4415,CURRENT_DRAW,PASS
LOG01132,"B0517 - quiescent current 150.00mA — OK, second attempt.",B0517,CURRENT_DRAW,PASS
LOG01133,board A7482 VDD_3V3 rail measured 3.84V.,A7482,POWER_RAIL_3V3,FAIL
LOG01134,"board C9686 12V rail measured 11.80V, nominal.",C9686,POWER_RAIL_12V,PASS
LOG01135,board D8284 case temp: 42.0 C (checks out).,D8284,THERMAL,PASS
LOG01136,A2002 quiescent current: 99.76 mA.,A2002,CURRENT_DRAW,PASS
LOG01137,"Unit C 0779: resistance check EN_LINE reading 7.50Ohm, flagged for rework.",C0779,CONTINUITY,FAIL
LOG01138,unit B2668 board temp after 10min soak: 4.0 C.,B2668,THERMAL,FAIL
LOG01139,"Checked idle current draw on A 4020, 184.39mA, customer return unit.",A4020,CURRENT_DRAW,FAIL
LOG01140,"unit B9348 - 3.3v power check 3.27V (within spec), after reflow.",B9348,POWER_RAIL_3V3,PASS
LOG01141,A4479 signal amplitude CH3: 3.16 Vpp.,A4479,SIGNAL_INTEGRITY,PASS
LOG01142,A-1531 continuity on CLK measured 1.56Ohm — looks good.,A1531,CONTINUITY,PASS
LOG01143,board C9241 VDD_5V rail: 5.02 V.,C9241,POWER_RAIL_5V,PASS
LOG01144,D-2397 3.3v power check measured 2.88V — no good.,D2397,POWER_RAIL_3V3,FAIL
LOG01145,"Checked CH2 signal check on unit B6058, 2.80Vpp, nominal, shift B.",B6058,SIGNAL_INTEGRITY,PASS
LOG01146,B1762 idle current draw measured 130.98mA.,B1762,CURRENT_DRAW,PASS
LOG01147,"Checked VDD_12V rail on C-4590, 12.03V, shift B.",C4590,POWER_RAIL_12V,PASS
LOG01148,unit board b8380: signal amplitude ch4 reading 3.15vpp.,B8380,SIGNAL_INTEGRITY,PASS
LOG01149,d7495 12v power check: 11.65 v — ok.,D7495,POWER_RAIL_12V,PASS
LOG01150,"C 0587 - VDD_3V3 rail 3.23V, OK, per ECO-114.",C0587,POWER_RAIL_3V3,PASS
LOG01151,"Checked 3.3V rail on B7776, 3.74V, failed, unit was reworked yesterday.",B7776,POWER_RAIL_3V3,FAIL
LOG01152,"A-7247 - 12V rail 11.86V, OK, second attempt.",A7247,POWER_RAIL_12V,PASS
LOG01153,"unit B0351 12V rail measured 11.26V, failed.",B0351,POWER_RAIL_12V,FAIL
LOG01154,Unit board A5401: idle current draw reading 117.98mA.,A5401,CURRENT_DRAW,PASS
LOG01155,"board B7677 +5V supply measured 4.52V, fails.",B7677,POWER_RAIL_5V,FAIL
LOG01156,A-5961 12v power check: 11.99 V.,A5961,POWER_RAIL_12V,PASS
LOG01157,"unit B0464 - standby current 98.81mA, good reading, per ECO-114.",B0464,CURRENT_DRAW,PASS
LOG01158,"A4139 - +5V supply 5.68V — doesn't look right, unit was reworked yesterday.",A4139,POWER_RAIL_5V,FAIL
LOG01159,D 6394 idle current draw: 117.36 mA.,D6394,CURRENT_DRAW,PASS
LOG01160,"board B4112 - VDD_12V rail 11.97V, within spec, after reflow.",B4112,POWER_RAIL_12V,PASS
LOG01161,a5003 3.3v rail: 3.32 v — nominal.,A5003,POWER_RAIL_3V3,PASS
LOG01162,B3306 standby current: 89.91 mA.,B3306,CURRENT_DRAW,PASS
LOG01163,Unit B3576: CH3 signal check reading 2.86Vpp.,B3576,SIGNAL_INTEGRITY,PASS
LOG01164,"Checked 12V rail on B-3458, 12.08V, customer return unit.",B3458,POWER_RAIL_12V,PASS
LOG01165,A0061 scope reading CH3: 3.87 Vpp.,A0061,SIGNAL_INTEGRITY,FAIL
LOG01166,"Checked standby current on D-3460, 167.40mA, line 2.",D3460,CURRENT_DRAW,FAIL
LOG01167,"unit C3188 case temp: 41.7 C, passes.",C3188,THERMAL,PASS
LOG01168,"Checked standby current on B 2924, 52.20mA, checks out, second attempt.",B2924,CURRENT_DRAW,PASS
LOG01169,"Checked resistance check J7 on board A9716, 5.00Ohm, good reading, line 2.",A9716,CONTINUITY,PASS
LOG01170,"Checked 3v3 supply on A8777, 3.35V — looks good, per ECO-114.",A8777,POWER_RAIL_3V3,PASS
LOG01171,"Checked thermal reading after burn-in on D 3056, 45.8C (looks good), unit was reworked yesterday.",D3056,THERMAL,PASS
LOG01172,"C-9943 - VDD_5V rail 5.01V (nominal), shift B.",C9943,POWER_RAIL_5V,PASS
LOG01173,"checked 5v power check on a 2417, 4.82v — within spec.",A2417,POWER_RAIL_5V,PASS
LOG01174,D1796 +3.3V rail measured 3.46V.,D1796,POWER_RAIL_3V3,PASS
LOG01175,"Checked thermal reading after burn-in on board B5152, 20.0C, after reflow.",B5152,THERMAL,PASS
LOG01176,unit B5983 3.3v power check: 3.44 V.,B5983,POWER_RAIL_3V3,PASS
LOG01177,"B-4911 board temp after 10min soak: 42.5 C, within spec.",B4911,THERMAL,PASS
LOG01178,"B4809 - resistance check CLK 0.00Ohm, second attempt.",B4809,CONTINUITY,PASS
LOG01179,"a-9793 - 3.3v rail 3.32v (all good), after reflow.",A9793,POWER_RAIL_3V3,PASS
LOG01180,board A5536 +3.3V rail: 2.81 V (fails).,A5536,POWER_RAIL_3V3,FAIL
LOG01181,"Checked 5V rail on A9256, 4.66V, second attempt.",A9256,POWER_RAIL_5V,FAIL
LOG01182,"Checked VDD_12V rail on unit D5356, 10.68V, shift B.",D5356,POWER_RAIL_12V,FAIL
LOG01183,B6587 cont check J12: 0.20 Ohm — OK.,B6587,CONTINUITY,PASS
LOG01184,unit b6903 quiescent current measured 92.35ma.,B6903,CURRENT_DRAW,PASS
LOG01185,Unit B 0939: quiescent current reading 203.60mA.,B0939,CURRENT_DRAW,FAIL
LOG01186,Unit A-2206: thermal reading after burn-in reading 33.3C (passes).,A2206,THERMAL,PASS
LOG01187,"A5636 - resistance check J12 6.78Ohm, retest after rework.",A5636,CONTINUITY,FAIL
LOG01188,board A5466 thermal soak reading measured 72.3C.,A5466,THERMAL,FAIL
LOG01189,c6339 j12 continuity: 2.80 ohm.,C6339,CONTINUITY,PASS
LOG01190,"Checked standby current on D 7710, 135.76mA, unit was reworked yesterday.",D7710,CURRENT_DRAW,PASS
LOG01191,B-3432 CH2 signal check measured 3.81Vpp (doesn't look right).,B3432,SIGNAL_INTEGRITY,FAIL
LOG01192,D-4426 thermal soak reading measured 22.2C — within spec.,D4426,THERMAL,PASS
LOG01193,board A9501 3.3V rail measured 3.31V (checks out).,A9501,POWER_RAIL_3V3,PASS
LOG01194,board d3133 thermal soak reading: 48.0 c.,D3133,THERMAL,PASS
LOG01195,"C-5185 - VDD_3V3 rail 3.05V — out of spec, retest after rework.",C5185,POWER_RAIL_3V3,FAIL
LOG01196,"B-4431 - 3v3 supply 2.95V — doesn't look right, unit was reworked yesterday.",B4431,POWER_RAIL_3V3,FAIL
LOG01197,B 3750 12v power check: 12.43 V (good reading).,B3750,POWER_RAIL_12V,PASS
LOG01198,Unit D-9581: standby current reading 98.72mA.,D9581,CURRENT_DRAW,PASS
LOG01199,"Checked 5v power check on B 2681, 4.86V, customer return unit.",B2681,POWER_RAIL_5V,PASS
LOG01200,"a 6924 +5v supply measured 5.15v, within spec.",A6924,POWER_RAIL_5V,PASS
LOG01201,"Checked standby current on D-0004, 50.62mA (all good).",D0004,CURRENT_DRAW,PASS
LOG01202,Unit board C6387: signal amplitude CH3 reading 2.54Vpp.,C6387,SIGNAL_INTEGRITY,FAIL
LOG01203,Unit B8657: 3.3V rail reading 3.24V.,B8657,POWER_RAIL_3V3,PASS
LOG01204,A 6984 CLK continuity: 3.84 Ohm.,A6984,CONTINUITY,PASS
LOG01205,Unit B0632: board temp after 10min soak reading 58.2C (reject).,B0632,THERMAL,FAIL
LOG01206,Unit D0719: current draw at idle reading 71.57mA (all good).,D0719,CURRENT_DRAW,PASS
LOG01207,unit C7855 3.3V rail: 3.14 V — good reading.,C7855,POWER_RAIL_3V3,PASS
LOG01208,"D-1748 - 3v3 supply 2.78V, retest after rework.",D1748,POWER_RAIL_3V3,FAIL
LOG01209,"Unit unit A2433: +12V supply reading 12.70V, out of spec.",A2433,POWER_RAIL_12V,FAIL
LOG01210,a-2961 board temp after 10min soak measured 68.4c — failed.,A2961,THERMAL,FAIL
LOG01211,Unit board A8441: cont check CLK reading 7.10Ohm.,A8441,CONTINUITY,FAIL
LOG01212,unit a3052: vdd_5v rail reading 4.67v.,A3052,POWER_RAIL_5V,FAIL
LOG01213,"C 2744 - J7 continuity 6.42Ohm, second attempt.",C2744,CONTINUITY,FAIL
LOG01214,C4263 idle current draw measured 182.93mA.,C4263,CURRENT_DRAW,FAIL
LOG01215,"A7123 VDD_3V3 rail: 3.13 V, within spec.",A7123,POWER_RAIL_3V3,PASS
LOG01216,Unit D 8096: current draw at idle reading 84.19mA (looks good).,D8096,CURRENT_DRAW,PASS
LOG01217,"Checked 5V rail on board C5556, 4.32V (fails), line 2.",C5556,POWER_RAIL_5V,FAIL
LOG01218,B7669 3.3V rail: 3.95 V.,B7669,POWER_RAIL_3V3,FAIL
LOG01219,Unit B 8284: scope reading CH2 reading 3.60Vpp (passes).,B8284,SIGNAL_INTEGRITY,PASS
LOG01220,unit A6741 resistance check CLK: 3.08 Ohm.,A6741,CONTINUITY,PASS
LOG01221,unit d-7921: +5v supply reading 4.81v (looks good).,D7921,POWER_RAIL_5V,PASS
LOG01222,board a8908 - cont check j7 0.00ohm.,A8908,CONTINUITY,PASS
LOG01223,"Checked continuity on J7 on unit C9043, 2.77Ohm, after reflow.",C9043,CONTINUITY,PASS
LOG01224,"Checked board temp after 10min soak on unit A8566, 30.6C, shift B.",A8566,THERMAL,PASS
LOG01225,board C9002 case temp measured 40.3C.,C9002,THERMAL,PASS
LOG01226,board C9999 standby current measured 73.04mA (passes).,C9999,CURRENT_DRAW,PASS
LOG01227,board D4714 3.3V rail measured 3.23V (nominal).,D4714,POWER_RAIL_3V3,PASS
LOG01228,"b 4383 3.3v power check: 3.40 v, good reading.",B4383,POWER_RAIL_3V3,PASS
LOG01229,Unit board A4943: board temp after 10min soak reading 33.7C.,A4943,THERMAL,PASS
LOG01230,d-5437 - cont check clk 1.68ohm.,D5437,CONTINUITY,PASS
LOG01231,Unit D-9179: thermal soak reading reading 29.6C — checks out.,D9179,THERMAL,PASS
LOG01232,"checked 5v power check on board d3960, 5.36v, per eco-114.",D3960,POWER_RAIL_5V,FAIL
LOG01233,Unit C-0957: cont check RESET reading 1.18Ohm — OK.,C0957,CONTINUITY,PASS
LOG01234,d 4912 3.3v power check measured 3.09v (failed).,D4912,POWER_RAIL_3V3,FAIL
LOG01235,"Checked idle current draw on D6351, 169.38mA (bad reading), customer return unit.",D6351,CURRENT_DRAW,FAIL
LOG01236,"unit B7814 - thermal reading after burn-in 0.9C (fails), shift B.",B7814,THERMAL,FAIL
LOG01237,unit d6165 ch2 signal check: 3.03 vpp.,D6165,SIGNAL_INTEGRITY,PASS
LOG01238,a1627 +3.3v rail measured 3.86v.,A1627,POWER_RAIL_3V3,FAIL
LOG01239,"Checked 12V rail on unit C2874, 12.60V, after reflow.",C2874,POWER_RAIL_12V,PASS
LOG01240,D6524 continuity on J4: 1.68 Ohm (OK).,D6524,CONTINUITY,PASS
LOG01241,A-6899 VDD_12V rail: 12.28 V (all good).,A6899,POWER_RAIL_12V,PASS
LOG01242,"A 2926 signal amplitude CH3: 2.37 Vpp, flagged for rework.",A2926,SIGNAL_INTEGRITY,FAIL
LOG01243,unit D5796 5v power check measured 4.98V (looks good).,D5796,POWER_RAIL_5V,PASS
LOG01244,board C1920 eye height CH4: 3.35 Vpp (within spec).,C1920,SIGNAL_INTEGRITY,PASS
LOG01245,"Checked +12V supply on C-4233, 11.88V, line 2.",C4233,POWER_RAIL_12V,PASS
LOG01246,board B2239 +12V supply measured 11.81V (passes).,B2239,POWER_RAIL_12V,PASS
LOG01247,"unit C1389 resistance check J7: 0.54 Ohm, good reading.",C1389,CONTINUITY,PASS
LOG01248,"Checked 12V rail on B4725, 11.42V, second attempt.",B4725,POWER_RAIL_12V,PASS
LOG01249,D-4964 VDD_12V rail: 11.26 V.,D4964,POWER_RAIL_12V,FAIL
LOG01250,"A 1419 - eye height CH1 3.21Vpp — nominal, per ECO-114.",A1419,SIGNAL_INTEGRITY,PASS
LOG01251,unit c 9076: current draw at idle reading 117.72ma (within spec).,C9076,CURRENT_DRAW,PASS
LOG01252,d-9613 12v rail measured 11.85v.,D9613,POWER_RAIL_12V,PASS
LOG01253,"Checked thermal soak reading on board D3093, 67.3C, unit was reworked yesterday.",D3093,THERMAL,FAIL
LOG01254,"unit C5112 - continuity on J7 0.30Ohm (passes), customer return unit.",C5112,CONTINUITY,PASS
LOG01255,"board a8647 - resistance check reset 2.92ohm, second attempt.",A8647,CONTINUITY,PASS
LOG01256,"Checked VDD_12V rail on board C9511, 12.81V — out of spec, second attempt.",C9511,POWER_RAIL_12V,FAIL
LOG01257,B9488 +3.3V rail measured 2.75V (out of spec).,B9488,POWER_RAIL_3V3,FAIL
LOG01258,"Checked thermal reading after burn-in on board B9555, 73.1C (no good), unit was reworked yesterday.",B9555,THERMAL,FAIL
LOG01259,"board A0692 - continuity on CLK 6.65Ohm, second attempt.",A0692,CONTINUITY,FAIL
LOG01260,board A7642 cont check RESET measured 7.58Ohm (fails).,A7642,CONTINUITY,FAIL
LOG01261,Unit B6775: RESET continuity reading 3.14Ohm (all good).,B6775,CONTINUITY,PASS
LOG01262,A-0175 thermal soak reading measured 35.0C — all good.,A0175,THERMAL,PASS
LOG01263,"board d0756 - continuity on en_line 7.23ohm, line 2.",D0756,CONTINUITY,FAIL
LOG01264,"Checked 12V rail on C-3972, 11.03V, fails, retest after rework.",C3972,POWER_RAIL_12V,FAIL
LOG01265,"unit D7728 - current draw at idle 86.03mA (nominal), per ECO-114.",D7728,CURRENT_DRAW,PASS
LOG01266,"B5513 - +3.3V rail 3.36V, line 2.",B5513,POWER_RAIL_3V3,PASS
LOG01267,D-6861 signal amplitude CH1 measured 3.73Vpp.,D6861,SIGNAL_INTEGRITY,FAIL
LOG01268,"a-7961 - 12v rail 12.05v, within spec, unit was reworked yesterday.",A7961,POWER_RAIL_12V,PASS
LOG01269,"B 2055 3.3v power check: 2.76 V, flagged for rework.",B2055,POWER_RAIL_3V3,FAIL
LOG01270,unit A0302 5V rail: 5.34 V.,A0302,POWER_RAIL_5V,FAIL
LOG01271,"D7860 quiescent current measured 71.99mA, checks out.",D7860,CURRENT_DRAW,PASS
LOG01272,Unit B 5500: +3.3V rail reading 3.35V — nominal.,B5500,POWER_RAIL_3V3,PASS
LOG01273,"board B0384 thermal soak reading measured 31.9C, looks good.",B0384,THERMAL,PASS
LOG01274,"Checked signal amplitude CH3 on D1043, 2.94Vpp — nominal, shift B.",D1043,SIGNAL_INTEGRITY,PASS
LOG01275,unit a 7603: thermal reading after burn-in reading 42.6c (within spec).,A7603,THERMAL,PASS
LOG01276,"Checked idle current draw on board B2520, 5.15mA, customer return unit.",B2520,CURRENT_DRAW,FAIL
LOG01277,Unit D 7992: eye height CH1 reading 3.67Vpp — doesn't look right.,D7992,SIGNAL_INTEGRITY,FAIL
LOG01278,"unit A6863 eye height CH3: 3.18 Vpp, all good.",A6863,SIGNAL_INTEGRITY,PASS
LOG01279,A0332 12V rail: 11.89 V.,A0332,POWER_RAIL_12V,PASS
LOG01280,a 2359 standby current measured -9.76ma — doesn't look right.,A2359,CURRENT_DRAW,FAIL
LOG01281,"Checked signal amplitude CH4 on unit B8949, 4.04Vpp — no good, retest after rework.",B8949,SIGNAL_INTEGRITY,FAIL
LOG01282,Unit A-4638: 3.3v power check reading 3.38V.,A4638,POWER_RAIL_3V3,PASS
LOG01283,A-5381 cont check RESET measured 2.95Ohm — checks out.,A5381,CONTINUITY,PASS
LOG01284,A 4026 case temp: 70.4 C.,A4026,THERMAL,FAIL
LOG01285,"Checked idle current draw on D8028, 50.00mA, good reading, second attempt.",D8028,CURRENT_DRAW,PASS
LOG01286,Unit unit B6234: CH2 signal check reading 2.91Vpp.,B6234,SIGNAL_INTEGRITY,PASS
LOG01287,C8988 thermal soak reading: 33.8 C.,C8988,THERMAL,PASS
LOG01288,D 4744 +12V supply: 12.23 V.,D4744,POWER_RAIL_12V,PASS
LOG01289,"D-0376 - thermal soak reading 52.4C, retest after rework.",D0376,THERMAL,PASS
LOG01290,Unit A-4918: CH4 signal check reading 3.90Vpp (failed).,A4918,SIGNAL_INTEGRITY,FAIL
LOG01291,"unit C9442 thermal soak reading: 39.3 C, looks good.",C9442,THERMAL,PASS
LOG01292,B 7071 quiescent current measured 110.45mA (passes).,B7071,CURRENT_DRAW,PASS
LOG01293,Unit unit B7114: 12V rail reading 11.96V (all good).,B7114,POWER_RAIL_12V,PASS
LOG01294,Unit C5332: continuity on J12 reading 6.79Ohm.,C5332,CONTINUITY,FAIL
LOG01295,Unit unit C7200: 3.3v power check reading 3.50V.,C7200,POWER_RAIL_3V3,FAIL
LOG01296,"Checked +3.3V rail on board A8840, 3.13V, per ECO-114.",A8840,POWER_RAIL_3V3,PASS
LOG01297,"D 9688 - case temp 38.2C, OK, retest after rework.",D9688,THERMAL,PASS
LOG01298,Unit unit C0204: standby current reading 5.62mA (out of spec).,C0204,CURRENT_DRAW,FAIL
LOG01299,"unit D2567 - board temp after 10min soak 24.4C — all good, line 2.",D2567,THERMAL,PASS
LOG01300,"Checked eye height CH4 on unit A2853, 2.80Vpp, unit was reworked yesterday.",A2853,SIGNAL_INTEGRITY,PASS
LOG01301,A-3649 RESET continuity measured 2.59Ohm (nominal).,A3649,CONTINUITY,PASS
LOG01302,Unit B5767: 5V rail reading 4.53V — bad reading.,B5767,POWER_RAIL_5V,FAIL
LOG01303,"Checked idle current draw on unit B7561, 95.96mA, good reading, customer return unit.",B7561,CURRENT_DRAW,PASS
LOG01304,"Checked standby current on board A2278, 106.71mA.",A2278,CURRENT_DRAW,PASS
LOG01305,"board C1732 - thermal soak reading 50.6C, unit was reworked yesterday.",C1732,THERMAL,PASS
LOG01306,D 3746 thermal reading after burn-in measured 35.2C.,D3746,THERMAL,PASS
LOG01307,A5483 CLK continuity: 4.58 Ohm.,A5483,CONTINUITY,PASS
LOG01308,"Checked 5v power check on D-0618, 5.15V (passes), after reflow.",D0618,POWER_RAIL_5V,PASS
LOG01309,D3630 +12V supply: 12.08 V.,D3630,POWER_RAIL_12V,PASS
LOG01310,C-4919 12V rail: 11.63 V — within spec.,C4919,POWER_RAIL_12V,PASS
LOG01311,"A-9748 - CH3 signal check 3.39Vpp, unit was reworked yesterday.",A9748,SIGNAL_INTEGRITY,PASS
LOG01312,"checked current draw at idle on a-2924, 143.57ma — ok, retest after rework.",A2924,CURRENT_DRAW,PASS
LOG01313,unit a6499: scope reading ch1 reading 3.11vpp (ok).,A6499,SIGNAL_INTEGRITY,PASS
LOG01314,D7636 scope reading CH2: 2.64 Vpp.,D7636,SIGNAL_INTEGRITY,FAIL
LOG01315,"Checked eye height CH1 on board C1404, 3.16Vpp, retest after rework.",C1404,SIGNAL_INTEGRITY,PASS
LOG01316,D 7956 idle current draw: 96.45 mA.,D7956,CURRENT_DRAW,PASS
LOG01317,"A 8645 - thermal reading after burn-in 27.8C (within spec), retest after rework.",A8645,THERMAL,PASS
LOG01318,"checked cont check clk on board b7793, 3.53ohm, second attempt.",B7793,CONTINUITY,PASS
LOG01319,Unit board A8869: VDD_5V rail reading 5.25V (OK).,A8869,POWER_RAIL_5V,PASS
LOG01320,"Checked 3.3V rail on unit D8119, 3.29V, unit was reworked yesterday.",D8119,POWER_RAIL_3V3,PASS
LOG01321,"unit A3634 - +12V supply 12.54V (passes), per ECO-114.",A3634,POWER_RAIL_12V,PASS
LOG01322,"Checked 12V rail on A-0965, 12.55V (good reading), second attempt.",A0965,POWER_RAIL_12V,PASS
LOG01323,board A5436 VDD_5V rail measured 4.33V.,A5436,POWER_RAIL_5V,FAIL
LOG01324,D 0785 eye height CH4 measured 3.34Vpp.,D0785,SIGNAL_INTEGRITY,PASS
LOG01325,"Checked cont check J7 on D 5287, 2.50Ohm, customer return unit.",D5287,CONTINUITY,PASS
LOG01326,"D3537 +5V supply: 5.07 V, OK.",D3537,POWER_RAIL_5V,PASS
LOG01327,Unit B 8573: 3v3 supply reading 3.32V.,B8573,POWER_RAIL_3V3,PASS
LOG01328,A-2037 5V rail measured 5.14V — good reading.,A2037,POWER_RAIL_5V,PASS
LOG01329,Unit B 4682: current draw at idle reading 131.17mA (good reading).,B4682,CURRENT_DRAW,PASS
LOG01330,"B-8348 - quiescent current 139.50mA, OK.",B8348,CURRENT_DRAW,PASS
LOG01331,C 2361 current draw at idle: 190.32 mA.,C2361,CURRENT_DRAW,FAIL
LOG01332,D 8754 signal amplitude CH4: 3.17 Vpp — all good.,D8754,SIGNAL_INTEGRITY,PASS
LOG01333,"Checked continuity on J12 on A3487, 4.32Ohm, customer return unit.",A3487,CONTINUITY,PASS
LOG01334,C1493 +12V supply measured 12.60V.,C1493,POWER_RAIL_12V,PASS
LOG01335,"D 6352 idle current draw measured 109.68mA, looks good.",D6352,CURRENT_DRAW,PASS
LOG01336,"Checked 5V rail on B-6128, 5.05V — nominal, customer return unit.",B6128,POWER_RAIL_5V,PASS
LOG01337,"unit C3118 - +3.3V rail 3.23V (all good), after reflow.",C3118,POWER_RAIL_3V3,PASS
LOG01338,B-9227 - 5V rail 5.03V (good reading).,B9227,POWER_RAIL_5V,PASS
LOG01339,"B4893 - +3.3V rail 3.35V, shift B.",B4893,POWER_RAIL_3V3,PASS
LOG01340,unit B9600 signal amplitude CH1 measured 3.19Vpp — checks out.,B9600,SIGNAL_INTEGRITY,PASS
LOG01341,B-4588 thermal soak reading measured 28.7C — good reading.,B4588,THERMAL,PASS
LOG01342,A 4159 case temp: 30.0 C.,A4159,THERMAL,PASS
LOG01343,unit B9779 standby current measured 163.17mA.,B9779,CURRENT_DRAW,FAIL
LOG01344,C-5679 idle current draw measured 78.79mA — within spec.,C5679,CURRENT_DRAW,PASS
LOG01345,board A7494 3.3v power check: 3.34 V (good reading).,A7494,POWER_RAIL_3V3,PASS
LOG01346,a8060 quiescent current: 150.00 ma.,A8060,CURRENT_DRAW,PASS
LOG01347,"Unit B7210: VDD_5V rail reading 4.71V, fails.",B7210,POWER_RAIL_5V,FAIL
LOG01348,"D-5855 - +12V supply 11.16V, bad reading, after reflow.",D5855,POWER_RAIL_12V,FAIL
LOG01349,"board c9603 scope reading ch3: 4.03 vpp, fails.",C9603,SIGNAL_INTEGRITY,FAIL
LOG01350,"Checked 5v power check on unit C4239, 4.49V (fails), after reflow.",C4239,POWER_RAIL_5V,FAIL
LOG01351,B-6851 signal amplitude CH1 measured 3.82Vpp — bad reading.,B6851,SIGNAL_INTEGRITY,FAIL
LOG01352,"Checked standby current on board D4690, 189.31mA (fails), customer return unit.",D4690,CURRENT_DRAW,FAIL
LOG01353,"unit A7366 - continuity on J12 5.89Ohm (out of spec), second attempt.",A7366,CONTINUITY,FAIL
LOG01354,"B 5333 - board temp after 10min soak 20.0C, OK.",B5333,THERMAL,PASS
LOG01355,Unit D4918: eye height CH2 reading 2.89Vpp.,D4918,SIGNAL_INTEGRITY,PASS
LOG01356,"C-6814 - current draw at idle 101.77mA, retest after rework.",C6814,CURRENT_DRAW,PASS
LOG01357,"checked 5v rail on board d8609, 5.06v, after reflow.",D8609,POWER_RAIL_5V,PASS
LOG01358,Unit C7705: VDD_5V rail reading 5.55V — fails.,C7705,POWER_RAIL_5V,FAIL
LOG01359,"unit C8073 VDD_5V rail: 5.09 V, nominal.",C8073,POWER_RAIL_5V,PASS
LOG01360,C-3998 scope reading CH1: 3.50 Vpp.,C3998,SIGNAL_INTEGRITY,PASS
LOG01361,Unit unit A3021: standby current reading 33.78mA.,A3021,CURRENT_DRAW,FAIL
LOG01362,"Checked scope reading CH3 on board B1533, 3.25Vpp — OK, retest after rework.",B1533,SIGNAL_INTEGRITY,PASS
LOG01363,"Checked thermal reading after burn-in on unit C8060, 0.9C — reject, after reflow.",C8060,THERMAL,FAIL
LOG01364,"unit b9356 - 5v power check 4.54v, per eco-114.",B9356,POWER_RAIL_5V,FAIL
LOG01365,"A-2366 - VDD_5V rail 5.03V, shift B.",A2366,POWER_RAIL_5V,PASS
LOG01366,B7667 standby current: 120.28 mA.,B7667,CURRENT_DRAW,PASS
LOG01367,B6384 +5V supply measured 5.17V — nominal.,B6384,POWER_RAIL_5V,PASS
LOG01368,"A-9066 VDD_5V rail: 5.34 V, bad reading.",A9066,POWER_RAIL_5V,FAIL
LOG01369,Unit A8222: scope reading CH4 reading 3.35Vpp — checks out.,A8222,SIGNAL_INTEGRITY,PASS
LOG01370,"Checked board temp after 10min soak on D1414, 23.0C (within spec), retest after rework.",D1414,THERMAL,PASS
LOG01371,Unit board D1930: 5V rail reading 4.53V.,D1930,POWER_RAIL_5V,FAIL
LOG01372,"board C4219 - thermal soak reading 42.4C, second attempt.",C4219,THERMAL,PASS
LOG01373,C6635 VDD_5V rail measured 4.94V.,C6635,POWER_RAIL_5V,PASS
LOG01374,"unit D6554 - 12v power check 12.16V, customer return unit.",D6554,POWER_RAIL_12V,PASS
LOG01375,board B4089 resistance check J7: 2.04 Ohm — all good.,B4089,CONTINUITY,PASS
LOG01376,unit B0144 signal amplitude CH4: 3.07 Vpp.,B0144,SIGNAL_INTEGRITY,PASS
LOG01377,"Checked 12V rail on B-6743, 12.19V, second attempt.",B6743,POWER_RAIL_12V,PASS
LOG01378,Unit B-8197: VDD_5V rail reading 5.53V (fails).,B8197,POWER_RAIL_5V,FAIL
LOG01379,a5995 3.3v power check: 3.29 v — ok.,A5995,POWER_RAIL_3V3,PASS
LOG01380,"unit D8697 - 3v3 supply 3.38V, second attempt.",D8697,POWER_RAIL_3V3,PASS
LOG01381,A-2420 3.3v power check: 3.21 V (looks good).,A2420,POWER_RAIL_3V3,PASS
LOG01382,D-3771 case temp: 48.9 C (within spec).,D3771,THERMAL,PASS
LOG01383,"D 0684 VDD_3V3 rail: 3.20 V, checks out.",D0684,POWER_RAIL_3V3,PASS
LOG01384,board C3099 VDD_12V rail measured 12.13V.,C3099,POWER_RAIL_12V,PASS
LOG01385,"Checked quiescent current on unit C3705, 112.50mA — nominal, shift B.",C3705,CURRENT_DRAW,PASS
LOG01386,"Checked continuity on J4 on A 9353, 2.74Ohm, per ECO-114.",A9353,CONTINUITY,PASS
LOG01387,unit B3415 3.3v power check measured 3.31V — passes.,B3415,POWER_RAIL_3V3,PASS
LOG01388,B 9565 scope reading CH3 measured 2.52Vpp.,B9565,SIGNAL_INTEGRITY,FAIL
LOG01389,board B9951 case temp measured 4.5C.,B9951,THERMAL,FAIL
LOG01390,"C 1665 - board temp after 10min soak 49.8C, unit was reworked yesterday.",C1665,THERMAL,PASS
LOG01391,"board C7088 - current draw at idle 75.02mA (within spec), unit was reworked yesterday.",C7088,CURRENT_DRAW,PASS
LOG01392,D-7243 - current draw at idle 181.74mA — reject.,D7243,CURRENT_DRAW,FAIL
LOG01393,"checked 3.3v power check on b-7108, 3.82v (failed), customer return unit.",B7108,POWER_RAIL_3V3,FAIL
LOG01394,"A 4412 - 3v3 supply 3.42V, unit was reworked yesterday.",A4412,POWER_RAIL_3V3,PASS
LOG01395,"unit C2682 - 3.3v power check 3.32V, line 2.",C2682,POWER_RAIL_3V3,PASS
LOG01396,"Checked continuity on J7 on A-1760, 6.66Ohm — bad reading, retest after rework.",A1760,CONTINUITY,FAIL
LOG01397,B-5457 current draw at idle: 122.20 mA (all good).,B5457,CURRENT_DRAW,PASS
LOG01398,d-8314 standby current: 129.03 ma.,D8314,CURRENT_DRAW,PASS
LOG01399,board b0033 5v power check measured 5.14v (checks out).,B0033,POWER_RAIL_5V,PASS
LOG01400,C 4345 case temp: 26.9 C.,C4345,THERMAL,PASS
LOG01401,"checked +12v supply on a-0115, 12.14v, nominal, line 2.",A0115,POWER_RAIL_12V,PASS
LOG01402,"Checked thermal soak reading on A-8945, 38.3C, after reflow.",A8945,THERMAL,PASS
LOG01403,"B-7147 - 12v power check 11.92V, after reflow.",B7147,POWER_RAIL_12V,PASS
LOG01404,"Checked 12v power check on unit D3510, 12.84V, unit was reworked yesterday.",D3510,POWER_RAIL_12V,FAIL
LOG01405,unit D6988 thermal soak reading measured 20.0C.,D6988,THERMAL,PASS
LOG01406,"Checked eye height CH1 on board B4084, 4.02Vpp, line 2.",B4084,SIGNAL_INTEGRITY,FAIL
LOG01407,"board C7578 - 12v power check 12.90V, doesn't look right, customer return unit.",C7578,POWER_RAIL_12V,FAIL
LOG01408,d 4313 - 5v power check 4.96v (good reading).,D4313,POWER_RAIL_5V,PASS
LOG01409,"board D5652 - continuity on J12 7.07Ohm — doesn't look right, after reflow.",D5652,CONTINUITY,FAIL
LOG01410,D4088 VDD_3V3 rail: 3.31 V.,D4088,POWER_RAIL_3V3,PASS
LOG01411,C9408 cont check EN_LINE: 5.87 Ohm — failed.,C9408,CONTINUITY,FAIL
LOG01412,"Unit A 2333: cont check RESET reading 6.67Ohm, failed.",A2333,CONTINUITY,FAIL
LOG01413,c 2568 vdd_3v3 rail: 3.93 v — failed.,C2568,POWER_RAIL_3V3,FAIL
LOG01414,"B-6141 - quiescent current 183.49mA, reject, second attempt.",B6141,CURRENT_DRAW,FAIL
LOG01415,C-9554 5V rail measured 5.49V.,C9554,POWER_RAIL_5V,FAIL
LOG01416,"unit a 5175: j7 continuity reading 7.76ohm, bad reading.",A5175,CONTINUITY,FAIL
LOG01417,"C 2183 - case temp 40.4C, passes, second attempt.",C2183,THERMAL,PASS
LOG01418,d 8678 - thermal soak reading 28.6c (ok).,D8678,THERMAL,PASS
LOG01419,"Checked thermal soak reading on board D0841, 15.9C, retest after rework.",D0841,THERMAL,FAIL
LOG01420,Unit A0894: cont check J12 reading 2.19Ohm.,A0894,CONTINUITY,PASS
LOG01421,"Checked 12v power check on A1164, 12.02V, retest after rework.",A1164,POWER_RAIL_12V,PASS
LOG01422,"Checked VDD_5V rail on B0432, 4.76V, per ECO-114.",B0432,POWER_RAIL_5V,PASS
LOG01423,D 9949 +5V supply measured 4.93V.,D9949,POWER_RAIL_5V,PASS
LOG01424,"Checked continuity on J12 on board D0044, 6.14Ohm, second attempt.",D0044,CONTINUITY,FAIL
LOG01425,"Unit A-7958: 3v3 supply reading 3.30V, all good.",A7958,POWER_RAIL_3V3,PASS
LOG01426,"Checked 12V rail on board B6091, 12.51V, checks out, retest after rework.",B6091,POWER_RAIL_12V,PASS
LOG01427,Unit C0035: idle current draw reading 28.23mA (doesn't look right).,C0035,CURRENT_DRAW,FAIL
LOG01428,"Checked 5V rail on board B7192, 4.98V, passes, line 2.",B7192,POWER_RAIL_5V,PASS
LOG01429,board D1478 thermal soak reading measured 62.5C — no good.,D1478,THERMAL,FAIL
LOG01430,"Checked VDD_5V rail on C 4803, 5.52V, per ECO-114.",C4803,POWER_RAIL_5V,FAIL
LOG01431,unit c5802: thermal soak reading reading 10.8c (no good).,C5802,THERMAL,FAIL
LOG01432,"board B5244 - resistance check J7 7.51Ohm — no good, per ECO-114.",B5244,CONTINUITY,FAIL
LOG01433,"board D1717 - 3.3v power check 3.30V — all good, second attempt.",D1717,POWER_RAIL_3V3,PASS
LOG01434,unit B7689 board temp after 10min soak: 38.2 C — passes.,B7689,THERMAL,PASS
LOG01435,"Checked VDD_12V rail on A3041, 11.09V, after reflow.",A3041,POWER_RAIL_12V,FAIL
LOG01436,"B1411 - quiescent current 116.09mA — OK, second attempt.",B1411,CURRENT_DRAW,PASS
LOG01437,board C1461 3v3 supply: 3.27 V (OK).,C1461,POWER_RAIL_3V3,PASS
LOG01438,"checked +12v supply on c 0368, 13.08v, bad reading, second attempt.",C0368,POWER_RAIL_12V,FAIL
LOG01439,B4974 signal amplitude CH2: 3.35 Vpp — nominal.,B4974,SIGNAL_INTEGRITY,PASS
LOG01440,"board A7225 - thermal reading after burn-in 52.8C — all good, per ECO-114.",A7225,THERMAL,PASS
LOG01441,Unit C6042: board temp after 10min soak reading 31.1C (checks out).,C6042,THERMAL,PASS
LOG01442,C2229 thermal soak reading: 69.7 C.,C2229,THERMAL,FAIL
LOG01443,Unit C5243: VDD_12V rail reading 12.94V (no good).,C5243,POWER_RAIL_12V,FAIL
LOG01444,"Unit board C7633: +3.3V rail reading 2.97V, fails.",C7633,POWER_RAIL_3V3,FAIL
LOG01445,"a3248 current draw at idle: 88.81 ma, good reading.",A3248,CURRENT_DRAW,PASS
LOG01446,C 6643 5v power check measured 4.28V.,C6643,POWER_RAIL_5V,FAIL
LOG01447,"Checked thermal reading after burn-in on D-1446, 38.1C — good reading.",D1446,THERMAL,PASS
LOG01448,A 6554 VDD_12V rail measured 10.92V.,A6554,POWER_RAIL_12V,FAIL
LOG01449,"Unit unit A9930: resistance check J12 reading 0.00Ohm, within spec.",A9930,CONTINUITY,PASS
LOG01450,"C 8580 idle current draw: 90.19 mA, all good.",C8580,CURRENT_DRAW,PASS
LOG01451,Unit C 8587: +12V supply reading 12.23V — looks good.,C8587,POWER_RAIL_12V,PASS
LOG01452,Unit A-5028: current draw at idle reading 108.88mA.,A5028,CURRENT_DRAW,PASS
LOG01453,"Checked thermal soak reading on unit A0928, 39.0C, after reflow.",A0928,THERMAL,PASS
LOG01454,"Checked standby current on unit D5793, 101.77mA, within spec, second attempt.",D5793,CURRENT_DRAW,PASS
LOG01455,Unit D-6195: idle current draw reading 180.40mA (doesn't look right).,D6195,CURRENT_DRAW,FAIL
LOG01456,Unit D0060: 12v power check reading 12.15V.,D0060,POWER_RAIL_12V,PASS
LOG01457,C-2348 standby current measured 89.68mA — OK.,C2348,CURRENT_DRAW,PASS
LOG01458,board A3015 5V rail measured 4.78V — good reading.,A3015,POWER_RAIL_5V,PASS
LOG01459,"B-1876 - eye height CH3 3.22Vpp, per ECO-114.",B1876,SIGNAL_INTEGRITY,PASS
LOG01460,"A3762 - 12V rail 11.29V — reject, per ECO-114.",A3762,POWER_RAIL_12V,FAIL
LOG01461,unit D7000 +3.3V rail: 3.33 V.,D7000,POWER_RAIL_3V3,PASS
LOG01462,"Checked VDD_5V rail on board A7811, 5.03V, after reflow.",A7811,POWER_RAIL_5V,PASS
LOG01463,"D5737 cont check J7 measured 2.64Ohm, checks out.",D5737,CONTINUITY,PASS
LOG01464,unit A2978 signal amplitude CH2 measured 3.15Vpp (looks good).,A2978,SIGNAL_INTEGRITY,PASS
LOG01465,Unit C7935: standby current reading 50.00mA (all good).,C7935,CURRENT_DRAW,PASS
LOG01466,D-1629 thermal soak reading: 50.0 C.,D1629,THERMAL,PASS
LOG01467,board B4184 - EN_LINE continuity 7.15Ohm — failed.,B4184,CONTINUITY,FAIL
LOG01468,unit a8690: thermal soak reading reading 15.8c.,A8690,THERMAL,FAIL
LOG01469,"A 7330 - 12V rail 12.31V — good reading, shift B.",A7330,POWER_RAIL_12V,PASS
LOG01470,C 3602 VDD_12V rail: 12.17 V.,C3602,POWER_RAIL_12V,PASS
LOG01471,unit board d1802: +3.3v rail reading 3.28v.,D1802,POWER_RAIL_3V3,PASS
LOG01472,Unit board B7769: idle current draw reading 50.00mA.,B7769,CURRENT_DRAW,PASS
LOG01473,"b0803 - 12v rail 11.40v, second attempt.",B0803,POWER_RAIL_12V,PASS
LOG01474,"board C2473 case temp measured 32.3C, within spec.",C2473,THERMAL,PASS
LOG01475,"B-1036 thermal reading after burn-in: 63.1 C, reject.",B1036,THERMAL,FAIL
LOG01476,C4413 5v power check: 5.11 V.,C4413,POWER_RAIL_5V,PASS
LOG01477,"C 3088 VDD_5V rail: 4.88 V, looks good.",C3088,POWER_RAIL_5V,PASS
LOG01478,"unit b 5014: +5v supply reading 5.12v, good reading.",B5014,POWER_RAIL_5V,PASS
LOG01479,unit a3768 - 5v power check 5.07v (all good).,A3768,POWER_RAIL_5V,PASS
LOG01480,"Checked VDD_12V rail on B-5068, 12.03V — OK.",B5068,POWER_RAIL_12V,PASS
LOG01481,unit B9900 +12V supply: 11.69 V.,B9900,POWER_RAIL_12V,PASS
LOG01482,A 7095 3v3 supply measured 3.33V.,A7095,POWER_RAIL_3V3,PASS
LOG01483,"B 7510 - resistance check RESET 4.18Ohm, looks good, line 2.",B7510,CONTINUITY,PASS
LOG01484,"Checked cont check J12 on unit B7829, 5.00Ohm, per ECO-114.",B7829,CONTINUITY,PASS
LOG01485,unit B7378 standby current measured 103.91mA.,B7378,CURRENT_DRAW,PASS
LOG01486,d-1562 current draw at idle: 94.80 ma.,D1562,CURRENT_DRAW,PASS
LOG01487,"Checked +5V supply on unit A5570, 4.35V (flagged for rework), shift B.",A5570,POWER_RAIL_5V,FAIL
LOG01488,D 7301 VDD_12V rail measured 12.26V (nominal).,D7301,POWER_RAIL_12V,PASS
LOG01489,A 0973 eye height CH3 measured 3.84Vpp (no good).,A0973,SIGNAL_INTEGRITY,FAIL
LOG01490,"Checked cont check CLK on C 2815, 0.72Ohm, second attempt.",C2815,CONTINUITY,PASS
LOG01491,Unit C-7607: 12V rail reading 12.06V.,C7607,POWER_RAIL_12V,PASS
LOG01492,unit A2040 5v power check measured 5.38V — flagged for rework.,A2040,POWER_RAIL_5V,FAIL
LOG01493,A-4166 VDD_5V rail measured 5.10V (passes).,A4166,POWER_RAIL_5V,PASS
LOG01494,board b0349 current draw at idle: 133.17 ma (passes).,B0349,CURRENT_DRAW,PASS
LOG01495,"Checked 12v power check on board A4632, 11.41V — within spec, per ECO-114.",A4632,POWER_RAIL_12V,PASS
LOG01496,unit C0692 quiescent current: 16.81 mA.,C0692,CURRENT_DRAW,FAIL
LOG01497,"A 6976 - eye height CH1 3.47Vpp — good reading, customer return unit.",A6976,SIGNAL_INTEGRITY,PASS
LOG01498,Unit unit B2310: 5v power check reading 5.03V — OK.,B2310,POWER_RAIL_5V,PASS
LOG01499,c-8200 current draw at idle measured 133.52ma (looks good).,C8200,CURRENT_DRAW,PASS
LOG01500,D-6490 VDD_3V3 rail: 3.69 V — doesn't look right.,D6490,POWER_RAIL_3V3,FAIL
LOG01501,D-4125 standby current: 62.73 mA.,D4125,CURRENT_DRAW,PASS
LOG01502,"Unit board D0789: VDD_5V rail reading 4.89V, good reading.",D0789,POWER_RAIL_5V,PASS
LOG01503,unit A4985 5V rail: 4.95 V.,A4985,POWER_RAIL_5V,PASS
LOG01504,"unit c5645 - +12v supply 11.55v, unit was reworked yesterday.",C5645,POWER_RAIL_12V,PASS
LOG01505,unit a 5574: 3v3 supply reading 3.28v — ok.,A5574,POWER_RAIL_3V3,PASS
LOG01506,"board B4690 - RESET continuity 2.94Ohm, OK, shift B.",B4690,CONTINUITY,PASS
LOG01507,board d7796 j7 continuity measured 3.19ohm (ok).,D7796,CONTINUITY,PASS
LOG01508,Unit C8743: continuity on J7 reading 2.58Ohm.,C8743,CONTINUITY,PASS
LOG01509,C6357 idle current draw: 92.52 mA.,C6357,CURRENT_DRAW,PASS
LOG01510,B-8670 eye height CH2: 3.66 Vpp (reject).,B8670,SIGNAL_INTEGRITY,FAIL
LOG01511,C6526 current draw at idle: 85.09 mA.,C6526,CURRENT_DRAW,PASS
LOG01512,c 1347 scope reading ch1: 3.58 vpp — looks good.,C1347,SIGNAL_INTEGRITY,PASS
LOG01513,Unit unit A9965: 5v power check reading 4.49V (flagged for rework).,A9965,POWER_RAIL_5V,FAIL
LOG01514,c5058 resistance check j12: 1.55 ohm.,C5058,CONTINUITY,PASS
LOG01515,Unit A2303: 5V rail reading 5.29V.,A2303,POWER_RAIL_5V,FAIL
LOG01516,"board A6138 - J12 continuity 2.09Ohm, OK, second attempt.",A6138,CONTINUITY,PASS
LOG01517,D 7749 +5V supply measured 4.96V (good reading).,D7749,POWER_RAIL_5V,PASS
LOG01518,B-3044 eye height CH4: 3.51 Vpp.,B3044,SIGNAL_INTEGRITY,PASS
LOG01519,unit A4806 12V rail: 10.87 V — out of spec.,A4806,POWER_RAIL_12V,FAIL
LOG01520,"Checked thermal reading after burn-in on B3500, 35.4C, line 2.",B3500,THERMAL,PASS
LOG01521,Unit A-2667: scope reading CH3 reading 3.96Vpp — failed.,A2667,SIGNAL_INTEGRITY,FAIL
LOG01522,A-8950 case temp measured 72.9C.,A8950,THERMAL,FAIL
LOG01523,"unit B0979 - current draw at idle 52.66mA — checks out, shift B.",B0979,CURRENT_DRAW,PASS
LOG01524,"unit C1533 - +12V supply 11.70V, nominal, customer return unit.",C1533,POWER_RAIL_12V,PASS
LOG01525,"Checked CH3 signal check on A6078, 3.14Vpp, all good, customer return unit.",A6078,SIGNAL_INTEGRITY,PASS
LOG01526,B 1291 continuity on J7 measured 6.32Ohm (reject).,B1291,CONTINUITY,FAIL
LOG01527,"D-6137 - VDD_5V rail 5.35V, unit was reworked yesterday.",D6137,POWER_RAIL_5V,FAIL
LOG01528,"c-6986 - quiescent current 85.68ma — all good, unit was reworked yesterday.",C6986,CURRENT_DRAW,PASS
LOG01529,D4999 signal amplitude CH3 measured 3.10Vpp.,D4999,SIGNAL_INTEGRITY,PASS
LOG01530,"Unit B6927: VDD_3V3 rail reading 3.28V, within spec.",B6927,POWER_RAIL_3V3,PASS
LOG01531,"unit B1676 - case temp 46.6C — checks out, retest after rework.",B1676,THERMAL,PASS
LOG01532,"Unit D-7866: scope reading CH4 reading 3.03Vpp, passes.",D7866,SIGNAL_INTEGRITY,PASS
LOG01533,unit D6053 VDD_12V rail measured 11.72V — good reading.,D6053,POWER_RAIL_12V,PASS
LOG01534,unit b1578 clk continuity measured 5.00ohm — passes.,B1578,CONTINUITY,PASS
LOG01535,b-8898 cont check reset measured 4.91ohm — ok.,B8898,CONTINUITY,PASS
LOG01536,unit C6452 eye height CH2 measured 3.68Vpp.,C6452,SIGNAL_INTEGRITY,FAIL
LOG01537,unit D6791 12V rail measured 13.06V — failed.,D6791,POWER_RAIL_12V,FAIL
LOG01538,"Unit D-0257: 5v power check reading 4.75V, looks good.",D0257,POWER_RAIL_5V,PASS
LOG01539,board C0046 5V rail measured 4.72V.,C0046,POWER_RAIL_5V,FAIL
LOG01540,"D-2431 - thermal reading after burn-in 42.0C, after reflow.",D2431,THERMAL,PASS
LOG01541,C-9507 idle current draw measured 21.48mA.,C9507,CURRENT_DRAW,FAIL
LOG01542,Unit B 8280: scope reading CH4 reading 3.60Vpp.,B8280,SIGNAL_INTEGRITY,PASS
LOG01543,C 1749 CH4 signal check: 3.10 Vpp (looks good).,C1749,SIGNAL_INTEGRITY,PASS
LOG01544,B 8580 +12V supply measured 12.60V.,B8580,POWER_RAIL_12V,PASS
LOG01545,A5053 12v power check measured 12.45V.,A5053,POWER_RAIL_12V,PASS
LOG01546,B5405 quiescent current: 111.25 mA.,B5405,CURRENT_DRAW,PASS
LOG01547,Unit C7603: scope reading CH4 reading 3.38Vpp.,C7603,SIGNAL_INTEGRITY,PASS
LOG01548,A-1210 +5V supply: 4.63 V.,A1210,POWER_RAIL_5V,FAIL
LOG01549,"Checked 3.3V rail on B9639, 3.11V — doesn't look right, second attempt.",B9639,POWER_RAIL_3V3,FAIL
LOG01550,unit b4083 cont check reset measured 2.96ohm (all good).,B4083,CONTINUITY,PASS
LOG01551,"Checked thermal soak reading on board A0896, 12.8C — bad reading, line 2.",A0896,THERMAL,FAIL
LOG01552,"Unit A 4700: 5V rail reading 5.25V, looks good.",A4700,POWER_RAIL_5V,PASS
LOG01553,"checked idle current draw on d0013, 73.20ma — passes, customer return unit.",D0013,CURRENT_DRAW,PASS
LOG01554,"Unit D-2821: VDD_5V rail reading 5.01V, looks good.",D2821,POWER_RAIL_5V,PASS
LOG01555,unit D9764 current draw at idle: 22.49 mA (flagged for rework).,D9764,CURRENT_DRAW,FAIL
LOG01556,Unit board A5364: VDD_12V rail reading 11.94V.,A5364,POWER_RAIL_12V,PASS
LOG01557,"Checked thermal soak reading on B 6093, 0.2C, line 2.",B6093,THERMAL,FAIL
LOG01558,D5824 cont check EN_LINE measured 0.00Ohm.,D5824,CONTINUITY,PASS
LOG01559,unit c 6726: 5v power check reading 5.15v.,C6726,POWER_RAIL_5V,PASS
LOG01560,"Checked VDD_12V rail on C6254, 11.79V — checks out, second attempt.",C6254,POWER_RAIL_12V,PASS
LOG01561,"Unit C-1389: VDD_12V rail reading 10.76V, flagged for rework.",C1389,POWER_RAIL_12V,FAIL
LOG01562,"Checked 3.3V rail on A1733, 3.34V, retest after rework.",A1733,POWER_RAIL_3V3,PASS
LOG01563,"Checked 5v power check on unit A5105, 5.16V, within spec.",A5105,POWER_RAIL_5V,PASS
LOG01564,Unit unit C8662: case temp reading 6.3C — reject.,C8662,THERMAL,FAIL
LOG01565,B-2400 J7 continuity measured 0.00Ohm.,B2400,CONTINUITY,PASS
LOG01566,"B-6549 - idle current draw 183.81mA — reject, unit was reworked yesterday.",B6549,CURRENT_DRAW,FAIL
LOG01567,"Checked signal amplitude CH4 on unit C4678, 3.09Vpp, second attempt.",C4678,SIGNAL_INTEGRITY,PASS
LOG01568,"D-5665 - +3.3V rail 3.28V, per ECO-114.",D5665,POWER_RAIL_3V3,PASS
LOG01569,unit D3220 3v3 supply measured 3.38V.,D3220,POWER_RAIL_3V3,PASS
LOG01570,A 1345 quiescent current: 191.28 mA.,A1345,CURRENT_DRAW,FAIL
LOG01571,"B-4562 3v3 supply measured 3.22V, all good.",B4562,POWER_RAIL_3V3,PASS
LOG01572,C2988 VDD_3V3 rail: 3.41 V (looks good).,C2988,POWER_RAIL_3V3,PASS
LOG01573,unit B7384 CH4 signal check measured 3.97Vpp.,B7384,SIGNAL_INTEGRITY,FAIL
LOG01574,"B 4190 - signal amplitude CH4 3.01Vpp — looks good, customer return unit.",B4190,SIGNAL_INTEGRITY,PASS
LOG01575,B3013 current draw at idle measured 91.76mA.,B3013,CURRENT_DRAW,PASS
LOG01576,"unit A6506 - case temp 44.2C — OK, unit was reworked yesterday.",A6506,THERMAL,PASS
LOG01577,C-0243 current draw at idle: 125.73 mA — passes.,C0243,CURRENT_DRAW,PASS
LOG01578,"D8250 - 12v power check 13.17V — reject, second attempt.",D8250,POWER_RAIL_12V,FAIL
LOG01579,"checked 12v rail on a 6765, 11.45v — passes, customer return unit.",A6765,POWER_RAIL_12V,PASS
LOG01580,A-9182 VDD_12V rail: 10.85 V — bad reading.,A9182,POWER_RAIL_12V,FAIL
LOG01581,"Unit D7901: VDD_12V rail reading 12.01V, all good.",D7901,POWER_RAIL_12V,PASS
LOG01582,"unit B4781 - VDD_5V rail 5.20V, nominal, per ECO-114.",B4781,POWER_RAIL_5V,PASS
LOG01583,Unit board B3265: signal amplitude CH1 reading 3.32Vpp.,B3265,SIGNAL_INTEGRITY,PASS
LOG01584,unit A9482 12V rail measured 11.88V.,A9482,POWER_RAIL_12V,PASS
LOG01585,"Checked cont check J4 on C-3214, 1.98Ohm, after reflow.",C3214,CONTINUITY,PASS
LOG01586,"board B2863 - VDD_3V3 rail 3.27V — within spec, per ECO-114.",B2863,POWER_RAIL_3V3,PASS
LOG01587,"unit C0514 - 5V rail 5.22V, nominal, after reflow.",C0514,POWER_RAIL_5V,PASS
LOG01588,"D5483 J4 continuity: 6.21 Ohm, no good.",D5483,CONTINUITY,FAIL
LOG01589,A9037 current draw at idle: 144.04 mA.,A9037,CURRENT_DRAW,PASS
LOG01590,C 4261 12V rail: 12.04 V.,C4261,POWER_RAIL_12V,PASS
LOG01591,"Unit board C1751: board temp after 10min soak reading 37.4C, good reading.",C1751,THERMAL,PASS
LOG01592,"board B5102 - signal amplitude CH2 3.20Vpp, retest after rework.",B5102,SIGNAL_INTEGRITY,PASS
LOG01593,D8356 +3.3V rail measured 3.16V — checks out.,D8356,POWER_RAIL_3V3,PASS
LOG01594,"board A1008 - cont check J7 1.30Ohm (checks out), after reflow.",A1008,CONTINUITY,PASS
LOG01595,c0959 +5v supply measured 4.30v.,C0959,POWER_RAIL_5V,FAIL
LOG01596,A-3256 +5V supply measured 5.42V (bad reading).,A3256,POWER_RAIL_5V,FAIL
LOG01597,unit d1665 scope reading ch3 measured 3.27vpp.,D1665,SIGNAL_INTEGRITY,PASS
LOG01598,board D9544 5V rail: 4.93 V — within spec.,D9544,POWER_RAIL_5V,PASS
LOG01599,"A-6806 - current draw at idle 80.94mA, unit was reworked yesterday.",A6806,CURRENT_DRAW,PASS
LOG01600,"Checked idle current draw on D-3344, 68.31mA, shift B.",D3344,CURRENT_DRAW,PASS
LOG01601,"D-6580 resistance check CLK: 3.27 Ohm, OK.",D6580,CONTINUITY,PASS
LOG01602,"checked 3v3 supply on b 8239, 3.41v.",B8239,POWER_RAIL_3V3,PASS
LOG01603,"Checked current draw at idle on board B7802, 67.65mA (checks out), retest after rework.",B7802,CURRENT_DRAW,PASS
LOG01604,unit b6958 vdd_12v rail: 11.40 v — good reading.,B6958,POWER_RAIL_12V,PASS
LOG01605,Unit board C9609: standby current reading 124.18mA.,C9609,CURRENT_DRAW,PASS
LOG01606,unit c4569 thermal reading after burn-in: 39.8 c.,C4569,THERMAL,PASS
LOG01607,D-1782 resistance check J4 measured 2.39Ohm.,D1782,CONTINUITY,PASS
LOG01608,board B1518 3.3v power check: 3.46 V.,B1518,POWER_RAIL_3V3,PASS
LOG01609,"board A3817 - 3v3 supply 3.04V (flagged for rework), customer return unit.",A3817,POWER_RAIL_3V3,FAIL
LOG01610,"Checked VDD_12V rail on unit A9684, 12.21V, good reading, customer return unit.",A9684,POWER_RAIL_12V,PASS
LOG01611,"C-8759 - case temp 49.2C — within spec, customer return unit.",C8759,THERMAL,PASS
LOG01612,Unit B8275: thermal reading after burn-in reading 28.1C — within spec.,B8275,THERMAL,PASS
LOG01613,"C-3234 scope reading CH4 measured 3.24Vpp, looks good.",C3234,SIGNAL_INTEGRITY,PASS
LOG01614,board B1601 3v3 supply: 3.38 V — looks good.,B1601,POWER_RAIL_3V3,PASS
LOG01615,board A0170 - thermal soak reading 20.0C (all good).,A0170,THERMAL,PASS
LOG01616,"Unit C3858: 5v power check reading 4.88V, looks good.",C3858,POWER_RAIL_5V,PASS
LOG01617,Unit board A1983: 5V rail reading 4.75V.,A1983,POWER_RAIL_5V,PASS
LOG01618,"Checked current draw at idle on board A9050, 93.78mA, all good, shift B.",A9050,CURRENT_DRAW,PASS
LOG01619,"Checked VDD_3V3 rail on unit D3604, 3.13V, line 2.",D3604,POWER_RAIL_3V3,PASS
LOG01620,"Checked board temp after 10min soak on board A8597, 73.6C, fails, unit was reworked yesterday.",A8597,THERMAL,FAIL
LOG01621,unit D1645 cont check RESET measured 3.39Ohm.,D1645,CONTINUITY,PASS
LOG01622,B-4000 board temp after 10min soak measured 39.6C.,B4000,THERMAL,PASS
LOG01623,"unit D9511 - board temp after 10min soak 55.0C, unit was reworked yesterday.",D9511,THERMAL,PASS
LOG01624,B3006 signal amplitude CH2: 3.46 Vpp.,B3006,SIGNAL_INTEGRITY,PASS
LOG01625,"A 7616 - continuity on J4 7.18Ohm, bad reading.",A7616,CONTINUITY,FAIL
LOG01626,"Unit board B5919: case temp reading 23.2C, all good.",B5919,THERMAL,PASS
LOG01627,"Checked thermal reading after burn-in on C 5936, 7.5C — doesn't look right, after reflow.",C5936,THERMAL,FAIL
LOG01628,"A 7981 - VDD_12V rail 13.10V, line 2.",A7981,POWER_RAIL_12V,FAIL
LOG01629,"Checked CH4 signal check on C3040, 4.06Vpp — fails, retest after rework.",C3040,SIGNAL_INTEGRITY,FAIL
LOG01630,"Checked board temp after 10min soak on unit D0423, 54.0C, retest after rework.",D0423,THERMAL,PASS
LOG01631,D 1297 standby current measured 101.20mA — passes.,D1297,CURRENT_DRAW,PASS
LOG01632,"D-2081 - case temp 35.9C, good reading, shift B.",D2081,THERMAL,PASS
LOG01633,"unit B1387 - scope reading CH3 3.08Vpp (within spec), after reflow.",B1387,SIGNAL_INTEGRITY,PASS
LOG01634,"Checked +5V supply on B6048, 4.94V, unit was reworked yesterday.",B6048,POWER_RAIL_5V,PASS
LOG01635,board B8944 VDD_3V3 rail measured 3.36V — looks good.,B8944,POWER_RAIL_3V3,PASS
LOG01636,"D8431 5v power check measured 5.13V, nominal.",D8431,POWER_RAIL_5V,PASS
LOG01637,"Checked RESET continuity on D 1537, 7.16Ohm, unit was reworked yesterday.",D1537,CONTINUITY,FAIL
LOG01638,unit B3445 cont check CLK measured 6.32Ohm.,B3445,CONTINUITY,FAIL
LOG01639,"Unit unit A9365: board temp after 10min soak reading 32.1C, checks out.",A9365,THERMAL,PASS
LOG01640,"board A4997 +12V supply measured 10.68V, flagged for rework.",A4997,POWER_RAIL_12V,FAIL
LOG01641,"Unit board C9958: current draw at idle reading 78.02mA, checks out.",C9958,CURRENT_DRAW,PASS
LOG01642,"C 8846 - +12V supply 13.04V, retest after rework.",C8846,POWER_RAIL_12V,FAIL
LOG01643,"checked eye height ch1 on b 3426, 3.99vpp, out of spec, unit was reworked yesterday.",B3426,SIGNAL_INTEGRITY,FAIL
LOG01644,Unit unit A7881: CH4 signal check reading 2.34Vpp.,A7881,SIGNAL_INTEGRITY,FAIL
LOG01645,"D-1569 - case temp 37.3C (passes), retest after rework.",D1569,THERMAL,PASS
LOG01646,unit d-0706: j12 continuity reading 3.97ohm.,D0706,CONTINUITY,PASS
LOG01647,Unit B-1583: VDD_5V rail reading 4.89V.,B1583,POWER_RAIL_5V,PASS
LOG01648,B-7015 standby current: 85.19 mA — all good.,B7015,CURRENT_DRAW,PASS
LOG01649,"Checked thermal soak reading on A-8401, 7.5C, failed, customer return unit.",A8401,THERMAL,FAIL
LOG01650,"D-7111 - resistance check J7 1.03Ohm (looks good), unit was reworked yesterday.",D7111,CONTINUITY,PASS
LOG01651,"Checked standby current on B 4480, 204.18mA, per ECO-114.",B4480,CURRENT_DRAW,FAIL
LOG01652,Unit unit B2583: idle current draw reading 133.56mA.,B2583,CURRENT_DRAW,PASS
LOG01653,"Checked thermal soak reading on unit B5216, 21.0C, after reflow.",B5216,THERMAL,PASS
LOG01654,"Checked 12v power check on C 7414, 11.52V.",C7414,POWER_RAIL_12V,PASS
LOG01655,board C8280 12v power check: 12.12 V.,C8280,POWER_RAIL_12V,PASS
LOG01656,D-7921 - +3.3V rail 3.10V.,D7921,POWER_RAIL_3V3,FAIL
LOG01657,Unit B-3763: signal amplitude CH2 reading 3.15Vpp (within spec).,B3763,SIGNAL_INTEGRITY,PASS
LOG01658,"B 9601 - CH3 signal check 2.80Vpp, per ECO-114.",B9601,SIGNAL_INTEGRITY,PASS
LOG01659,Unit D4614: scope reading CH3 reading 3.06Vpp (nominal).,D4614,SIGNAL_INTEGRITY,PASS
LOG01660,unit C3761 thermal soak reading measured 41.2C — OK.,C3761,THERMAL,PASS
LOG01661,"Checked 12v power check on unit A3822, 12.18V, after reflow.",A3822,POWER_RAIL_12V,PASS
LOG01662,unit C5290 12V rail: 12.23 V (all good).,C5290,POWER_RAIL_12V,PASS
LOG01663,"board B1535 - 5V rail 4.54V, retest after rework.",B1535,POWER_RAIL_5V,FAIL
LOG01664,C 8585 continuity on J7: 1.53 Ohm.,C8585,CONTINUITY,PASS
LOG01665,"B 6408 - J4 continuity 1.45Ohm, passes.",B6408,CONTINUITY,PASS
LOG01666,board A7221 +12V supply: 13.04 V.,A7221,POWER_RAIL_12V,FAIL
LOG01667,board D9444 scope reading CH3: 3.36 Vpp.,D9444,SIGNAL_INTEGRITY,PASS
LOG01668,D-5609 +5V supply: 5.08 V (checks out).,D5609,POWER_RAIL_5V,PASS
LOG01669,D9470 +12V supply: 13.15 V.,D9470,POWER_RAIL_12V,FAIL
LOG01670,board A6028 standby current measured 73.08mA — good reading.,A6028,CURRENT_DRAW,PASS
LOG01671,unit b4898 - 5v power check 5.21v.,B4898,POWER_RAIL_5V,PASS
LOG01672,unit B1585 3v3 supply: 3.64 V — bad reading.,B1585,POWER_RAIL_3V3,FAIL
LOG01673,"B 7205 - CH2 signal check 3.30Vpp, per ECO-114.",B7205,SIGNAL_INTEGRITY,PASS
LOG01674,unit c9157 vdd_5v rail: 5.53 v.,C9157,POWER_RAIL_5V,FAIL
LOG01675,Unit board D2347: CH1 signal check reading 2.66Vpp — reject.,D2347,SIGNAL_INTEGRITY,FAIL
LOG01676,D9801 resistance check J7: 4.37 Ohm (nominal).,D9801,CONTINUITY,PASS
LOG01677,"Unit board D8598: case temp reading 48.2C, checks out.",D8598,THERMAL,PASS
LOG01678,unit board c9449: eye height ch4 reading 3.05vpp.,C9449,SIGNAL_INTEGRITY,PASS
LOG01679,"board B6099 - +3.3V rail 2.96V — bad reading, after reflow.",B6099,POWER_RAIL_3V3,FAIL
LOG01680,"Checked VDD_3V3 rail on unit A7993, 2.68V (doesn't look right), retest after rework.",A7993,POWER_RAIL_3V3,FAIL
LOG01681,Unit C 0770: eye height CH4 reading 3.38Vpp.,C0770,SIGNAL_INTEGRITY,PASS
LOG01682,D 8012 CH1 signal check: 3.27 Vpp.,D8012,SIGNAL_INTEGRITY,PASS
LOG01683,unit C4280 scope reading CH3: 3.17 Vpp — OK.,C4280,SIGNAL_INTEGRITY,PASS
LOG01684,Unit B-3393: cont check RESET reading 0.89Ohm.,B3393,CONTINUITY,PASS
LOG01685,"B1364 board temp after 10min soak: 39.0 C, looks good.",B1364,THERMAL,PASS
LOG01686,c 5380 12v rail: 11.71 v (checks out).,C5380,POWER_RAIL_12V,PASS
LOG01687,"Checked VDD_12V rail on unit A4826, 11.90V, nominal, retest after rework.",A4826,POWER_RAIL_12V,PASS
LOG01688,unit C7522 case temp measured 41.4C (all good).,C7522,THERMAL,PASS
LOG01689,unit A6186 12V rail measured 11.19V — no good.,A6186,POWER_RAIL_12V,FAIL
LOG01690,"Unit board D1183: resistance check RESET reading 1.96Ohm, within spec.",D1183,CONTINUITY,PASS
LOG01691,A2676 thermal soak reading: 73.4 C.,A2676,THERMAL,FAIL
LOG01692,A-1261 +3.3V rail: 2.65 V — reject.,A1261,POWER_RAIL_3V3,FAIL
LOG01693,"Checked resistance check EN_LINE on unit B1843, 7.66Ohm, unit was reworked yesterday.",B1843,CONTINUITY,FAIL
LOG01694,"D 5331 - signal amplitude CH3 3.37Vpp (within spec), after reflow.",D5331,SIGNAL_INTEGRITY,PASS
LOG01695,"board B3569 scope reading CH2 measured 2.74Vpp, reject.",B3569,SIGNAL_INTEGRITY,FAIL
LOG01696,"Checked thermal soak reading on board B6723, 35.0C (OK), second attempt.",B6723,THERMAL,PASS
LOG01697,D-8980 5v power check: 5.07 V.,D8980,POWER_RAIL_5V,PASS
LOG01698,C-0522 signal amplitude CH1 measured 3.49Vpp (checks out).,C0522,SIGNAL_INTEGRITY,PASS
LOG01699,unit D1851 eye height CH2: 2.66 Vpp.,D1851,SIGNAL_INTEGRITY,FAIL
LOG01700,b-9546 scope reading ch4: 3.43 vpp.,B9546,SIGNAL_INTEGRITY,PASS
LOG01701,d-9027 quiescent current: 133.71 ma.,D9027,CURRENT_DRAW,PASS
LOG01702,"Checked thermal soak reading on board D3367, 20.6C, customer return unit.",D3367,THERMAL,PASS
LOG01703,board D4020 - eye height CH2 2.50Vpp — out of spec.,D4020,SIGNAL_INTEGRITY,FAIL
LOG01704,"C-4002 - standby current 83.66mA, shift B.",C4002,CURRENT_DRAW,PASS
LOG01705,"unit A3263 - 3.3V rail 3.18V — all good, second attempt.",A3263,POWER_RAIL_3V3,PASS
LOG01706,"Checked thermal reading after burn-in on board B7828, 9.2C, unit was reworked yesterday.",B7828,THERMAL,FAIL
LOG01707,"Checked +5V supply on unit B8158, 5.10V (checks out), after reflow.",B8158,POWER_RAIL_5V,PASS
LOG01708,Unit unit D2402: 5v power check reading 5.02V — all good.,D2402,POWER_RAIL_5V,PASS
LOG01709,unit A6213 3.3v power check measured 3.28V.,A6213,POWER_RAIL_3V3,PASS
LOG01710,"checked signal amplitude ch3 on board d6832, 3.94vpp, customer return unit.",D6832,SIGNAL_INTEGRITY,FAIL
LOG01711,A-2984 - thermal soak reading 51.6C — good reading.,A2984,THERMAL,PASS
LOG01712,Unit A-2115: thermal reading after burn-in reading 15.3C.,A2115,THERMAL,FAIL
LOG01713,Unit unit C5827: 3.3v power check reading 3.24V.,C5827,POWER_RAIL_3V3,PASS
LOG01714,unit c 5025: idle current draw reading 14.53ma — doesn't look right.,C5025,CURRENT_DRAW,FAIL
LOG01715,"Checked +3.3V rail on B7411, 3.81V, second attempt.",B7411,POWER_RAIL_3V3,FAIL
LOG01716,B7293 12v power check measured 13.18V.,B7293,POWER_RAIL_12V,FAIL
LOG01717,"d-1816 idle current draw: 31.74 ma, failed.",D1816,CURRENT_DRAW,FAIL
LOG01718,"Checked +3.3V rail on B-3232, 3.27V, line 2.",B3232,POWER_RAIL_3V3,PASS
LOG01719,"Checked +12V supply on C 1290, 12.04V.",C1290,POWER_RAIL_12V,PASS
LOG01720,unit C1983 scope reading CH3: 3.30 Vpp (OK).,C1983,SIGNAL_INTEGRITY,PASS
LOG01721,d-2295 current draw at idle: 201.70 ma.,D2295,CURRENT_DRAW,FAIL
LOG01722,"unit b4375 - +12v supply 12.09v, nominal, per eco-114.",B4375,POWER_RAIL_12V,PASS
LOG01723,A-9818 12v power check measured 11.91V.,A9818,POWER_RAIL_12V,PASS
LOG01724,C8108 eye height CH4 measured 2.66Vpp.,C8108,SIGNAL_INTEGRITY,FAIL
LOG01725,"unit C4331 - idle current draw 66.69mA, per ECO-114.",C4331,CURRENT_DRAW,PASS
LOG01726,"Checked case temp on A-2858, 29.7C.",A2858,THERMAL,PASS
LOG01727,Unit A8608: case temp reading 20.0C (checks out).,A8608,THERMAL,PASS
LOG01728,"C7904 12v power check measured 11.58V, OK.",C7904,POWER_RAIL_12V,PASS
LOG01729,"Unit A6454: quiescent current reading 89.55mA, all good.",A6454,CURRENT_DRAW,PASS
LOG01730,"Checked 3.3v power check on C-8642, 2.81V, line 2.",C8642,POWER_RAIL_3V3,FAIL
LOG01731,board D1041 - +12V supply 11.79V.,D1041,POWER_RAIL_12V,PASS
LOG01732,B-7006 - 3.3V rail 3.29V.,B7006,POWER_RAIL_3V3,PASS
LOG01733,"D0926 - thermal soak reading 32.2C (looks good), customer return unit.",D0926,THERMAL,PASS
LOG01734,board B9169 12V rail measured 10.94V.,B9169,POWER_RAIL_12V,FAIL
LOG01735,unit C5533 idle current draw measured 115.26mA (OK).,C5533,CURRENT_DRAW,PASS
LOG01736,unit d9493: +5v supply reading 5.25v.,D9493,POWER_RAIL_5V,PASS
LOG01737,"Checked CH2 signal check on board C0865, 3.26Vpp (passes), retest after rework.",C0865,SIGNAL_INTEGRITY,PASS
LOG01738,unit D8288 scope reading CH2: 2.93 Vpp (all good).,D8288,SIGNAL_INTEGRITY,PASS
LOG01739,unit b3343 5v rail: 4.99 v.,B3343,POWER_RAIL_5V,PASS
LOG01740,d5352 current draw at idle: 100.99 ma — ok.,D5352,CURRENT_DRAW,PASS
LOG01741,B-7070 quiescent current measured 131.57mA.,B7070,CURRENT_DRAW,PASS
LOG01742,"Checked VDD_12V rail on B-2483, 12.06V, good reading, unit was reworked yesterday.",B2483,POWER_RAIL_12V,PASS
LOG01743,"unit D4733 - signal amplitude CH2 3.26Vpp, retest after rework.",D4733,SIGNAL_INTEGRITY,PASS
LOG01744,board d6629 +3.3v rail: 3.68 v — out of spec.,D6629,POWER_RAIL_3V3,FAIL
LOG01745,"board a0692 - thermal soak reading 30.2c, unit was reworked yesterday.",A0692,THERMAL,PASS
LOG01746,C-4812 eye height CH1 measured 3.05Vpp.,C4812,SIGNAL_INTEGRITY,PASS
LOG01747,"D-2108 cont check CLK: 6.68 Ohm, flagged for rework.",D2108,CONTINUITY,FAIL
LOG01748,"unit D0630 VDD_12V rail measured 11.05V, flagged for rework.",D0630,POWER_RAIL_12V,FAIL
LOG01749,"unit B3280 - 5v power check 5.16V — all good, retest after rework.",B3280,POWER_RAIL_5V,PASS
LOG01750,"C-7769 VDD_5V rail: 4.92 V, within spec.",C7769,POWER_RAIL_5V,PASS
LOG01751,"board C6118 - thermal soak reading 1.8C — no good, shift B.",C6118,THERMAL,FAIL
LOG01752,"C5775 - 12v power check 12.16V (all good), after reflow.",C5775,POWER_RAIL_12V,PASS
LOG01753,"checked resistance check j4 on unit b8690, 1.48ohm — ok.",B8690,CONTINUITY,PASS
LOG01754,"B 7646 continuity on J12 measured 5.28Ohm, no good.",B7646,CONTINUITY,FAIL
LOG01755,unit d 9962: cont check reset reading 6.51ohm (no good).,D9962,CONTINUITY,FAIL
LOG01756,Unit board B6020: standby current reading 115.62mA — within spec.,B6020,CURRENT_DRAW,PASS
LOG01757,"C 0108 - eye height CH2 3.60Vpp, line 2.",C0108,SIGNAL_INTEGRITY,PASS
LOG01758,"board B6791 +12V supply: 12.60 V, good reading.",B6791,POWER_RAIL_12V,PASS
LOG01759,"Checked resistance check J12 on A1050, 4.15Ohm, good reading, line 2.",A1050,CONTINUITY,PASS
LOG01760,"board B0952 VDD_12V rail measured 12.35V, looks good.",B0952,POWER_RAIL_12V,PASS
LOG01761,Unit board A0911: 3v3 supply reading 3.39V — good reading.,A0911,POWER_RAIL_3V3,PASS
LOG01762,Unit C7055: +3.3V rail reading 2.75V (reject).,C7055,POWER_RAIL_3V3,FAIL
LOG01763,"Checked eye height CH4 on B4177, 2.65Vpp, bad reading, after reflow.",B4177,SIGNAL_INTEGRITY,FAIL
LOG01764,"board B4964 - VDD_5V rail 5.63V (no good), after reflow.",B4964,POWER_RAIL_5V,FAIL
LOG01765,"Checked signal amplitude CH2 on B-6050, 3.16Vpp.",B6050,SIGNAL_INTEGRITY,PASS
LOG01766,D4741 case temp measured 63.4C.,D4741,THERMAL,FAIL
LOG01767,unit b 1537: j7 continuity reading 7.66ohm (fails).,B1537,CONTINUITY,FAIL
LOG01768,Unit B-9017: 3.3v power check reading 3.04V.,B9017,POWER_RAIL_3V3,FAIL
LOG01769,unit unit a7861: cont check j12 reading 1.36ohm.,A7861,CONTINUITY,PASS
LOG01770,unit A9013 standby current: 139.06 mA.,A9013,CURRENT_DRAW,PASS
LOG01771,"Checked VDD_12V rail on B 3217, 12.11V, line 2.",B3217,POWER_RAIL_12V,PASS
LOG01772,"board C0555 - +5V supply 4.31V, unit was reworked yesterday.",C0555,POWER_RAIL_5V,FAIL
LOG01773,unit A1673 3.3v power check: 3.34 V — nominal.,A1673,POWER_RAIL_3V3,PASS
LOG01774,board A8585 standby current: 186.04 mA.,A8585,CURRENT_DRAW,FAIL
LOG01775,A 6858 current draw at idle: 64.61 mA — passes.,A6858,CURRENT_DRAW,PASS
LOG01776,"unit C0205 - CH4 signal check 2.99Vpp — passes, shift B.",C0205,SIGNAL_INTEGRITY,PASS
LOG01777,Unit D 3667: thermal soak reading reading 58.5C (doesn't look right).,D3667,THERMAL,FAIL
LOG01778,"Checked CH1 signal check on A-4509, 2.52Vpp, shift B.",A4509,SIGNAL_INTEGRITY,FAIL
LOG01779,"d-0381 - 5v rail 5.67v, retest after rework.",D0381,POWER_RAIL_5V,FAIL
LOG01780,"Checked signal amplitude CH4 on unit B4606, 3.29Vpp (good reading), second attempt.",B4606,SIGNAL_INTEGRITY,PASS
LOG01781,"Unit board A0654: VDD_12V rail reading 10.99V, bad reading.",A0654,POWER_RAIL_12V,FAIL
LOG01782,unit unit a4976: vdd_5v rail reading 4.46v — failed.,A4976,POWER_RAIL_5V,FAIL
LOG01783,"Checked signal amplitude CH1 on board A5643, 3.90Vpp, no good, retest after rework.",A5643,SIGNAL_INTEGRITY,FAIL
LOG01784,Unit B3612: continuity on RESET reading 3.22Ohm.,B3612,CONTINUITY,PASS
LOG01785,"Checked 12V rail on unit A8359, 12.60V, unit was reworked yesterday.",A8359,POWER_RAIL_12V,PASS
LOG01786,Unit B7979: idle current draw reading 96.18mA — OK.,B7979,CURRENT_DRAW,PASS
LOG01787,"b-1083 - resistance check j12 3.09ohm (ok), retest after rework.",B1083,CONTINUITY,PASS
LOG01788,A-5624 signal amplitude CH1: 2.74 Vpp (no good).,A5624,SIGNAL_INTEGRITY,FAIL
LOG01789,Unit board D8194: thermal reading after burn-in reading 32.0C — within spec.,D8194,THERMAL,PASS
LOG01790,"Unit unit B8675: quiescent current reading 99.69mA, within spec.",B8675,CURRENT_DRAW,PASS
LOG01791,unit B2175 3.3v power check: 3.25 V.,B2175,POWER_RAIL_3V3,PASS
LOG01792,unit board d0351: board temp after 10min soak reading 6.3c (doesn't look right).,D0351,THERMAL,FAIL
LOG01793,"Checked eye height CH2 on board B6468, 3.38Vpp — passes, customer return unit.",B6468,SIGNAL_INTEGRITY,PASS
LOG01794,"board B6550 VDD_12V rail measured 11.95V, all good.",B6550,POWER_RAIL_12V,PASS
LOG01795,C-0905 case temp measured 31.6C.,C0905,THERMAL,PASS
LOG01796,D-2943 +3.3V rail measured 3.87V (failed).,D2943,POWER_RAIL_3V3,FAIL
LOG01797,Unit board A4930: quiescent current reading 123.74mA (within spec).,A4930,CURRENT_DRAW,PASS
LOG01798,b 1703 12v rail measured 12.04v — nominal.,B1703,POWER_RAIL_12V,PASS
LOG01799,board B9784 quiescent current measured 7.67mA.,B9784,CURRENT_DRAW,FAIL
LOG01800,"C-9471 CH3 signal check measured 3.70Vpp, failed.",C9471,SIGNAL_INTEGRITY,FAIL
LOG01801,d 0918 5v power check measured 4.82v (looks good).,D0918,POWER_RAIL_5V,PASS
LOG01802,Unit A3858: eye height CH4 reading 3.13Vpp — OK.,A3858,SIGNAL_INTEGRITY,PASS
LOG01803,Unit B-1037: EN_LINE continuity reading 7.01Ohm.,B1037,CONTINUITY,FAIL
LOG01804,"b 7883 - vdd_12v rail 12.06v — ok, shift b.",B7883,POWER_RAIL_12V,PASS
LOG01805,"checked 12v power check on d-1010, 11.16v (doesn't look right), line 2.",D1010,POWER_RAIL_12V,FAIL
LOG01806,"board C2473 5V rail measured 4.99V, checks out.",C2473,POWER_RAIL_5V,PASS
LOG01807,"D 5172 - VDD_5V rail 4.94V, looks good, customer return unit.",D5172,POWER_RAIL_5V,PASS
LOG01808,"board A1611 - 3.3v power check 3.33V (all good), after reflow.",A1611,POWER_RAIL_3V3,PASS
LOG01809,"Checked 12v power check on unit D4773, 12.46V, after reflow.",D4773,POWER_RAIL_12V,PASS
LOG01810,D-5283 scope reading CH1: 3.07 Vpp.,D5283,SIGNAL_INTEGRITY,PASS
LOG01811,C6764 current draw at idle measured 121.00mA (good reading).,C6764,CURRENT_DRAW,PASS
LOG01812,A-2233 5V rail measured 4.45V.,A2233,POWER_RAIL_5V,FAIL
LOG01813,unit B3074 +5V supply: 5.38 V.,B3074,POWER_RAIL_5V,FAIL
LOG01814,A 1648 current draw at idle: 98.16 mA.,A1648,CURRENT_DRAW,PASS
LOG01815,Unit unit A0523: thermal reading after burn-in reading 31.5C.,A0523,THERMAL,PASS
LOG01816,"d8290 - scope reading ch4 3.39vpp, ok, second attempt.",D8290,SIGNAL_INTEGRITY,PASS
LOG01817,A 8804 resistance check J4: 2.32 Ohm — good reading.,A8804,CONTINUITY,PASS
LOG01818,"Checked thermal soak reading on B3499, 10.9C.",B3499,THERMAL,FAIL
LOG01819,"Unit D-9242: current draw at idle reading -4.86mA, doesn't look right.",D9242,CURRENT_DRAW,FAIL
LOG01820,Unit board C2098: VDD_5V rail reading 5.00V.,C2098,POWER_RAIL_5V,PASS
LOG01821,"board b7539 - idle current draw 125.35ma — good reading, after reflow.",B7539,CURRENT_DRAW,PASS
LOG01822,C 2230 quiescent current: 80.35 mA.,C2230,CURRENT_DRAW,PASS
LOG01823,c4260 +12v supply measured 12.19v — looks good.,C4260,POWER_RAIL_12V,PASS
LOG01824,"checked thermal soak reading on b1182, 44.4c (within spec), retest after rework.",B1182,THERMAL,PASS
LOG01825,"board D9492 - 5V rail 5.14V, customer return unit.",D9492,POWER_RAIL_5V,PASS
LOG01826,B4166 VDD_12V rail: 11.58 V (checks out).,B4166,POWER_RAIL_12V,PASS
LOG01827,"Checked VDD_5V rail on board A7628, 4.84V, retest after rework.",A7628,POWER_RAIL_5V,PASS
LOG01828,"b 2298 - vdd_5v rail 4.86v, passes, per eco-114.",B2298,POWER_RAIL_5V,PASS
LOG01829,board c0467 +12v supply measured 12.25v — nominal.,C0467,POWER_RAIL_12V,PASS
LOG01830,board C5193 idle current draw: 160.87 mA.,C5193,CURRENT_DRAW,FAIL
LOG01831,"Checked cont check CLK on unit C8507, 1.75Ohm, checks out.",C8507,CONTINUITY,PASS
LOG01832,board C8435 scope reading CH3: 3.39 Vpp.,C8435,SIGNAL_INTEGRITY,PASS
LOG01833,"Checked 5v power check on board A0518, 4.30V, shift B.",A0518,POWER_RAIL_5V,FAIL
LOG01834,"Checked scope reading CH4 on board B0028, 2.91Vpp, customer return unit.",B0028,SIGNAL_INTEGRITY,PASS
LOG01835,"a0469 - eye height ch4 3.34vpp — looks good, second attempt.",A0469,SIGNAL_INTEGRITY,PASS
LOG01836,"c 2868 - thermal reading after burn-in 58.7c, after reflow.",C2868,THERMAL,FAIL
LOG01837,"Checked eye height CH2 on C7766, 3.15Vpp (looks good), line 2.",C7766,SIGNAL_INTEGRITY,PASS
LOG01838,unit a 8575: case temp reading 7.5c (flagged for rework).,A8575,THERMAL,FAIL
LOG01839,"Checked resistance check EN_LINE on unit C0317, 2.71Ohm.",C0317,CONTINUITY,PASS
LOG01840,A-4068 +5V supply measured 4.97V.,A4068,POWER_RAIL_5V,PASS
LOG01841,Unit B-4967: thermal soak reading reading 32.1C.,B4967,THERMAL,PASS
LOG01842,"A2448 - +3.3V rail 3.83V — failed, line 2.",A2448,POWER_RAIL_3V3,FAIL
LOG01843,"Checked 12v power check on board A2571, 11.01V, second attempt.",A2571,POWER_RAIL_12V,FAIL
LOG01844,"Checked thermal reading after burn-in on B 6079, 17.6C, unit was reworked yesterday.",B6079,THERMAL,FAIL
LOG01845,"board D2448 - +5V supply 4.95V — good reading, per ECO-114.",D2448,POWER_RAIL_5V,PASS
LOG01846,unit D0628 current draw at idle measured 94.62mA — within spec.,D0628,CURRENT_DRAW,PASS
LOG01847,board A3694 resistance check J4 measured 7.26Ohm (out of spec).,A3694,CONTINUITY,FAIL
LOG01848,unit D2396 standby current measured 97.17mA (within spec).,D2396,CURRENT_DRAW,PASS
LOG01849,B6195 signal amplitude CH2: 3.65 Vpp.,B6195,SIGNAL_INTEGRITY,FAIL
LOG01850,B6027 VDD_12V rail: 12.46 V — within spec.,B6027,POWER_RAIL_12V,PASS
LOG01851,"Checked thermal reading after burn-in on B1508, 62.6C, line 2.",B1508,THERMAL,FAIL
LOG01852,"Checked case temp on D-7517, 23.5C — good reading, line 2.",D7517,THERMAL,PASS
LOG01853,D0008 VDD_5V rail: 4.98 V.,D0008,POWER_RAIL_5V,PASS
LOG01854,"unit C5545 - eye height CH4 2.53Vpp, shift B.",C5545,SIGNAL_INTEGRITY,FAIL
LOG01855,"B-5141 - 3v3 supply 3.35V (within spec), second attempt.",B5141,POWER_RAIL_3V3,PASS
LOG01856,Unit B5089: case temp reading 32.9C.,B5089,THERMAL,PASS
LOG01857,unit C3864 - +12V supply 11.95V (all good).,C3864,POWER_RAIL_12V,PASS
LOG01858,Unit D8001: board temp after 10min soak reading 44.3C — good reading.,D8001,THERMAL,PASS
LOG01859,"A5868 quiescent current measured 93.99mA, within spec.",A5868,CURRENT_DRAW,PASS
LOG01860,board B0307 12v power check measured 11.74V.,B0307,POWER_RAIL_12V,PASS
LOG01861,"A-0048 - VDD_5V rail 4.38V, shift B.",A0048,POWER_RAIL_5V,FAIL
LOG01862,"Checked cont check J4 on unit D6677, 7.47Ohm — bad reading.",D6677,CONTINUITY,FAIL
LOG01863,"Checked eye height CH1 on B 4427, 2.40Vpp (no good), second attempt.",B4427,SIGNAL_INTEGRITY,FAIL
LOG01864,board C4605 EN_LINE continuity measured 0.55Ohm (all good).,C4605,CONTINUITY,PASS
LOG01865,board B8111 3.3V rail measured 3.49V (reject).,B8111,POWER_RAIL_3V3,FAIL
LOG01866,B 0835 case temp measured 42.0C — OK.,B0835,THERMAL,PASS
LOG01867,"checked resistance check en_line on unit d1806, 2.26ohm (nominal).",D1806,CONTINUITY,PASS
LOG01868,C 1211 VDD_3V3 rail measured 2.69V.,C1211,POWER_RAIL_3V3,FAIL
LOG01869,A-9153 3v3 supply measured 3.28V.,A9153,POWER_RAIL_3V3,PASS
LOG01870,Unit unit D9430: standby current reading 108.96mA.,D9430,CURRENT_DRAW,PASS
LOG01871,C-6775 3.3v power check measured 3.36V.,C6775,POWER_RAIL_3V3,PASS
LOG01872,A-9730 idle current draw measured 97.52mA.,A9730,CURRENT_DRAW,PASS
LOG01873,"checked signal amplitude ch4 on b4908, 2.89vpp — good reading.",B4908,SIGNAL_INTEGRITY,PASS
LOG01874,A 3757 scope reading CH3: 3.08 Vpp.,A3757,SIGNAL_INTEGRITY,PASS
LOG01875,unit B2168 5V rail measured 4.34V.,B2168,POWER_RAIL_5V,FAIL
LOG01876,Unit unit A3379: CH3 signal check reading 3.03Vpp.,A3379,SIGNAL_INTEGRITY,PASS
LOG01877,unit C8676 5v power check measured 4.77V — looks good.,C8676,POWER_RAIL_5V,PASS
LOG01878,Unit D6450: board temp after 10min soak reading 43.0C.,D6450,THERMAL,PASS
LOG01879,"Checked thermal reading after burn-in on board A4252, 23.3C, second attempt.",A4252,THERMAL,PASS
LOG01880,Unit B7192: resistance check RESET reading 2.26Ohm — looks good.,B7192,CONTINUITY,PASS
LOG01881,"B 8007 - resistance check J7 6.21Ohm — out of spec, shift B.",B8007,CONTINUITY,FAIL
LOG01882,A-6265 +12V supply measured 10.99V.,A6265,POWER_RAIL_12V,FAIL
LOG01883,"a3318 - j4 continuity 3.12ohm (checks out), customer return unit.",A3318,CONTINUITY,PASS
LOG01884,B3438 - eye height CH2 3.04Vpp.,B3438,SIGNAL_INTEGRITY,PASS
LOG01885,B-9137 standby current: 8.66 mA (out of spec).,B9137,CURRENT_DRAW,FAIL
LOG01886,Unit board D7142: quiescent current reading 113.29mA (passes).,D7142,CURRENT_DRAW,PASS
LOG01887,board A6832 thermal soak reading: 44.5 C.,A6832,THERMAL,PASS
LOG01888,C-9944 CH4 signal check measured 2.83Vpp.,C9944,SIGNAL_INTEGRITY,PASS
LOG01889,Unit D3027: cont check J12 reading 5.55Ohm.,D3027,CONTINUITY,FAIL
LOG01890,"Checked 12V rail on board C4910, 11.71V (within spec), unit was reworked yesterday.",C4910,POWER_RAIL_12V,PASS
LOG01891,"B 3305 - 5v power check 5.62V, per ECO-114.",B3305,POWER_RAIL_5V,FAIL
LOG01892,"Unit board D4236: 12v power check reading 13.17V, fails.",D4236,POWER_RAIL_12V,FAIL
LOG01893,Unit D-3316: +3.3V rail reading 3.38V (looks good).,D3316,POWER_RAIL_3V3,PASS
LOG01894,unit A0741 cont check CLK measured 1.11Ohm (looks good).,A0741,CONTINUITY,PASS
LOG01895,Unit board B3126: thermal reading after burn-in reading 67.1C.,B3126,THERMAL,FAIL
LOG01896,"unit D4866 - idle current draw 116.99mA, all good, after reflow.",D4866,CURRENT_DRAW,PASS
LOG01897,"Checked 12v power check on A 3660, 11.14V — fails, second attempt.",A3660,POWER_RAIL_12V,FAIL
LOG01898,unit D4030 CH2 signal check: 4.00 Vpp — out of spec.,D4030,SIGNAL_INTEGRITY,FAIL
LOG01899,D4605 5V rail: 5.08 V (passes).,D4605,POWER_RAIL_5V,PASS
LOG01900,"board B0269 - standby current 79.48mA — OK, shift B.",B0269,CURRENT_DRAW,PASS
LOG01901,unit D3101 3v3 supply: 3.35 V.,D3101,POWER_RAIL_3V3,PASS
LOG01902,board A1992 5V rail measured 4.68V — fails.,A1992,POWER_RAIL_5V,FAIL
LOG01903,"Checked board temp after 10min soak on B-6424, 28.7C.",B6424,THERMAL,PASS
LOG01904,"board D1408 idle current draw: 50.00 mA, nominal.",D1408,CURRENT_DRAW,PASS
LOG01905,D2589 standby current measured 22.60mA.,D2589,CURRENT_DRAW,FAIL
LOG01906,c9227 thermal soak reading measured 29.8c — good reading.,C9227,THERMAL,PASS
LOG01907,"Checked resistance check J4 on C4496, 7.86Ohm (reject), second attempt.",C4496,CONTINUITY,FAIL
LOG01908,"Unit C9729: scope reading CH1 reading 3.19Vpp, passes.",C9729,SIGNAL_INTEGRITY,PASS
LOG01909,"Checked scope reading CH1 on C-3770, 3.00Vpp, per ECO-114.",C3770,SIGNAL_INTEGRITY,PASS
LOG01910,"Checked RESET continuity on board A7859, 4.28Ohm, shift B.",A7859,CONTINUITY,PASS
LOG01911,unit A1994 CH2 signal check: 3.25 Vpp (within spec).,A1994,SIGNAL_INTEGRITY,PASS
LOG01912,"Unit D6477: 12V rail reading 11.59V, checks out.",D6477,POWER_RAIL_12V,PASS
LOG01913,"board A5492 - CH1 signal check 3.41Vpp, after reflow.",A5492,SIGNAL_INTEGRITY,PASS
LOG01914,"c3889 - vdd_5v rail 5.09v (good reading), per eco-114.",C3889,POWER_RAIL_5V,PASS
LOG01915,Unit A3445: 3v3 supply reading 3.45V.,A3445,POWER_RAIL_3V3,PASS
LOG01916,D-2794 3.3v power check: 2.66 V (reject).,D2794,POWER_RAIL_3V3,FAIL
LOG01917,"checked 5v rail on d-1669, 5.08v (within spec).",D1669,POWER_RAIL_5V,PASS
LOG01918,"board D4708 - thermal soak reading 62.7C, unit was reworked yesterday.",D4708,THERMAL,FAIL
LOG01919,"Checked 12v power check on A-6475, 12.05V, retest after rework.",A6475,POWER_RAIL_12V,PASS
LOG01920,"C 1902 12v power check: 11.07 V, out of spec.",C1902,POWER_RAIL_12V,FAIL
LOG01921,"unit C2102 - +5V supply 5.10V, per ECO-114.",C2102,POWER_RAIL_5V,PASS
LOG01922,"board C7030 current draw at idle: 50.00 mA, looks good.",C7030,CURRENT_DRAW,PASS
LOG01923,unit a 0494: +5v supply reading 4.99v.,A0494,POWER_RAIL_5V,PASS
LOG01924,unit board b9316: vdd_5v rail reading 5.25v.,B9316,POWER_RAIL_5V,PASS
LOG01925,D 2359 12V rail measured 11.40V.,D2359,POWER_RAIL_12V,PASS
LOG01926,B 8247 - VDD_3V3 rail 3.23V — looks good.,B8247,POWER_RAIL_3V3,PASS
LOG01927,"D-2272 VDD_3V3 rail: 2.75 V, reject.",D2272,POWER_RAIL_3V3,FAIL
LOG01928,"Unit unit C0372: +12V supply reading 11.81V, all good.",C0372,POWER_RAIL_12V,PASS
LOG01929,"unit C1323 +5V supply measured 5.58V, bad reading.",C1323,POWER_RAIL_5V,FAIL
LOG01930,Unit A0857: +12V supply reading 12.59V — looks good.,A0857,POWER_RAIL_12V,PASS
LOG01931,Unit unit B9016: thermal reading after burn-in reading 66.0C — bad reading.,B9016,THERMAL,FAIL
LOG01932,"unit D2775 - case temp 41.5C, second attempt.",D2775,THERMAL,PASS
LOG01933,Unit B 1364: thermal reading after burn-in reading 37.8C (good reading).,B1364,THERMAL,PASS
LOG01934,"Checked quiescent current on board B6807, 58.31mA (all good), per ECO-114.",B6807,CURRENT_DRAW,PASS
LOG01935,B3590 thermal reading after burn-in: 12.0 C — out of spec.,B3590,THERMAL,FAIL
LOG01936,"Unit A-4603: VDD_5V rail reading 4.39V, flagged for rework.",A4603,POWER_RAIL_5V,FAIL
LOG01937,"Unit A 9647: 5V rail reading 4.42V, failed.",A9647,POWER_RAIL_5V,FAIL
LOG01938,Unit unit D0969: eye height CH3 reading 3.12Vpp.,D0969,SIGNAL_INTEGRITY,PASS
LOG01939,"Checked idle current draw on D1460, 114.40mA (good reading), second attempt.",D1460,CURRENT_DRAW,PASS
LOG01940,"Checked signal amplitude CH4 on board B9350, 3.21Vpp, good reading, unit was reworked yesterday.",B9350,SIGNAL_INTEGRITY,PASS
LOG01941,unit B0878 CH1 signal check: 2.39 Vpp.,B0878,SIGNAL_INTEGRITY,FAIL
LOG01942,"C 4400 - 12v power check 12.91V (flagged for rework), shift B.",C4400,POWER_RAIL_12V,FAIL
LOG01943,"Checked VDD_3V3 rail on B-2532, 3.96V — reject, customer return unit.",B2532,POWER_RAIL_3V3,FAIL
LOG01944,"D 8058 standby current: 120.45 mA, nominal.",D8058,CURRENT_DRAW,PASS
LOG01945,"C-5847 12v power check: 11.40 V, looks good.",C5847,POWER_RAIL_12V,PASS
LOG01946,D 2578 VDD_5V rail measured 4.81V (looks good).,D2578,POWER_RAIL_5V,PASS
LOG01947,"B8989 3v3 supply: 3.40 V, good reading.",B8989,POWER_RAIL_3V3,PASS
LOG01948,"unit A4065 - 12V rail 11.11V, line 2.",A4065,POWER_RAIL_12V,FAIL
LOG01949,C-2294 12v power check: 12.41 V.,C2294,POWER_RAIL_12V,PASS
LOG01950,"A-7858 continuity on J12 measured 3.08Ohm, looks good.",A7858,CONTINUITY,PASS
LOG01951,"Checked 12v power check on D 0452, 11.86V, after reflow.",D0452,POWER_RAIL_12V,PASS
LOG01952,"B-3222 thermal reading after burn-in measured 0.8C, failed.",B3222,THERMAL,FAIL
LOG01953,unit D4055 +5V supply measured 5.09V — OK.,D4055,POWER_RAIL_5V,PASS
LOG01954,Unit D 2243: eye height CH3 reading 3.77Vpp (bad reading).,D2243,SIGNAL_INTEGRITY,FAIL
LOG01955,board C1281 signal amplitude CH1 measured 3.49Vpp.,C1281,SIGNAL_INTEGRITY,PASS
LOG01956,"Unit C3675: quiescent current reading 59.31mA, passes.",C3675,CURRENT_DRAW,PASS
LOG01957,"Unit board C0450: 12V rail reading 13.17V, fails.",C0450,POWER_RAIL_12V,FAIL
LOG01958,a-1113 3.3v rail measured 3.24v — looks good.,A1113,POWER_RAIL_3V3,PASS
LOG01959,"Unit unit C5925: signal amplitude CH2 reading 3.44Vpp, good reading.",C5925,SIGNAL_INTEGRITY,PASS
LOG01960,"Checked VDD_3V3 rail on board C6108, 3.19V (good reading).",C6108,POWER_RAIL_3V3,PASS
LOG01961,"c7861 - +12v supply 11.28v, reject, customer return unit.",C7861,POWER_RAIL_12V,FAIL
LOG01962,"board D1394 - scope reading CH3 3.15Vpp, passes, customer return unit.",D1394,SIGNAL_INTEGRITY,PASS
LOG01963,D 9576 5V rail: 4.55 V.,D9576,POWER_RAIL_5V,FAIL
LOG01964,"A 6098 - +12V supply 11.88V, after reflow.",A6098,POWER_RAIL_12V,PASS
LOG01965,"board D7862 eye height CH4 measured 3.18Vpp, good reading.",D7862,SIGNAL_INTEGRITY,PASS
LOG01966,board b7950 ch2 signal check measured 3.00vpp.,B7950,SIGNAL_INTEGRITY,PASS
LOG01967,"Unit C-3500: quiescent current reading 88.06mA, OK.",C3500,CURRENT_DRAW,PASS
LOG01968,"Checked 5V rail on D 1106, 5.04V — checks out, second attempt.",D1106,POWER_RAIL_5V,PASS
LOG01969,"Checked 12v power check on A2810, 12.04V, retest after rework.",A2810,POWER_RAIL_12V,PASS
LOG01970,"C-5316 current draw at idle: 160.72 mA, doesn't look right.",C5316,CURRENT_DRAW,FAIL
LOG01971,"Checked 12v power check on board D6383, 13.14V, shift B.",D6383,POWER_RAIL_12V,FAIL
LOG01972,"Unit C 6466: +3.3V rail reading 3.35V, passes.",C6466,POWER_RAIL_3V3,PASS
LOG01973,"Checked EN_LINE continuity on C 1694, 2.56Ohm (OK), retest after rework.",C1694,CONTINUITY,PASS
LOG01974,A0881 RESET continuity measured 7.98Ohm.,A0881,CONTINUITY,FAIL
LOG01975,"checked case temp on unit d0670, 8.8c, retest after rework.",D0670,THERMAL,FAIL
LOG01976,"C0027 continuity on RESET measured 3.53Ohm, passes.",C0027,CONTINUITY,PASS
LOG01977,"Checked +3.3V rail on C5591, 3.32V, unit was reworked yesterday.",C5591,POWER_RAIL_3V3,PASS
LOG01978,"checked resistance check reset on c 1497, 3.48ohm — checks out, unit was reworked yesterday.",C1497,CONTINUITY,PASS
LOG01979,board D5252 current draw at idle: 116.74 mA — checks out.,D5252,CURRENT_DRAW,PASS
LOG01980,"Checked CH3 signal check on unit B1600, 4.04Vpp, customer return unit.",B1600,SIGNAL_INTEGRITY,FAIL
LOG01981,"Checked idle current draw on C 7125, 14.62mA, per ECO-114.",C7125,CURRENT_DRAW,FAIL
LOG01982,"Checked VDD_12V rail on unit C5990, 12.37V — passes, retest after rework.",C5990,POWER_RAIL_12V,PASS
LOG01983,D 2999 12v power check measured 11.87V.,D2999,POWER_RAIL_12V,PASS
LOG01984,"Checked 12V rail on board A0425, 11.85V — looks good, shift B.",A0425,POWER_RAIL_12V,PASS
LOG01985,"checked ch3 signal check on board c0239, 3.15vpp, unit was reworked yesterday.",C0239,SIGNAL_INTEGRITY,PASS
LOG01986,A 5732 3.3V rail: 2.93 V.,A5732,POWER_RAIL_3V3,FAIL
LOG01987,board b9356 vdd_5v rail measured 5.30v — bad reading.,B9356,POWER_RAIL_5V,FAIL
LOG01988,unit b5329 +5v supply: 5.01 v.,B5329,POWER_RAIL_5V,PASS
LOG01989,Unit D-2935: 5v power check reading 5.13V — looks good.,D2935,POWER_RAIL_5V,PASS
LOG01990,Unit C0107: eye height CH4 reading 2.70Vpp.,C0107,SIGNAL_INTEGRITY,FAIL
LOG01991,"Checked +5V supply on A 4625, 4.38V (out of spec).",A4625,POWER_RAIL_5V,FAIL
LOG01992,Unit B3237: +3.3V rail reading 3.30V — OK.,B3237,POWER_RAIL_3V3,PASS
LOG01993,Unit D 1451: signal amplitude CH4 reading 3.76Vpp.,D1451,SIGNAL_INTEGRITY,FAIL
LOG01994,D-7864 12v power check measured 11.72V.,D7864,POWER_RAIL_12V,PASS
LOG01995,Unit unit C5956: 3.3v power check reading 3.16V.,C5956,POWER_RAIL_3V3,PASS
LOG01996,"checked vdd_12v rail on unit b8266, 12.60v, retest after rework.",B8266,POWER_RAIL_12V,PASS
LOG01997,"Checked 3.3v power check on A0150, 3.35V, per ECO-114.",A0150,POWER_RAIL_3V3,PASS
LOG01998,"Checked +12V supply on board B3854, 11.40V, within spec.",B3854,POWER_RAIL_12V,PASS
LOG01999,"Checked +5V supply on D6422, 5.25V — OK.",D6422,POWER_RAIL_5V,PASS
LOG02000,C 0589 - current draw at idle 111.74mA — within spec.,C0589,CURRENT_DRAW,PASS
LOG02001,board C6994 VDD_12V rail: 11.68 V.,C6994,POWER_RAIL_12V,PASS
LOG02002,"A5949 - 3.3V rail 2.85V (out of spec), unit was reworked yesterday.",A5949,POWER_RAIL_3V3,FAIL
LOG02003,D-4875 standby current measured 94.10mA (within spec).,D4875,CURRENT_DRAW,PASS
LOG02004,"unit d4849 thermal soak reading measured 35.0c, nominal.",D4849,THERMAL,PASS
LOG02005,"unit d0123 12v rail: 11.96 v, passes.",D0123,POWER_RAIL_12V,PASS
LOG02006,"Checked CH1 signal check on B 3500, 3.08Vpp, second attempt.",B3500,SIGNAL_INTEGRITY,PASS
LOG02007,c 1410 5v rail: 4.93 v.,C1410,POWER_RAIL_5V,PASS
LOG02008,"Checked standby current on D 0586, 91.31mA — OK, customer return unit.",D0586,CURRENT_DRAW,PASS
LOG02009,board C4033 cont check J12 measured 7.79Ohm.,C4033,CONTINUITY,FAIL
LOG02010,"board B3258 - signal amplitude CH3 2.62Vpp (reject), customer return unit.",B3258,SIGNAL_INTEGRITY,FAIL
LOG02011,Unit unit D0685: 3.3v power check reading 3.32V.,D0685,POWER_RAIL_3V3,PASS
LOG02012,unit B3320 VDD_12V rail: 11.70 V — all good.,B3320,POWER_RAIL_12V,PASS
LOG02013,"Checked continuity on J4 on unit A7188, 3.14Ohm, per ECO-114.",A7188,CONTINUITY,PASS
LOG02014,A6505 VDD_12V rail measured 12.85V.,A6505,POWER_RAIL_12V,FAIL
LOG02015,"Checked signal amplitude CH3 on D 4587, 3.10Vpp — OK, line 2.",D4587,SIGNAL_INTEGRITY,PASS
LOG02016,Unit unit D6900: resistance check RESET reading 3.51Ohm.,D6900,CONTINUITY,PASS
LOG02017,"D-7814 - board temp after 10min soak 44.1C, retest after rework.",D7814,THERMAL,PASS
LOG02018,"Checked 3v3 supply on unit D1033, 3.18V, customer return unit.",D1033,POWER_RAIL_3V3,PASS
LOG02019,C 1045 standby current measured 50.00mA (OK).,C1045,CURRENT_DRAW,PASS
LOG02020,"board D8736 - signal amplitude CH2 3.59Vpp, retest after rework.",D8736,SIGNAL_INTEGRITY,PASS
LOG02021,"Checked current draw at idle on B9696, 84.59mA, after reflow.",B9696,CURRENT_DRAW,PASS
LOG02022,"A-7651 - +3.3V rail 3.54V, second attempt.",A7651,POWER_RAIL_3V3,FAIL
LOG02023,"Checked board temp after 10min soak on board D3730, 37.3C, line 2.",D3730,THERMAL,PASS
LOG02024,A8401 idle current draw: -1.13 mA.,A8401,CURRENT_DRAW,FAIL
LOG02025,B-6442 12v power check measured 12.03V — checks out.,B6442,POWER_RAIL_12V,PASS
LOG02026,Unit unit C0114: board temp after 10min soak reading 39.5C.,C0114,THERMAL,PASS
LOG02027,"Checked thermal reading after burn-in on B 8951, 24.2C, unit was reworked yesterday.",B8951,THERMAL,PASS
LOG02028,D-5361 thermal soak reading: 46.2 C — nominal.,D5361,THERMAL,PASS
LOG02029,"B2625 - 3.3v power check 3.00V, doesn't look right, after reflow.",B2625,POWER_RAIL_3V3,FAIL
LOG02030,"Checked VDD_12V rail on unit D2563, 11.98V, line 2.",D2563,POWER_RAIL_12V,PASS
LOG02031,A-0099 3v3 supply measured 3.35V.,A0099,POWER_RAIL_3V3,PASS
LOG02032,D1713 idle current draw measured 116.71mA (good reading).,D1713,CURRENT_DRAW,PASS
LOG02033,"Checked quiescent current on D4665, 127.67mA, checks out, customer return unit.",D4665,CURRENT_DRAW,PASS
LOG02034,Unit board B4061: continuity on J4 reading 0.40Ohm.,B4061,CONTINUITY,PASS
LOG02035,"C 4796 - 12v power check 12.48V, second attempt.",C4796,POWER_RAIL_12V,PASS
LOG02036,c0282 thermal reading after burn-in: 20.0 c.,C0282,THERMAL,PASS
LOG02037,"Checked 3.3V rail on board D6352, 3.20V (passes), shift B.",D6352,POWER_RAIL_3V3,PASS
LOG02038,A9442 +5V supply measured 4.99V — nominal.,A9442,POWER_RAIL_5V,PASS
LOG02039,unit B0886 CH2 signal check: 3.45 Vpp.,B0886,SIGNAL_INTEGRITY,PASS
LOG02040,unit D9048 board temp after 10min soak measured 14.5C — reject.,D9048,THERMAL,FAIL
LOG02041,"board D9787 5V rail: 4.39 V, no good.",D9787,POWER_RAIL_5V,FAIL
LOG02042,A-4313 scope reading CH4: 3.20 Vpp — passes.,A4313,SIGNAL_INTEGRITY,PASS
LOG02043,C 3522 VDD_12V rail measured 11.91V — within spec.,C3522,POWER_RAIL_12V,PASS
LOG02044,"unit b1456 - 3.3v rail 3.25v, ok, retest after rework.",B1456,POWER_RAIL_3V3,PASS
LOG02045,board C2379 current draw at idle measured 184.02mA.,C2379,CURRENT_DRAW,FAIL
LOG02046,"Unit A 0455: VDD_3V3 rail reading 3.34V, checks out.",A0455,POWER_RAIL_3V3,PASS
LOG02047,"Checked 5V rail on board B6174, 4.52V, unit was reworked yesterday.",B6174,POWER_RAIL_5V,FAIL
LOG02048,"unit B8029 signal amplitude CH1 measured 2.33Vpp, fails.",B8029,SIGNAL_INTEGRITY,FAIL
LOG02049,unit c5649 thermal reading after burn-in: 55.0 c.,C5649,THERMAL,PASS
LOG02050,Unit unit D2133: continuity on RESET reading 5.54Ohm.,D2133,CONTINUITY,FAIL
LOG02051,unit c6505 vdd_3v3 rail measured 3.15v.,C6505,POWER_RAIL_3V3,PASS
LOG02052,A4382 idle current draw measured 96.77mA.,A4382,CURRENT_DRAW,PASS
LOG02053,c7454 3.3v rail measured 3.39v.,C7454,POWER_RAIL_3V3,PASS
LOG02054,board B1824 continuity on CLK: 3.02 Ohm (nominal).,B1824,CONTINUITY,PASS
LOG02055,unit B8758 signal amplitude CH3: 3.30 Vpp (passes).,B8758,SIGNAL_INTEGRITY,PASS
LOG02056,"Checked scope reading CH1 on B-5680, 3.34Vpp (looks good).",B5680,SIGNAL_INTEGRITY,PASS
LOG02057,Unit D 6608: 3.3V rail reading 3.76V.,D6608,POWER_RAIL_3V3,FAIL
LOG02058,"A5518 12V rail: 11.82 V, good reading.",A5518,POWER_RAIL_12V,PASS
LOG02059,"Checked current draw at idle on board D4707, 150.00mA, after reflow.",D4707,CURRENT_DRAW,PASS
LOG02060,C8142 resistance check EN_LINE measured 4.80Ohm.,C8142,CONTINUITY,PASS
LOG02061,"Unit board B2968: +12V supply reading 12.32V, passes.",B2968,POWER_RAIL_12V,PASS
LOG02062,"Unit board D4552: standby current reading 131.15mA, checks out.",D4552,CURRENT_DRAW,PASS
LOG02063,"C7351 - +5V supply 5.12V, second attempt.",C7351,POWER_RAIL_5V,PASS
LOG02064,"C 5689 - thermal reading after burn-in 36.4C (good reading), unit was reworked yesterday.",C5689,THERMAL,PASS
LOG02065,"C 6679 - CH4 signal check 3.44Vpp, customer return unit.",C6679,SIGNAL_INTEGRITY,PASS
LOG02066,C9629 scope reading CH3 measured 2.65Vpp.,C9629,SIGNAL_INTEGRITY,FAIL
LOG02067,"D-6255 - 3v3 supply 2.97V, second attempt.",D6255,POWER_RAIL_3V3,FAIL
LOG02068,"b 3884 5v rail measured 5.03v, good reading.",B3884,POWER_RAIL_5V,PASS
LOG02069,"Checked signal amplitude CH4 on D7016, 2.47Vpp, line 2.",D7016,SIGNAL_INTEGRITY,FAIL
LOG02070,B7437 RESET continuity measured 4.54Ohm.,B7437,CONTINUITY,PASS
LOG02071,"unit D8194 scope reading CH3 measured 3.16Vpp, within spec.",D8194,SIGNAL_INTEGRITY,PASS
LOG02072,"unit b6616 - standby current 81.32ma, after reflow.",B6616,CURRENT_DRAW,PASS
LOG02073,A 1103 resistance check J7: 6.58 Ohm.,A1103,CONTINUITY,FAIL
LOG02074,board D5446 3v3 supply measured 3.22V — within spec.,D5446,POWER_RAIL_3V3,PASS
LOG02075,"Unit D 6196: 3.3V rail reading 3.25V, passes.",D6196,POWER_RAIL_3V3,PASS
LOG02076,board C2445 case temp measured 41.2C — within spec.,C2445,THERMAL,PASS
LOG02077,unit C8381 thermal reading after burn-in: 64.7 C.,C8381,THERMAL,FAIL
LOG02078,"A9995 resistance check RESET measured 3.06Ohm, within spec.",A9995,CONTINUITY,PASS
LOG02079,"board C1628 - idle current draw 203.83mA — reject, after reflow.",C1628,CURRENT_DRAW,FAIL
LOG02080,"A-1394 - VDD_3V3 rail 2.71V, shift B.",A1394,POWER_RAIL_3V3,FAIL
LOG02081,Unit C 2005: 12V rail reading 12.56V.,C2005,POWER_RAIL_12V,PASS
LOG02082,"board B3483 - +5V supply 4.96V, line 2.",B3483,POWER_RAIL_5V,PASS
LOG02083,"board A5861 - 12v power check 10.78V (failed), retest after rework.",A5861,POWER_RAIL_12V,FAIL
LOG02084,unit d-4593: +5v supply reading 5.09v (good reading).,D4593,POWER_RAIL_5V,PASS
LOG02085,"Checked 3v3 supply on C9178, 3.72V, unit was reworked yesterday.",C9178,POWER_RAIL_3V3,FAIL
LOG02086,Unit unit D0602: +3.3V rail reading 3.11V — flagged for rework.,D0602,POWER_RAIL_3V3,FAIL
LOG02087,D-5108 eye height CH4 measured 2.31Vpp.,D5108,SIGNAL_INTEGRITY,FAIL
LOG02088,"Unit unit A0389: resistance check J4 reading 4.35Ohm, nominal.",A0389,CONTINUITY,PASS
LOG02089,b0790 vdd_5v rail: 4.53 v (bad reading).,B0790,POWER_RAIL_5V,FAIL
LOG02090,C3069 resistance check J4: 2.22 Ohm.,C3069,CONTINUITY,PASS
LOG02091,"C 3174 VDD_3V3 rail measured 3.74V, bad reading.",C3174,POWER_RAIL_3V3,FAIL
LOG02092,"D2430 - 5V rail 4.30V, after reflow.",D2430,POWER_RAIL_5V,FAIL
LOG02093,"Checked case temp on B-1809, 25.8C, customer return unit.",B1809,THERMAL,PASS
LOG02094,unit D2288 J7 continuity measured 1.96Ohm — passes.,D2288,CONTINUITY,PASS
LOG02095,Unit D2661: VDD_3V3 rail reading 3.31V — OK.,D2661,POWER_RAIL_3V3,PASS
LOG02096,"D4305 - resistance check J4 3.73Ohm (good reading), shift B.",D4305,CONTINUITY,PASS
LOG02097,"B 3679 - 5v power check 4.97V, retest after rework.",B3679,POWER_RAIL_5V,PASS
LOG02098,"board A2124 - CH3 signal check 2.38Vpp, unit was reworked yesterday.",A2124,SIGNAL_INTEGRITY,FAIL
LOG02099,"A-6212 continuity on J12: 6.84 Ohm, bad reading.",A6212,CONTINUITY,FAIL
LOG02100,"checked +5v supply on a2325, 5.70v, failed, shift b.",A2325,POWER_RAIL_5V,FAIL
LOG02101,"unit c9788 - 12v power check 12.02v, all good, line 2.",C9788,POWER_RAIL_12V,PASS
LOG02102,"unit B5321 - eye height CH1 3.14Vpp, checks out, after reflow.",B5321,SIGNAL_INTEGRITY,PASS
LOG02103,Unit board C2290: 3v3 supply reading 3.28V.,C2290,POWER_RAIL_3V3,PASS
LOG02104,unit C2616 5V rail measured 4.76V.,C2616,POWER_RAIL_5V,PASS
LOG02105,"Checked resistance check J4 on A1945, 3.33Ohm.",A1945,CONTINUITY,PASS
LOG02106,C0944 idle current draw measured 148.30mA.,C0944,CURRENT_DRAW,PASS
LOG02107,"B3107 - thermal reading after burn-in 31.0C, all good, unit was reworked yesterday.",B3107,THERMAL,PASS
LOG02108,unit B4010 case temp: 38.1 C — good reading.,B4010,THERMAL,PASS
LOG02109,"checked +3.3v rail on a 9405, 2.88v, second attempt.",A9405,POWER_RAIL_3V3,FAIL
LOG02110,"Checked CH1 signal check on B 7537, 3.25Vpp, per ECO-114.",B7537,SIGNAL_INTEGRITY,PASS
LOG02111,Unit D-5018: +5V supply reading 5.05V.,D5018,POWER_RAIL_5V,PASS
LOG02112,"Checked 3v3 supply on D 9175, 2.65V — reject, shift B.",D9175,POWER_RAIL_3V3,FAIL
LOG02113,"Checked signal amplitude CH2 on A 9667, 2.93Vpp, looks good, shift B.",A9667,SIGNAL_INTEGRITY,PASS
LOG02114,A 0107 12V rail: 11.98 V.,A0107,POWER_RAIL_12V,PASS
LOG02115,Unit unit C5454: VDD_3V3 rail reading 3.30V.,C5454,POWER_RAIL_3V3,PASS
LOG02116,Unit board D9385: J7 continuity reading 1.96Ohm.,D9385,CONTINUITY,PASS
LOG02117,D-9157 current draw at idle: 3.39 mA — doesn't look right.,D9157,CURRENT_DRAW,FAIL
LOG02118,board B3984 scope reading CH4 measured 4.05Vpp.,B3984,SIGNAL_INTEGRITY,FAIL
LOG02119,"Checked cont check J4 on board C6309, 7.34Ohm — no good, per ECO-114.",C6309,CONTINUITY,FAIL
LOG02120,A-0536 idle current draw: 83.76 mA — looks good.,A0536,CURRENT_DRAW,PASS
LOG02121,"Checked case temp on board B7991, 38.7C (good reading), shift B.",B7991,THERMAL,PASS
LOG02122,board b2261 5v rail measured 5.18v.,B2261,POWER_RAIL_5V,PASS
LOG02123,B 3995 3.3v power check: 3.23 V (nominal).,B3995,POWER_RAIL_3V3,PASS
LOG02124,"Checked idle current draw on C0133, 187.45mA, shift B.",C0133,CURRENT_DRAW,FAIL
LOG02125,"unit B4251 5V rail: 4.96 V, OK.",B4251,POWER_RAIL_5V,PASS
LOG02126,Unit unit A5458: quiescent current reading 169.93mA (out of spec).,A5458,CURRENT_DRAW,FAIL
LOG02127,"C 0193 - thermal reading after burn-in -0.8C — bad reading, unit was reworked yesterday.",C0193,THERMAL,FAIL
LOG02128,D-8413 eye height CH3 measured 2.36Vpp.,D8413,SIGNAL_INTEGRITY,FAIL
LOG02129,"unit D6659 signal amplitude CH2: 3.45 Vpp, all good.",D6659,SIGNAL_INTEGRITY,PASS
LOG02130,"Checked standby current on unit B7504, 115.66mA.",B7504,CURRENT_DRAW,PASS
LOG02131,"Checked board temp after 10min soak on B 8851, 49.9C (checks out), customer return unit.",B8851,THERMAL,PASS
LOG02132,B-7427 idle current draw measured 99.88mA — good reading.,B7427,CURRENT_DRAW,PASS
LOG02133,"unit C2081 - 12v power check 12.02V, passes, per ECO-114.",C2081,POWER_RAIL_12V,PASS
LOG02134,C-9984 continuity on J4 measured 7.12Ohm — flagged for rework.,C9984,CONTINUITY,FAIL
LOG02135,"Unit C-0013: current draw at idle reading 17.03mA, flagged for rework.",C0013,CURRENT_DRAW,FAIL
LOG02136,A-0077 5V rail measured 4.88V (OK).,A0077,POWER_RAIL_5V,PASS
LOG02137,"board D4167 - 5V rail 4.91V — checks out, after reflow.",D4167,POWER_RAIL_5V,PASS
LOG02138,"unit B8666 eye height CH3: 4.03 Vpp, out of spec.",B8666,SIGNAL_INTEGRITY,FAIL
LOG02139,"B-9719 - cont check J4 7.24Ohm, per ECO-114.",B9719,CONTINUITY,FAIL
LOG02140,"Checked current draw at idle on unit C9681, 102.99mA, after reflow.",C9681,CURRENT_DRAW,PASS
LOG02141,D4374 VDD_12V rail measured 12.91V (doesn't look right).,D4374,POWER_RAIL_12V,FAIL
LOG02142,A8325 eye height CH3 measured 3.18Vpp — nominal.,A8325,SIGNAL_INTEGRITY,PASS
LOG02143,"C2244 - cont check J4 5.53Ohm — doesn't look right, after reflow.",C2244,CONTINUITY,FAIL
LOG02144,Unit unit C3065: 3v3 supply reading 3.39V — OK.,C3065,POWER_RAIL_3V3,PASS
LOG02145,"Checked current draw at idle on D0443, 106.78mA, second attempt.",D0443,CURRENT_DRAW,PASS
LOG02146,"checked 5v rail on b 3811, 5.35v, unit was reworked yesterday.",B3811,POWER_RAIL_5V,FAIL
LOG02147,"Checked case temp on D9313, 43.4C — looks good, per ECO-114.",D9313,THERMAL,PASS
LOG02148,unit c 6940: 3.3v power check reading 3.79v.,C6940,POWER_RAIL_3V3,FAIL
LOG02149,"B 8154 - J12 continuity 0.20Ohm (looks good), second attempt.",B8154,CONTINUITY,PASS
LOG02150,"B 1635 - VDD_3V3 rail 3.38V — good reading, customer return unit.",B1635,POWER_RAIL_3V3,PASS
LOG02151,Unit board C6920: RESET continuity reading 3.62Ohm.,C6920,CONTINUITY,PASS
LOG02152,"B-1636 - resistance check J7 1.56Ohm — checks out, second attempt.",B1636,CONTINUITY,PASS
LOG02153,Unit board B7183: 12V rail reading 11.90V — good reading.,B7183,POWER_RAIL_12V,PASS
LOG02154,B 4120 J4 continuity: 6.52 Ohm.,B4120,CONTINUITY,FAIL
LOG02155,unit B8173 +3.3V rail measured 2.65V — bad reading.,B8173,POWER_RAIL_3V3,FAIL
LOG02156,"Checked 5v power check on C-5005, 4.88V, after reflow.",C5005,POWER_RAIL_5V,PASS
LOG02157,"Checked idle current draw on B-1819, 106.50mA, second attempt.",B1819,CURRENT_DRAW,PASS
LOG02158,"unit D3502 - 3.3V rail 3.21V, per ECO-114.",D3502,POWER_RAIL_3V3,PASS
LOG02159,b 8047 thermal soak reading measured 35.3c.,B8047,THERMAL,PASS
LOG02160,board B2597 +12V supply: 10.70 V (failed).,B2597,POWER_RAIL_12V,FAIL
LOG02161,"Checked 3.3v power check on board B4178, 2.83V — fails, per ECO-114.",B4178,POWER_RAIL_3V3,FAIL
LOG02162,board A5675 +3.3V rail measured 3.24V — all good.,A5675,POWER_RAIL_3V3,PASS
LOG02163,Unit board A4198: scope reading CH3 reading 3.59Vpp — passes.,A4198,SIGNAL_INTEGRITY,PASS
LOG02164,"board C1505 +12V supply: 12.44 V, checks out.",C1505,POWER_RAIL_12V,PASS
LOG02165,Unit D 9281: VDD_3V3 rail reading 3.23V — looks good.,D9281,POWER_RAIL_3V3,PASS
LOG02166,C-3167 12v power check measured 11.74V.,C3167,POWER_RAIL_12V,PASS
LOG02167,"unit D3511 VDD_3V3 rail: 3.39 V, checks out.",D3511,POWER_RAIL_3V3,PASS
LOG02168,c9543 current draw at idle: 150.00 ma (ok).,C9543,CURRENT_DRAW,PASS
LOG02169,Unit board B6246: CLK continuity reading 2.96Ohm — looks good.,B6246,CONTINUITY,PASS
LOG02170,B-0299 5v power check measured 4.29V (out of spec).,B0299,POWER_RAIL_5V,FAIL
LOG02171,"board D8928 - board temp after 10min soak 36.6C, line 2.",D8928,THERMAL,PASS
LOG02172,unit d9139: thermal reading after burn-in reading 22.6c (looks good).,D9139,THERMAL,PASS
LOG02173,C9622 signal amplitude CH2: 2.53 Vpp — failed.,C9622,SIGNAL_INTEGRITY,FAIL
LOG02174,D-4931 case temp measured 71.2C.,D4931,THERMAL,FAIL
LOG02175,B7813 +5V supply: 4.84 V — nominal.,B7813,POWER_RAIL_5V,PASS
LOG02176,"checked eye height ch4 on board b2502, 3.88vpp, out of spec, per eco-114.",B2502,SIGNAL_INTEGRITY,FAIL
LOG02177,board C4835 continuity on RESET: 1.34 Ohm.,C4835,CONTINUITY,PASS
LOG02178,"checked signal amplitude ch4 on unit c5245, 3.27vpp — passes, after reflow.",C5245,SIGNAL_INTEGRITY,PASS
LOG02179,"Checked thermal reading after burn-in on board C1506, 63.7C, second attempt.",C1506,THERMAL,FAIL
LOG02180,Unit C 9600: thermal soak reading reading 10.5C (out of spec).,C9600,THERMAL,FAIL
LOG02181,D-6451 eye height CH1 measured 3.94Vpp (failed).,D6451,SIGNAL_INTEGRITY,FAIL
LOG02182,board B0671 3.3V rail measured 3.37V — checks out.,B0671,POWER_RAIL_3V3,PASS
LOG02183,Unit unit A3061: VDD_3V3 rail reading 3.26V.,A3061,POWER_RAIL_3V3,PASS
LOG02184,"Unit board C0149: VDD_5V rail reading 5.66V, no good.",C0149,POWER_RAIL_5V,FAIL
LOG02185,"Checked case temp on D6949, 45.2C, shift B.",D6949,THERMAL,PASS
LOG02186,B-9349 5V rail: 4.38 V (flagged for rework).,B9349,POWER_RAIL_5V,FAIL
LOG02187,"B-6110 - board temp after 10min soak 3.6C, after reflow.",B6110,THERMAL,FAIL
LOG02188,C-4005 +12V supply: 12.19 V — good reading.,C4005,POWER_RAIL_12V,PASS
LOG02189,Unit board C0418: idle current draw reading 78.65mA — all good.,C0418,CURRENT_DRAW,PASS
LOG02190,"A0207 eye height CH1: 3.38 Vpp, passes.",A0207,SIGNAL_INTEGRITY,PASS
LOG02191,A5054 5v power check measured 5.25V.,A5054,POWER_RAIL_5V,PASS
LOG02192,unit board c4095: standby current reading 121.26ma.,C4095,CURRENT_DRAW,PASS
LOG02193,"Checked 12V rail on C1877, 12.08V, after reflow.",C1877,POWER_RAIL_12V,PASS
LOG02194,Unit D-2235: thermal reading after burn-in reading 34.4C.,D2235,THERMAL,PASS
LOG02195,board C6808 +3.3V rail measured 3.30V.,C6808,POWER_RAIL_3V3,PASS
LOG02196,Unit board D7041: board temp after 10min soak reading 32.5C.,D7041,THERMAL,PASS
LOG02197,Unit board D0097: scope reading CH4 reading 3.12Vpp.,D0097,SIGNAL_INTEGRITY,PASS
LOG02198,Unit C 2356: thermal soak reading reading 11.4C.,C2356,THERMAL,FAIL
LOG02199,unit D2925 J4 continuity: 2.51 Ohm.,D2925,CONTINUITY,PASS
LOG02200,board B9616 idle current draw measured 94.03mA.,B9616,CURRENT_DRAW,PASS
LOG02201,C 0894 current draw at idle: 155.95 mA.,C0894,CURRENT_DRAW,FAIL
LOG02202,"board D2799 - 3v3 supply 3.22V, per ECO-114.",D2799,POWER_RAIL_3V3,PASS
LOG02203,D-6452 board temp after 10min soak: 34.5 C — passes.,D6452,THERMAL,PASS
LOG02204,"Checked idle current draw on board A5467, 84.09mA, per ECO-114.",A5467,CURRENT_DRAW,PASS
LOG02205,B 5325 cont check CLK measured 1.54Ohm.,B5325,CONTINUITY,PASS
LOG02206,"unit A7531 +5V supply: 5.67 V, fails.",A7531,POWER_RAIL_5V,FAIL
LOG02207,a1104 vdd_5v rail: 4.99 v.,A1104,POWER_RAIL_5V,PASS
LOG02208,"A3926 - resistance check J4 6.13Ohm, unit was reworked yesterday.",A3926,CONTINUITY,FAIL
LOG02209,unit b3156: standby current reading 25.93ma — bad reading.,B3156,CURRENT_DRAW,FAIL
LOG02210,"b 4847 - quiescent current 92.65ma — within spec, second attempt.",B4847,CURRENT_DRAW,PASS
LOG02211,C 0165 continuity on EN_LINE: 3.74 Ohm (good reading).,C0165,CONTINUITY,PASS
LOG02212,Unit B 5789: standby current reading 72.82mA (within spec).,B5789,CURRENT_DRAW,PASS
LOG02213,"checked 3.3v rail on board c1778, 3.21v — ok, retest after rework.",C1778,POWER_RAIL_3V3,PASS
LOG02214,"Checked 3v3 supply on board D7105, 2.67V, customer return unit.",D7105,POWER_RAIL_3V3,FAIL
LOG02215,Unit D3705: idle current draw reading 64.42mA — within spec.,D3705,CURRENT_DRAW,PASS
LOG02216,unit c 9217: 3.3v power check reading 2.71v.,C9217,POWER_RAIL_3V3,FAIL
LOG02217,"Checked idle current draw on D7192, 77.30mA, per ECO-114.",D7192,CURRENT_DRAW,PASS
LOG02218,C 6872 VDD_12V rail measured 12.79V.,C6872,POWER_RAIL_12V,FAIL
LOG02219,B5260 thermal reading after burn-in measured 72.2C.,B5260,THERMAL,FAIL
LOG02220,Unit A 9114: 12V rail reading 12.20V — looks good.,A9114,POWER_RAIL_12V,PASS
LOG02221,"Checked cont check J4 on A1002, 7.87Ohm, fails, per ECO-114.",A1002,CONTINUITY,FAIL
LOG02222,Unit D 2400: CH1 signal check reading 2.93Vpp.,D2400,SIGNAL_INTEGRITY,PASS
LOG02223,"C6831 idle current draw measured 37.32mA, no good.",C6831,CURRENT_DRAW,FAIL
LOG02224,"Unit C1166: signal amplitude CH2 reading 3.34Vpp, OK.",C1166,SIGNAL_INTEGRITY,PASS
LOG02225,Unit board B9306: 5v power check reading 5.11V.,B9306,POWER_RAIL_5V,PASS
LOG02226,"B-7904 - thermal reading after burn-in 44.4C, retest after rework.",B7904,THERMAL,PASS
LOG02227,unit d-7481: case temp reading 70.3c — no good.,D7481,THERMAL,FAIL
LOG02228,a5270 signal amplitude ch3 measured 3.16vpp — checks out.,A5270,SIGNAL_INTEGRITY,PASS
LOG02229,"unit C0216 - scope reading CH4 3.43Vpp, after reflow.",C0216,SIGNAL_INTEGRITY,PASS
LOG02230,Unit C9312: current draw at idle reading 120.20mA.,C9312,CURRENT_DRAW,PASS
LOG02231,Unit board C0333: VDD_3V3 rail reading 3.30V.,C0333,POWER_RAIL_3V3,PASS
LOG02232,"Checked current draw at idle on B 3160, 38.40mA (reject).",B3160,CURRENT_DRAW,FAIL
LOG02233,unit c3562 vdd_5v rail measured 5.46v — fails.,C3562,POWER_RAIL_5V,FAIL
LOG02234,"A1571 VDD_12V rail: 11.24 V, flagged for rework.",A1571,POWER_RAIL_12V,FAIL
LOG02235,"Checked scope reading CH1 on C 8540, 3.40Vpp — within spec, second attempt.",C8540,SIGNAL_INTEGRITY,PASS
LOG02236,A 3464 board temp after 10min soak measured 4.7C.,A3464,THERMAL,FAIL
LOG02237,"unit D3434 - +3.3V rail 3.36V, good reading, retest after rework.",D3434,POWER_RAIL_3V3,PASS
LOG02238,"D 0177 signal amplitude CH3 measured 3.18Vpp, all good.",D0177,SIGNAL_INTEGRITY,PASS
LOG02239,"board D6204 - case temp 32.3C, shift B.",D6204,THERMAL,PASS
LOG02240,"Checked 3.3v power check on B 5874, 3.35V, good reading, shift B.",B5874,POWER_RAIL_3V3,PASS
LOG02241,"A 2357 - +3.3V rail 3.43V, line 2.",A2357,POWER_RAIL_3V3,PASS
LOG02242,B 0132 CH2 signal check: 2.89 Vpp.,B0132,SIGNAL_INTEGRITY,PASS
LOG02243,Unit B-1013: eye height CH4 reading 3.76Vpp.,B1013,SIGNAL_INTEGRITY,FAIL
LOG02244,"A 8410 - 12v power check 11.86V — within spec, unit was reworked yesterday.",A8410,POWER_RAIL_12V,PASS
LOG02245,Unit A4792: eye height CH3 reading 3.12Vpp — looks good.,A4792,SIGNAL_INTEGRITY,PASS
LOG02246,"Checked resistance check J12 on unit B9078, 6.54Ohm, bad reading, unit was reworked yesterday.",B9078,CONTINUITY,FAIL
LOG02247,Unit unit C0432: standby current reading 80.79mA.,C0432,CURRENT_DRAW,PASS
LOG02248,Unit D 5814: 3v3 supply reading 2.94V.,D5814,POWER_RAIL_3V3,FAIL
LOG02249,B-2778 VDD_12V rail: 12.12 V (good reading).,B2778,POWER_RAIL_12V,PASS
LOG02250,C4685 +3.3V rail measured 3.23V — good reading.,C4685,POWER_RAIL_3V3,PASS
LOG02251,C6751 CLK continuity: 1.78 Ohm.,C6751,CONTINUITY,PASS
LOG02252,Unit A 5485: cont check J4 reading 2.30Ohm (nominal).,A5485,CONTINUITY,PASS
LOG02253,Unit unit B2620: standby current reading 123.01mA — within spec.,B2620,CURRENT_DRAW,PASS
LOG02254,"board D4112 - VDD_3V3 rail 3.34V, retest after rework.",D4112,POWER_RAIL_3V3,PASS
LOG02255,Unit board D8233: thermal soak reading reading 57.7C.,D8233,THERMAL,FAIL
LOG02256,"unit c8524 +5v supply: 5.60 v, fails.",C8524,POWER_RAIL_5V,FAIL
LOG02257,Unit board C5447: thermal reading after burn-in reading 69.7C — doesn't look right.,C5447,THERMAL,FAIL
LOG02258,"Unit C4925: CH1 signal check reading 2.94Vpp, good reading.",C4925,SIGNAL_INTEGRITY,PASS
LOG02259,D-8991 signal amplitude CH4: 3.06 Vpp.,D8991,SIGNAL_INTEGRITY,PASS
LOG02260,Unit A-2035: scope reading CH2 reading 3.43Vpp.,A2035,SIGNAL_INTEGRITY,PASS
LOG02261,unit A9374 current draw at idle: 117.34 mA (looks good).,A9374,CURRENT_DRAW,PASS
LOG02262,"A-8784 - thermal reading after burn-in 20.4C, line 2.",A8784,THERMAL,PASS
LOG02263,"Checked VDD_12V rail on A-0030, 11.79V (passes), per ECO-114.",A0030,POWER_RAIL_12V,PASS
LOG02264,"Checked 3.3v power check on unit D0520, 3.34V, per ECO-114.",D0520,POWER_RAIL_3V3,PASS
LOG02265,"D3463 current draw at idle measured 117.41mA, all good.",D3463,CURRENT_DRAW,PASS
LOG02266,board c0491 case temp: 52.6 c.,C0491,THERMAL,PASS
LOG02267,board D4081 current draw at idle: 76.69 mA.,D4081,CURRENT_DRAW,PASS
LOG02268,"D5753 - case temp 20.0C — OK, after reflow.",D5753,THERMAL,PASS
LOG02269,"unit C2014 - continuity on RESET 3.00Ohm, passes.",C2014,CONTINUITY,PASS
LOG02270,C-3285 5V rail: 5.05 V.,C3285,POWER_RAIL_5V,PASS
LOG02271,"c6440 - vdd_12v rail 12.42v, customer return unit.",C6440,POWER_RAIL_12V,PASS
LOG02272,"Checked 5v power check on A5416, 4.96V, nominal.",A5416,POWER_RAIL_5V,PASS
LOG02273,"a-8291 - 3v3 supply 3.71v (out of spec), unit was reworked yesterday.",A8291,POWER_RAIL_3V3,FAIL
LOG02274,"Checked thermal soak reading on C2630, 35.4C (nominal), line 2.",C2630,THERMAL,PASS
LOG02275,"checked resistance check j4 on d-7450, 7.95ohm, failed, customer return unit.",D7450,CONTINUITY,FAIL
LOG02276,"Checked case temp on D3669, 65.1C (failed), shift B.",D3669,THERMAL,FAIL
LOG02277,A-3674 VDD_12V rail measured 11.68V (looks good).,A3674,POWER_RAIL_12V,PASS
LOG02278,"D 3297 - +3.3V rail 3.83V, second attempt.",D3297,POWER_RAIL_3V3,FAIL
LOG02279,Unit B-5210: scope reading CH3 reading 3.94Vpp.,B5210,SIGNAL_INTEGRITY,FAIL
LOG02280,"unit c-8107: continuity on en_line reading 3.57ohm, ok.",C8107,CONTINUITY,PASS
LOG02281,D-7826 current draw at idle: 106.48 mA.,D7826,CURRENT_DRAW,PASS
LOG02282,"Checked CH4 signal check on A-1209, 3.60Vpp, unit was reworked yesterday.",A1209,SIGNAL_INTEGRITY,PASS
LOG02283,"Checked continuity on RESET on D 4538, 7.13Ohm (reject), shift B.",D4538,CONTINUITY,FAIL
LOG02284,"Checked thermal soak reading on A1673, 4.1C, shift B.",A1673,THERMAL,FAIL
LOG02285,"b 1310 - cont check j12 2.97ohm — all good, per eco-114.",B1310,CONTINUITY,PASS
LOG02286,"A-9298 VDD_12V rail: 10.91 V, failed.",A9298,POWER_RAIL_12V,FAIL
LOG02287,"Unit unit A6378: signal amplitude CH2 reading 3.42Vpp, looks good.",A6378,SIGNAL_INTEGRITY,PASS
LOG02288,unit B2716 3.3v power check: 3.13 V.,B2716,POWER_RAIL_3V3,PASS
LOG02289,Unit board D8000: current draw at idle reading 91.15mA (OK).,D8000,CURRENT_DRAW,PASS
LOG02290,Unit board C3410: continuity on CLK reading 2.96Ohm.,C3410,CONTINUITY,PASS
LOG02291,A 9211 quiescent current measured 78.05mA (passes).,A9211,CURRENT_DRAW,PASS
LOG02292,unit C7286 5V rail: 5.30 V.,C7286,POWER_RAIL_5V,FAIL
LOG02293,d0151 continuity on reset measured 6.08ohm.,D0151,CONTINUITY,FAIL
LOG02294,"board d1596 - scope reading ch2 3.57vpp (within spec), per eco-114.",D1596,SIGNAL_INTEGRITY,PASS
LOG02295,"A-0137 - thermal soak reading 66.4C (no good), after reflow.",A0137,THERMAL,FAIL
LOG02296,"unit A6817 - current draw at idle 138.56mA (all good), unit was reworked yesterday.",A6817,CURRENT_DRAW,PASS
LOG02297,"B 6632 - idle current draw 76.23mA, good reading, customer return unit.",B6632,CURRENT_DRAW,PASS
LOG02298,"Checked standby current on C9815, 122.75mA (good reading), customer return unit.",C9815,CURRENT_DRAW,PASS
LOG02299,"checked standby current on c 9467, 72.39ma, customer return unit.",C9467,CURRENT_DRAW,PASS
LOG02300,unit C4338 5V rail measured 4.94V.,C4338,POWER_RAIL_5V,PASS
LOG02301,board D8072 scope reading CH2: 2.43 Vpp.,D8072,SIGNAL_INTEGRITY,FAIL
LOG02302,"C-1345 - 3v3 supply 3.86V (flagged for rework), after reflow.",C1345,POWER_RAIL_3V3,FAIL
LOG02303,"D 8757 thermal soak reading measured 42.0C, OK.",D8757,THERMAL,PASS
LOG02304,unit a-1761: +5v supply reading 5.15v (looks good).,A1761,POWER_RAIL_5V,PASS
LOG02305,C-0068 - scope reading CH2 3.08Vpp — passes.,C0068,SIGNAL_INTEGRITY,PASS
LOG02306,D-8569 5v power check measured 5.64V.,D8569,POWER_RAIL_5V,FAIL
LOG02307,"C-0431 - VDD_12V rail 11.92V, within spec, customer return unit.",C0431,POWER_RAIL_12V,PASS
LOG02308,Unit D 3171: +12V supply reading 11.63V (all good).,D3171,POWER_RAIL_12V,PASS
LOG02309,Unit C 8315: standby current reading 31.31mA (doesn't look right).,C8315,CURRENT_DRAW,FAIL
LOG02310,C 9524 standby current measured 66.31mA — OK.,C9524,CURRENT_DRAW,PASS
LOG02311,Unit B-3743: 3.3V rail reading 3.43V.,B3743,POWER_RAIL_3V3,PASS
LOG02312,"Checked 5V rail on C-8219, 4.75V — looks good, after reflow.",C8219,POWER_RAIL_5V,PASS
LOG02313,"Checked +12V supply on B 1813, 13.31V — no good, unit was reworked yesterday.",B1813,POWER_RAIL_12V,FAIL
LOG02314,B 2638 board temp after 10min soak measured 29.1C — within spec.,B2638,THERMAL,PASS
LOG02315,D9601 VDD_5V rail measured 4.86V (nominal).,D9601,POWER_RAIL_5V,PASS
LOG02316,"C-1524 quiescent current: 68.51 mA, looks good.",C1524,CURRENT_DRAW,PASS
LOG02317,"Unit unit B4850: current draw at idle reading 120.62mA, OK.",B4850,CURRENT_DRAW,PASS
LOG02318,"Checked 3.3v power check on board C1675, 2.77V, second attempt.",C1675,POWER_RAIL_3V3,FAIL
LOG02319,"a-2916 - j4 continuity 6.82ohm, out of spec, unit was reworked yesterday.",A2916,CONTINUITY,FAIL
LOG02320,"checked scope reading ch4 on board b0875, 3.08vpp — all good, line 2.",B0875,SIGNAL_INTEGRITY,PASS
LOG02321,Unit board A7945: resistance check J4 reading 0.89Ohm.,A7945,CONTINUITY,PASS
LOG02322,Unit C-1574: idle current draw reading -1.02mA — flagged for rework.,C1574,CURRENT_DRAW,FAIL
LOG02323,Unit unit B3028: +3.3V rail reading 3.95V.,B3028,POWER_RAIL_3V3,FAIL
LOG02324,"A-3529 +12V supply measured 12.05V, OK.",A3529,POWER_RAIL_12V,PASS
LOG02325,Unit board D6396: VDD_5V rail reading 5.56V — bad reading.,D6396,POWER_RAIL_5V,FAIL
LOG02326,board A0620 board temp after 10min soak measured 22.4C.,A0620,THERMAL,PASS
LOG02327,"A2102 VDD_5V rail measured 5.07V, within spec.",A2102,POWER_RAIL_5V,PASS
LOG02328,"Checked 3.3V rail on C 7623, 3.33V, unit was reworked yesterday.",C7623,POWER_RAIL_3V3,PASS
LOG02329,"B-7794 - 12V rail 12.33V — nominal, shift B.",B7794,POWER_RAIL_12V,PASS
LOG02330,"A-4287 - VDD_5V rail 4.84V, within spec, unit was reworked yesterday.",A4287,POWER_RAIL_5V,PASS
LOG02331,"Checked board temp after 10min soak on unit C3489, 21.3C, unit was reworked yesterday.",C3489,THERMAL,PASS
LOG02332,A9927 3.3V rail measured 3.33V.,A9927,POWER_RAIL_3V3,PASS
LOG02333,"checked thermal soak reading on b 5416, 48.3c.",B5416,THERMAL,PASS
LOG02334,c6235 current draw at idle: 112.86 ma (all good).,C6235,CURRENT_DRAW,PASS
LOG02335,A 3784 case temp: 12.7 C.,A3784,THERMAL,FAIL
LOG02336,"Checked thermal reading after burn-in on unit A1573, 7.0C (bad reading), unit was reworked yesterday.",A1573,THERMAL,FAIL
LOG02337,"B 8051 - case temp 31.4C, customer return unit.",B8051,THERMAL,PASS
LOG02338,"unit B1031 signal amplitude CH4: 3.02 Vpp, good reading.",B1031,SIGNAL_INTEGRITY,PASS
LOG02339,Unit C-1715: 12v power check reading 13.22V.,C1715,POWER_RAIL_12V,FAIL
LOG02340,B-0560 5v power check: 5.41 V.,B0560,POWER_RAIL_5V,FAIL
LOG02341,unit b 4422: scope reading ch3 reading 2.34vpp (failed).,B4422,SIGNAL_INTEGRITY,FAIL
LOG02342,Unit board C5429: 5v power check reading 5.34V — bad reading.,C5429,POWER_RAIL_5V,FAIL
LOG02343,"board D6475 cont check J7: 3.88 Ohm, passes.",D6475,CONTINUITY,PASS
LOG02344,"Checked signal amplitude CH4 on board D5272, 3.95Vpp — bad reading, retest after rework.",D5272,SIGNAL_INTEGRITY,FAIL
LOG02345,unit unit b6187: idle current draw reading 55.30ma.,B6187,CURRENT_DRAW,PASS
LOG02346,unit b-6563: idle current draw reading 88.63ma.,B6563,CURRENT_DRAW,PASS
LOG02347,"Checked current draw at idle on D 8313, -2.99mA, failed, retest after rework.",D8313,CURRENT_DRAW,FAIL
LOG02348,c0746 quiescent current measured 183.63ma (fails).,C0746,CURRENT_DRAW,FAIL
LOG02349,"Checked resistance check CLK on B-9965, 2.58Ohm — nominal, after reflow.",B9965,CONTINUITY,PASS
LOG02350,"unit C9028 - case temp 47.7C, second attempt.",C9028,THERMAL,PASS
LOG02351,C-3685 resistance check EN_LINE measured 5.45Ohm (fails).,C3685,CONTINUITY,FAIL
LOG02352,board D7415 CH3 signal check: 3.27 Vpp — good reading.,D7415,SIGNAL_INTEGRITY,PASS
LOG02353,"Checked J7 continuity on D-7174, 5.70Ohm.",D7174,CONTINUITY,FAIL
LOG02354,"A 5116 - current draw at idle 78.19mA, retest after rework.",A5116,CURRENT_DRAW,PASS
LOG02355,"A 5357 - signal amplitude CH1 3.29Vpp, second attempt.",A5357,SIGNAL_INTEGRITY,PASS
LOG02356,a6708 idle current draw: 64.65 ma.,A6708,CURRENT_DRAW,PASS
LOG02357,board A4796 3v3 supply measured 3.32V.,A4796,POWER_RAIL_3V3,PASS
LOG02358,"Checked 3v3 supply on A0215, 2.87V, doesn't look right, customer return unit.",A0215,POWER_RAIL_3V3,FAIL
LOG02359,unit D2656 quiescent current: 44.03 mA — bad reading.,D2656,CURRENT_DRAW,FAIL
LOG02360,"B 7504 - board temp after 10min soak 37.2C, shift B.",B7504,THERMAL,PASS
LOG02361,"Checked current draw at idle on unit B0029, 139.32mA (checks out), after reflow.",B0029,CURRENT_DRAW,PASS
LOG02362,d6283 +12v supply: 11.25 v.,D6283,POWER_RAIL_12V,FAIL
LOG02363,unit d5564 - 5v power check 4.96v.,D5564,POWER_RAIL_5V,PASS
LOG02364,Unit board C4519: eye height CH3 reading 3.10Vpp (OK).,C4519,SIGNAL_INTEGRITY,PASS
LOG02365,"unit c1527 vdd_3v3 rail measured 2.96v, flagged for rework.",C1527,POWER_RAIL_3V3,FAIL
LOG02366,"Checked +12V supply on C-0370, 11.87V, shift B.",C0370,POWER_RAIL_12V,PASS
LOG02367,a 7550 current draw at idle measured 135.74ma — looks good.,A7550,CURRENT_DRAW,PASS
LOG02368,"Checked VDD_5V rail on D-0314, 4.75V — checks out, customer return unit.",D0314,POWER_RAIL_5V,PASS
LOG02369,Unit board C6873: current draw at idle reading 119.01mA (checks out).,C6873,CURRENT_DRAW,PASS
LOG02370,Unit B4487: scope reading CH1 reading 2.59Vpp (reject).,B4487,SIGNAL_INTEGRITY,FAIL
LOG02371,"C 1444 5v power check: 5.39 V, out of spec.",C1444,POWER_RAIL_5V,FAIL
LOG02372,"A-2242 - thermal reading after burn-in 20.0C, good reading, per ECO-114.",A2242,THERMAL,PASS
LOG02373,"a9892 - cont check clk 0.94ohm, unit was reworked yesterday.",A9892,CONTINUITY,PASS
LOG02374,unit d2752 standby current measured 107.13ma.,D2752,CURRENT_DRAW,PASS
LOG02375,"unit b-3702: signal amplitude ch1 reading 2.36vpp, no good.",B3702,SIGNAL_INTEGRITY,FAIL
LOG02376,B 3853 eye height CH1 measured 3.31Vpp.,B3853,SIGNAL_INTEGRITY,PASS
LOG02377,A-3015 12v power check: 13.19 V (no good).,A3015,POWER_RAIL_12V,FAIL
LOG02378,"Checked 5V rail on board A8179, 4.50V (bad reading), per ECO-114.",A8179,POWER_RAIL_5V,FAIL
LOG02379,unit c4030: thermal reading after burn-in reading 20.0c (checks out).,C4030,THERMAL,PASS
LOG02380,"Checked 3.3v power check on unit D1471, 3.86V, customer return unit.",D1471,POWER_RAIL_3V3,FAIL
LOG02381,"Checked board temp after 10min soak on A7536, 0.6C, per ECO-114.",A7536,THERMAL,FAIL
LOG02382,"Checked case temp on D-7879, 35.5C, unit was reworked yesterday.",D7879,THERMAL,PASS
LOG02383,Unit board D1150: CH1 signal check reading 2.57Vpp.,D1150,SIGNAL_INTEGRITY,FAIL
LOG02384,c8630 5v power check measured 5.25v.,C8630,POWER_RAIL_5V,PASS
LOG02385,"C 0701 eye height CH2: 2.67 Vpp, no good.",C0701,SIGNAL_INTEGRITY,FAIL
LOG02386,"board a6152 +5v supply measured 5.24v, within spec.",A6152,POWER_RAIL_5V,PASS
LOG02387,"Checked CH2 signal check on D6924, 3.36Vpp — good reading, after reflow.",D6924,SIGNAL_INTEGRITY,PASS
LOG02388,B7785 12V rail measured 11.21V — failed.,B7785,POWER_RAIL_12V,FAIL
LOG02389,A6900 3.3v power check: 3.22 V.,A6900,POWER_RAIL_3V3,PASS
LOG02390,"B 6299 - scope reading CH3 2.38Vpp — out of spec, customer return unit.",B6299,SIGNAL_INTEGRITY,FAIL
LOG02391,"Checked +12V supply on board C7065, 10.72V, line 2.",C7065,POWER_RAIL_12V,FAIL
LOG02392,"A-6024 - 3.3v power check 3.27V, nominal, line 2.",A6024,POWER_RAIL_3V3,PASS
LOG02393,C5946 12v power check: 11.92 V — good reading.,C5946,POWER_RAIL_12V,PASS
LOG02394,board B5300 scope reading CH4 measured 3.69Vpp.,B5300,SIGNAL_INTEGRITY,FAIL
LOG02395,"Checked case temp on board B1045, 51.1C (within spec), shift B.",B1045,THERMAL,PASS
LOG02396,board B8595 VDD_3V3 rail: 3.60 V.,B8595,POWER_RAIL_3V3,FAIL
LOG02397,"A9188 - VDD_5V rail 4.56V (out of spec), second attempt.",A9188,POWER_RAIL_5V,FAIL
LOG02398,unit c9061 idle current draw measured 27.30ma (flagged for rework).,C9061,CURRENT_DRAW,FAIL
LOG02399,"D2700 12V rail: 12.18 V, all good.",D2700,POWER_RAIL_12V,PASS
LOG02400,"C 6195 - 12v power check 12.96V (doesn't look right), retest after rework.",C6195,POWER_RAIL_12V,FAIL
LOG02401,"D 2822 - 5V rail 4.99V, good reading, second attempt.",D2822,POWER_RAIL_5V,PASS
LOG02402,"C1222 thermal soak reading measured -0.5C, failed.",C1222,THERMAL,FAIL
LOG02403,board b2442 cont check reset measured 6.85ohm.,B2442,CONTINUITY,FAIL
LOG02404,unit B1298 board temp after 10min soak measured 4.8C.,B1298,THERMAL,FAIL
LOG02405,"Checked standby current on unit C2387, 93.17mA.",C2387,CURRENT_DRAW,PASS
LOG02406,"Checked 3.3V rail on unit C8522, 3.35V.",C8522,POWER_RAIL_3V3,PASS
LOG02407,"B0226 - VDD_12V rail 12.91V, shift B.",B0226,POWER_RAIL_12V,FAIL
LOG02408,A-1053 scope reading CH2: 3.16 Vpp.,A1053,SIGNAL_INTEGRITY,PASS
LOG02409,"Checked signal amplitude CH4 on board A0970, 3.28Vpp, second attempt.",A0970,SIGNAL_INTEGRITY,PASS
LOG02410,"Unit D 5990: 3.3v power check reading 3.17V, OK.",D5990,POWER_RAIL_3V3,PASS
LOG02411,board A9684 +5V supply: 5.25 V.,A9684,POWER_RAIL_5V,PASS
LOG02412,"D-6982 standby current measured 122.77mA, all good.",D6982,CURRENT_DRAW,PASS
LOG02413,Unit D 5757: idle current draw reading 77.26mA.,D5757,CURRENT_DRAW,PASS
LOG02414,B-7295 CH4 signal check measured 3.98Vpp — out of spec.,B7295,SIGNAL_INTEGRITY,FAIL
LOG02415,unit D3710 thermal soak reading: 8.8 C (failed).,D3710,THERMAL,FAIL
LOG02416,C 9604 case temp: 15.3 C.,C9604,THERMAL,FAIL
LOG02417,"board B9322 - thermal reading after burn-in 24.6C, after reflow.",B9322,THERMAL,PASS
LOG02418,"board A3889 - +12V supply 11.72V, good reading, retest after rework.",A3889,POWER_RAIL_12V,PASS
LOG02419,"C-0357 - current draw at idle 128.34mA, unit was reworked yesterday.",C0357,CURRENT_DRAW,PASS
LOG02420,"C 6975 - VDD_3V3 rail 3.21V, looks good, unit was reworked yesterday.",C6975,POWER_RAIL_3V3,PASS
LOG02421,board A6696 current draw at idle measured 86.55mA.,A6696,CURRENT_DRAW,PASS
LOG02422,"board C8300 - idle current draw 150.00mA, second attempt.",C8300,CURRENT_DRAW,PASS
LOG02423,"D 4035 - VDD_12V rail 11.55V, retest after rework.",D4035,POWER_RAIL_12V,PASS
LOG02424,"Checked +3.3V rail on board B1331, 2.94V — fails, line 2.",B1331,POWER_RAIL_3V3,FAIL
LOG02425,Unit A7058: +12V supply reading 12.25V — nominal.,A7058,POWER_RAIL_12V,PASS
LOG02426,"c 4831 standby current: 77.73 ma, within spec.",C4831,CURRENT_DRAW,PASS
LOG02427,"Checked standby current on D 8830, 68.42mA (looks good).",D8830,CURRENT_DRAW,PASS
LOG02428,C 3357 thermal reading after burn-in: 36.1 C (within spec).,C3357,THERMAL,PASS
LOG02429,board B4514 eye height CH1: 2.94 Vpp — checks out.,B4514,SIGNAL_INTEGRITY,PASS
LOG02430,"Checked 3.3v power check on D-3615, 3.26V, customer return unit.",D3615,POWER_RAIL_3V3,PASS
LOG02431,"Checked case temp on D5294, 31.5C, after reflow.",D5294,THERMAL,PASS
LOG02432,Unit board D5153: signal amplitude CH1 reading 3.50Vpp — OK.,D5153,SIGNAL_INTEGRITY,PASS
LOG02433,Unit board C9779: CH1 signal check reading 3.60Vpp (checks out).,C9779,SIGNAL_INTEGRITY,PASS
LOG02434,"Checked VDD_3V3 rail on unit B9101, 3.35V.",B9101,POWER_RAIL_3V3,PASS
LOG02435,D 0108 12v power check: 10.68 V.,D0108,POWER_RAIL_12V,FAIL
LOG02436,Unit board C0635: J12 continuity reading 0.77Ohm — OK.,C0635,CONTINUITY,PASS
LOG02437,"Unit unit B8693: 5V rail reading 4.99V, nominal.",B8693,POWER_RAIL_5V,PASS
LOG02438,board D9349 thermal soak reading: 35.2 C.,D9349,THERMAL,PASS
LOG02439,"board C3627 - quiescent current 63.75mA, checks out, shift B.",C3627,CURRENT_DRAW,PASS
LOG02440,d 7764 idle current draw: 110.20 ma (checks out).,D7764,CURRENT_DRAW,PASS
LOG02441,"Checked case temp on B3415, 29.1C — OK, retest after rework.",B3415,THERMAL,PASS
LOG02442,Unit D 2871: VDD_12V rail reading 11.74V.,D2871,POWER_RAIL_12V,PASS
LOG02443,"c-4654 5v power check: 4.94 v, checks out.",C4654,POWER_RAIL_5V,PASS
LOG02444,unit A6947 VDD_5V rail measured 4.63V (flagged for rework).,A6947,POWER_RAIL_5V,FAIL
LOG02445,"C 2780 - quiescent current 110.94mA, looks good, after reflow.",C2780,CURRENT_DRAW,PASS
LOG02446,C8333 idle current draw measured -9.12mA (reject).,C8333,CURRENT_DRAW,FAIL
LOG02447,"Checked eye height CH2 on D 9083, 4.05Vpp, per ECO-114.",D9083,SIGNAL_INTEGRITY,FAIL
LOG02448,C 1246 - +5V supply 4.43V — bad reading.,C1246,POWER_RAIL_5V,FAIL
LOG02449,D7576 12V rail measured 11.91V (OK).,D7576,POWER_RAIL_12V,PASS
LOG02450,"Checked 5V rail on unit B9519, 4.75V, second attempt.",B9519,POWER_RAIL_5V,PASS
LOG02451,"unit B6772 - standby current 35.46mA — no good, after reflow.",B6772,CURRENT_DRAW,FAIL
LOG02452,"Checked resistance check J4 on unit D9632, 7.11Ohm (failed), after reflow.",D9632,CONTINUITY,FAIL
LOG02453,"unit b7810 - scope reading ch1 3.81vpp — bad reading, per eco-114.",B7810,SIGNAL_INTEGRITY,FAIL
LOG02454,"unit C6905 thermal soak reading measured 73.9C, out of spec.",C6905,THERMAL,FAIL
LOG02455,"Checked board temp after 10min soak on unit A1578, 68.4C (reject), line 2.",A1578,THERMAL,FAIL
LOG02456,"c-3570 - current draw at idle 112.91ma (looks good), customer return unit.",C3570,CURRENT_DRAW,PASS
LOG02457,"Unit board D2022: signal amplitude CH4 reading 3.45Vpp, checks out.",D2022,SIGNAL_INTEGRITY,PASS
LOG02458,"Checked VDD_5V rail on board A4006, 4.79V, customer return unit.",A4006,POWER_RAIL_5V,PASS
LOG02459,"B7050 - scope reading CH2 3.10Vpp, unit was reworked yesterday.",B7050,SIGNAL_INTEGRITY,PASS
LOG02460,B-5646 standby current measured 129.97mA — good reading.,B5646,CURRENT_DRAW,PASS
LOG02461,"Checked thermal soak reading on B0150, 37.4C — good reading, shift B.",B0150,THERMAL,PASS
LOG02462,board A8132 VDD_12V rail: 12.82 V — fails.,A8132,POWER_RAIL_12V,FAIL
LOG02463,"C 0386 signal amplitude CH3: 2.98 Vpp, passes.",C0386,SIGNAL_INTEGRITY,PASS
LOG02464,"Checked thermal soak reading on C4408, 34.3C — OK, retest after rework.",C4408,THERMAL,PASS
LOG02465,D9800 VDD_12V rail: 10.91 V.,D9800,POWER_RAIL_12V,FAIL
LOG02466,"checked vdd_5v rail on board c7699, 4.81v, good reading, customer return unit.",C7699,POWER_RAIL_5V,PASS
LOG02467,"Checked 12v power check on A1626, 13.29V, reject, after reflow.",A1626,POWER_RAIL_12V,FAIL
LOG02468,A-2903 resistance check J4 measured 6.67Ohm — fails.,A2903,CONTINUITY,FAIL
LOG02469,"B9470 board temp after 10min soak: 34.2 C, good reading.",B9470,THERMAL,PASS
LOG02470,"Checked thermal reading after burn-in on board A4833, 48.3C, per ECO-114.",A4833,THERMAL,PASS
LOG02471,Unit unit A7494: idle current draw reading 111.08mA — good reading.,A7494,CURRENT_DRAW,PASS
LOG02472,"unit A8904 - VDD_3V3 rail 2.80V, unit was reworked yesterday.",A8904,POWER_RAIL_3V3,FAIL
LOG02473,"C-7401 - 5V rail 5.65V (reject), second attempt.",C7401,POWER_RAIL_5V,FAIL
LOG02474,unit C5119 thermal reading after burn-in: 61.8 C — doesn't look right.,C5119,THERMAL,FAIL
LOG02475,"B 7010 - 12v power check 11.40V (passes), line 2.",B7010,POWER_RAIL_12V,PASS
LOG02476,"board C0007 - thermal soak reading 58.0C, after reflow.",C0007,THERMAL,FAIL
LOG02477,board C5424 board temp after 10min soak measured 28.4C.,C5424,THERMAL,PASS
LOG02478,Unit D6927: +5V supply reading 5.03V (passes).,D6927,POWER_RAIL_5V,PASS
LOG02479,"board B8584 - scope reading CH1 2.82Vpp, after reflow.",B8584,SIGNAL_INTEGRITY,PASS
LOG02480,unit D3634 current draw at idle measured 65.04mA — good reading.,D3634,CURRENT_DRAW,PASS
LOG02481,"unit D3844 - VDD_12V rail 11.44V (within spec), retest after rework.",D3844,POWER_RAIL_12V,PASS
LOG02482,"Checked 3v3 supply on D 7249, 3.34V, customer return unit.",D7249,POWER_RAIL_3V3,PASS
LOG02483,C 9251 standby current measured 134.68mA.,C9251,CURRENT_DRAW,PASS
LOG02484,A-9524 cont check EN_LINE: 3.98 Ohm.,A9524,CONTINUITY,PASS
LOG02485,"board D7150 - 3.3V rail 3.36V, retest after rework.",D7150,POWER_RAIL_3V3,PASS
LOG02486,B-2296 thermal soak reading measured 28.6C.,B2296,THERMAL,PASS
LOG02487,"D-7697 - 5V rail 4.90V, OK, retest after rework.",D7697,POWER_RAIL_5V,PASS
LOG02488,"D0747 - 3v3 supply 3.69V, retest after rework.",D0747,POWER_RAIL_3V3,FAIL
LOG02489,"board A9216 - 12V rail 12.76V, after reflow.",A9216,POWER_RAIL_12V,FAIL
LOG02490,D2750 VDD_12V rail measured 12.18V (nominal).,D2750,POWER_RAIL_12V,PASS
LOG02491,board C5280 3.3V rail: 3.59 V (doesn't look right).,C5280,POWER_RAIL_3V3,FAIL
LOG02492,"A6862 3.3V rail measured 3.38V, all good.",A6862,POWER_RAIL_3V3,PASS
LOG02493,"checked signal amplitude ch3 on unit a8309, 2.96vpp, after reflow.",A8309,SIGNAL_INTEGRITY,PASS
LOG02494,A-5840 idle current draw measured 0.17mA.,A5840,CURRENT_DRAW,FAIL
LOG02495,Unit board B5503: VDD_12V rail reading 12.97V.,B5503,POWER_RAIL_12V,FAIL
LOG02496,"checked vdd_12v rail on unit d2458, 12.44v.",D2458,POWER_RAIL_12V,PASS
LOG02497,"Checked 5v power check on A 5882, 5.72V, fails, per ECO-114.",A5882,POWER_RAIL_5V,FAIL
LOG02498,Unit A-0314: 3.3v power check reading 3.29V.,A0314,POWER_RAIL_3V3,PASS
LOG02499,D-3142 cont check EN_LINE measured 1.29Ohm (within spec).,D3142,CONTINUITY,PASS
LOG02500,"B3816 - VDD_5V rail 5.23V — nominal, retest after rework.",B3816,POWER_RAIL_5V,PASS
LOG02501,"board C4178 - J7 continuity 0.00Ohm — passes, second attempt.",C4178,CONTINUITY,PASS
LOG02502,"D-2569 VDD_12V rail: 12.99 V, no good.",D2569,POWER_RAIL_12V,FAIL
LOG02503,"unit c4172 - vdd_12v rail 12.24v — nominal, line 2.",C4172,POWER_RAIL_12V,PASS
LOG02504,Unit unit C4388: VDD_12V rail reading 12.60V (nominal).,C4388,POWER_RAIL_12V,PASS
LOG02505,"unit D2153 CH2 signal check: 2.58 Vpp, bad reading.",D2153,SIGNAL_INTEGRITY,FAIL
LOG02506,Unit B5232: 5v power check reading 4.35V.,B5232,POWER_RAIL_5V,FAIL
LOG02507,"B-0566 - 5v power check 4.72V, customer return unit.",B0566,POWER_RAIL_5V,FAIL
LOG02508,"Unit C 2655: resistance check EN_LINE reading 5.00Ohm, passes.",C2655,CONTINUITY,PASS
LOG02509,Unit unit B0049: 5V rail reading 4.29V.,B0049,POWER_RAIL_5V,FAIL
LOG02510,Unit D6399: CH2 signal check reading 2.81Vpp.,D6399,SIGNAL_INTEGRITY,PASS
LOG02511,"checked case temp on unit d6065, 43.6c, looks good, unit was reworked yesterday.",D6065,THERMAL,PASS
LOG02512,D 9742 thermal soak reading: 73.8 C — no good.,D9742,THERMAL,FAIL
LOG02513,unit unit c4931: eye height ch2 reading 4.03vpp.,C4931,SIGNAL_INTEGRITY,FAIL
LOG02514,"checked 5v rail on a6207, 5.13v (all good), customer return unit.",A6207,POWER_RAIL_5V,PASS
LOG02515,Unit board A3533: 5V rail reading 5.09V.,A3533,POWER_RAIL_5V,PASS
LOG02516,C9896 current draw at idle measured 107.30mA (OK).,C9896,CURRENT_DRAW,PASS
LOG02517,"Checked J12 continuity on C 9901, 5.67Ohm, per ECO-114.",C9901,CONTINUITY,FAIL
LOG02518,unit A2065 CH4 signal check measured 3.19Vpp.,A2065,SIGNAL_INTEGRITY,PASS
LOG02519,d-3521 ch1 signal check: 3.32 vpp — checks out.,D3521,SIGNAL_INTEGRITY,PASS
LOG02520,"Checked board temp after 10min soak on C 1923, 35.0C (looks good), line 2.",C1923,THERMAL,PASS
LOG02521,"board A7791 - standby current 116.49mA (within spec), unit was reworked yesterday.",A7791,CURRENT_DRAW,PASS
LOG02522,"Checked continuity on J7 on unit D2982, 3.64Ohm, after reflow.",D2982,CONTINUITY,PASS
LOG02523,unit C3696 scope reading CH3 measured 3.06Vpp (within spec).,C3696,SIGNAL_INTEGRITY,PASS
LOG02524,B-2051 thermal reading after burn-in: 15.6 C — out of spec.,B2051,THERMAL,FAIL
LOG02525,board A6025 3.3v power check measured 3.56V — fails.,A6025,POWER_RAIL_3V3,FAIL
LOG02526,unit B2471 eye height CH1 measured 3.97Vpp.,B2471,SIGNAL_INTEGRITY,FAIL
LOG02527,board B8666 VDD_3V3 rail measured 3.02V.,B8666,POWER_RAIL_3V3,FAIL
LOG02528,unit C2390 3.3v power check measured 3.22V (passes).,C2390,POWER_RAIL_3V3,PASS
LOG02529,"A-7964 - thermal reading after burn-in 61.7C, shift B.",A7964,THERMAL,FAIL
LOG02530,unit D1666 eye height CH3 measured 3.05Vpp.,D1666,SIGNAL_INTEGRITY,PASS
LOG02531,"Checked 5v power check on board D7308, 5.23V, passes, second attempt.",D7308,POWER_RAIL_5V,PASS
LOG02532,board B7182 resistance check EN_LINE: 5.00 Ohm.,B7182,CONTINUITY,PASS
LOG02533,D 5433 +3.3V rail measured 3.23V.,D5433,POWER_RAIL_3V3,PASS
LOG02534,unit D9874 - VDD_5V rail 5.49V.,D9874,POWER_RAIL_5V,FAIL
LOG02535,D-8420 VDD_5V rail: 5.25 V.,D8420,POWER_RAIL_5V,PASS
LOG02536,"checked continuity on j4 on b-0566, 2.48ohm, customer return unit.",B0566,CONTINUITY,PASS
LOG02537,"board A9461 +3.3V rail measured 3.23V, passes.",A9461,POWER_RAIL_3V3,PASS
LOG02538,board D0608 5V rail: 4.92 V (within spec).,D0608,POWER_RAIL_5V,PASS
LOG02539,"Checked thermal soak reading on unit A7388, 11.8C.",A7388,THERMAL,FAIL
LOG02540,board D1208 VDD_5V rail measured 4.99V (good reading).,D1208,POWER_RAIL_5V,PASS
LOG02541,Unit D4465: RESET continuity reading 1.36Ohm.,D4465,CONTINUITY,PASS
LOG02542,"unit B8642 +3.3V rail measured 3.20V, good reading.",B8642,POWER_RAIL_3V3,PASS
LOG02543,Unit B 5982: continuity on EN_LINE reading 3.22Ohm.,B5982,CONTINUITY,PASS
LOG02544,unit D2658 - 3.3v power check 3.34V.,D2658,POWER_RAIL_3V3,PASS
LOG02545,Unit B 5399: continuity on J4 reading 3.33Ohm (nominal).,B5399,CONTINUITY,PASS
LOG02546,"Checked continuity on CLK on A1460, 2.83Ohm.",A1460,CONTINUITY,PASS
LOG02547,"Checked 12V rail on C 1148, 12.74V, customer return unit.",C1148,POWER_RAIL_12V,FAIL
LOG02548,Unit unit A2216: 5v power check reading 4.89V — good reading.,A2216,POWER_RAIL_5V,PASS
LOG02549,"Checked thermal reading after burn-in on C 8467, 52.2C (all good), shift B.",C8467,THERMAL,PASS
LOG02550,"A9914 - quiescent current 29.77mA, fails, unit was reworked yesterday.",A9914,CURRENT_DRAW,FAIL
LOG02551,"Checked continuity on RESET on board C1752, 0.00Ohm, per ECO-114.",C1752,CONTINUITY,PASS
LOG02552,unit a2221 5v rail: 5.12 v (looks good).,A2221,POWER_RAIL_5V,PASS
LOG02553,unit A2561 cont check EN_LINE: 2.96 Ohm — passes.,A2561,CONTINUITY,PASS
LOG02554,Unit C 7454: 3v3 supply reading 3.05V.,C7454,POWER_RAIL_3V3,FAIL
LOG02555,"unit B5862 - cont check J4 3.95Ohm, good reading, line 2.",B5862,CONTINUITY,PASS
LOG02556,C8519 continuity on EN_LINE: 0.62 Ohm.,C8519,CONTINUITY,PASS
LOG02557,"board C4799 - signal amplitude CH1 3.30Vpp, all good, line 2.",C4799,SIGNAL_INTEGRITY,PASS
LOG02558,B2419 idle current draw: 124.91 mA.,B2419,CURRENT_DRAW,PASS
LOG02559,"checked current draw at idle on unit b9504, 116.71ma (good reading), shift b.",B9504,CURRENT_DRAW,PASS
LOG02560,"A4265 - 3.3v power check 3.26V (passes), after reflow.",A4265,POWER_RAIL_3V3,PASS
LOG02561,c 2969 reset continuity: 6.98 ohm.,C2969,CONTINUITY,FAIL
LOG02562,C 3740 3.3V rail measured 3.72V.,C3740,POWER_RAIL_3V3,FAIL
LOG02563,"board B4047 - quiescent current 115.84mA (all good), unit was reworked yesterday.",B4047,CURRENT_DRAW,PASS
LOG02564,"Checked J4 continuity on B 0501, 3.82Ohm, passes, second attempt.",B0501,CONTINUITY,PASS
LOG02565,Unit board C7300: EN_LINE continuity reading 2.25Ohm.,C7300,CONTINUITY,PASS
LOG02566,"board D7709 - idle current draw 182.11mA, retest after rework.",D7709,CURRENT_DRAW,FAIL
LOG02567,board A5532 5v power check measured 4.57V.,A5532,POWER_RAIL_5V,FAIL
LOG02568,"C 9848 - board temp after 10min soak 55.0C (good reading), after reflow.",C9848,THERMAL,PASS
LOG02569,"A-2022 - CH1 signal check 3.43Vpp — checks out, after reflow.",A2022,SIGNAL_INTEGRITY,PASS
LOG02570,Unit board C1938: continuity on CLK reading 2.18Ohm — OK.,C1938,CONTINUITY,PASS
LOG02571,D4386 +3.3V rail: 3.32 V.,D4386,POWER_RAIL_3V3,PASS
LOG02572,"checked idle current draw on board d4467, 185.29ma, per eco-114.",D4467,CURRENT_DRAW,FAIL
LOG02573,"Unit board D9053: 3.3v power check reading 3.27V, passes.",D9053,POWER_RAIL_3V3,PASS
LOG02574,"Checked +12V supply on unit D0815, 12.07V, unit was reworked yesterday.",D0815,POWER_RAIL_12V,PASS
LOG02575,board B7548 +12V supply: 10.79 V (out of spec).,B7548,POWER_RAIL_12V,FAIL
LOG02576,"Unit board D6884: VDD_3V3 rail reading 3.28V, OK.",D6884,POWER_RAIL_3V3,PASS
LOG02577,d 2079 ch3 signal check: 3.80 vpp.,D2079,SIGNAL_INTEGRITY,FAIL
LOG02578,C-9726 standby current: 42.66 mA (flagged for rework).,C9726,CURRENT_DRAW,FAIL
LOG02579,"unit A0346 +12V supply measured 12.00V, all good.",A0346,POWER_RAIL_12V,PASS
LOG02580,"Checked cont check J4 on A 6397, 2.78Ohm, second attempt.",A6397,CONTINUITY,PASS
LOG02581,unit A9616 3v3 supply: 3.32 V (checks out).,A9616,POWER_RAIL_3V3,PASS
LOG02582,"A 9681 - eye height CH2 3.01Vpp, retest after rework.",A9681,SIGNAL_INTEGRITY,PASS
LOG02583,"A5757 12v power check: 12.09 V, looks good.",A5757,POWER_RAIL_12V,PASS
LOG02584,"board D1939 - case temp 34.7C, retest after rework.",D1939,THERMAL,PASS
LOG02585,unit D7297 5V rail measured 5.14V (looks good).,D7297,POWER_RAIL_5V,PASS
LOG02586,"D 2422 - case temp 20.0C — passes, line 2.",D2422,THERMAL,PASS
LOG02587,Unit C5455: idle current draw reading 74.10mA (within spec).,C5455,CURRENT_DRAW,PASS
LOG02588,"D-0257 5V rail: 4.69 V, no good.",D0257,POWER_RAIL_5V,FAIL
LOG02589,"A8223 - 12V rail 11.88V (looks good), after reflow.",A8223,POWER_RAIL_12V,PASS
LOG02590,"unit C3807 - 3v3 supply 3.39V, OK, line 2.",C3807,POWER_RAIL_3V3,PASS
LOG02591,board B2962 3.3v power check: 3.27 V.,B2962,POWER_RAIL_3V3,PASS
LOG02592,"C 6329 idle current draw measured 18.73mA, doesn't look right.",C6329,CURRENT_DRAW,FAIL
LOG02593,"Checked idle current draw on D3786, 93.07mA.",D3786,CURRENT_DRAW,PASS
LOG02594,Unit board A7851: thermal soak reading reading 46.8C.,A7851,THERMAL,PASS
LOG02595,"Checked +3.3V rail on B 7450, 3.45V, line 2.",B7450,POWER_RAIL_3V3,PASS
LOG02596,"Unit B 0211: standby current reading 86.61mA, all good.",B0211,CURRENT_DRAW,PASS
LOG02597,Unit D-0919: +5V supply reading 4.51V.,D0919,POWER_RAIL_5V,FAIL
LOG02598,"board C2958 - quiescent current 173.66mA (reject), after reflow.",C2958,CURRENT_DRAW,FAIL
LOG02599,"Checked CH3 signal check on D 6365, 3.42Vpp (nominal).",D6365,SIGNAL_INTEGRITY,PASS
LOG02600,Unit unit D6874: +12V supply reading 11.68V.,D6874,POWER_RAIL_12V,PASS
LOG02601,D3313 signal amplitude CH1 measured 2.94Vpp — good reading.,D3313,SIGNAL_INTEGRITY,PASS
LOG02602,a 5764 quiescent current: 80.69 ma.,A5764,CURRENT_DRAW,PASS
LOG02603,Unit board D1575: 12V rail reading 11.76V (good reading).,D1575,POWER_RAIL_12V,PASS
LOG02604,Unit unit A0401: 3v3 supply reading 2.77V.,A0401,POWER_RAIL_3V3,FAIL
LOG02605,unit D6713 thermal soak reading: 67.9 C.,D6713,THERMAL,FAIL
LOG02606,Unit unit B6106: CLK continuity reading 3.36Ohm.,B6106,CONTINUITY,PASS
LOG02607,Unit C 9759: 12V rail reading 12.43V.,C9759,POWER_RAIL_12V,PASS
LOG02608,Unit D-6216: standby current reading -5.12mA.,D6216,CURRENT_DRAW,FAIL
LOG02609,b-2988 j12 continuity: 7.56 ohm — failed.,B2988,CONTINUITY,FAIL
LOG02610,Unit B5853: 5V rail reading 5.02V.,B5853,POWER_RAIL_5V,PASS
LOG02611,unit c3023 - 5v rail 5.44v.,C3023,POWER_RAIL_5V,FAIL
LOG02612,unit A1379 3.3V rail: 3.21 V.,A1379,POWER_RAIL_3V3,PASS
LOG02613,C2019 idle current draw: 88.89 mA (all good).,C2019,CURRENT_DRAW,PASS
LOG02614,"checked thermal reading after burn-in on c0743, 39.0c, after reflow.",C0743,THERMAL,PASS
LOG02615,"A1080 - VDD_12V rail 13.27V — out of spec, unit was reworked yesterday.",A1080,POWER_RAIL_12V,FAIL
LOG02616,board D2294 VDD_12V rail measured 12.12V (within spec).,D2294,POWER_RAIL_12V,PASS
LOG02617,Unit D-5633: current draw at idle reading 68.57mA — OK.,D5633,CURRENT_DRAW,PASS
LOG02618,"Checked 3.3V rail on D 7168, 3.37V, unit was reworked yesterday.",D7168,POWER_RAIL_3V3,PASS
LOG02619,d-8272 +3.3v rail measured 3.22v.,D8272,POWER_RAIL_3V3,PASS
LOG02620,Unit board C1555: continuity on EN_LINE reading 5.00Ohm.,C1555,CONTINUITY,PASS
LOG02621,"Checked 3.3v power check on A8404, 3.76V, per ECO-114.",A8404,POWER_RAIL_3V3,FAIL
LOG02622,"C1282 - VDD_5V rail 5.08V (checks out), per ECO-114.",C1282,POWER_RAIL_5V,PASS
LOG02623,Unit C 4994: scope reading CH2 reading 3.76Vpp (failed).,C4994,SIGNAL_INTEGRITY,FAIL
LOG02624,A-0643 VDD_5V rail: 4.33 V.,A0643,POWER_RAIL_5V,FAIL
LOG02625,board C2481 signal amplitude CH1 measured 3.41Vpp (passes).,C2481,SIGNAL_INTEGRITY,PASS
LOG02626,Unit A 0614: resistance check EN_LINE reading 2.81Ohm.,A0614,CONTINUITY,PASS
LOG02627,"D 3298 - case temp 31.8C, retest after rework.",D3298,THERMAL,PASS
LOG02628,"B-9336 - 3.3v power check 3.81V, after reflow.",B9336,POWER_RAIL_3V3,FAIL
LOG02629,"Checked scope reading CH4 on unit D0185, 2.47Vpp — no good, retest after rework.",D0185,SIGNAL_INTEGRITY,FAIL
LOG02630,board D1086 +5V supply measured 5.49V (flagged for rework).,D1086,POWER_RAIL_5V,FAIL
LOG02631,board C2247 cont check J7: 0.71 Ohm (checks out).,C2247,CONTINUITY,PASS
LOG02632,"Checked eye height CH3 on D-8702, 4.06Vpp, flagged for rework, retest after rework.",D8702,SIGNAL_INTEGRITY,FAIL
LOG02633,"D3382 - current draw at idle 110.41mA, per ECO-114.",D3382,CURRENT_DRAW,PASS
LOG02634,"unit a 2428: 5v power check reading 5.41v, flagged for rework.",A2428,POWER_RAIL_5V,FAIL
LOG02635,"unit D2769 - 3.3v power check 3.36V (looks good), shift B.",D2769,POWER_RAIL_3V3,PASS
LOG02636,"board B4688 - thermal reading after burn-in 45.6C, after reflow.",B4688,THERMAL,PASS
LOG02637,board C2759 J12 continuity measured 3.78Ohm.,C2759,CONTINUITY,PASS
LOG02638,C2710 scope reading CH3 measured 3.90Vpp (fails).,C2710,SIGNAL_INTEGRITY,FAIL
LOG02639,B-4693 +12V supply: 12.84 V.,B4693,POWER_RAIL_12V,FAIL
LOG02640,A2823 thermal soak reading measured 60.0C — flagged for rework.,A2823,THERMAL,FAIL
LOG02641,"D-8855 - 5v power check 5.63V, after reflow.",D8855,POWER_RAIL_5V,FAIL
LOG02642,D-6403 12V rail measured 11.15V (out of spec).,D6403,POWER_RAIL_12V,FAIL
LOG02643,unit C4444 3v3 supply measured 3.22V (checks out).,C4444,POWER_RAIL_3V3,PASS
LOG02644,a 1535 idle current draw: 99.25 ma — good reading.,A1535,CURRENT_DRAW,PASS
LOG02645,c-5188 vdd_5v rail: 5.58 v (out of spec).,C5188,POWER_RAIL_5V,FAIL
LOG02646,A-1092 - scope reading CH1 3.42Vpp (checks out).,A1092,SIGNAL_INTEGRITY,PASS
LOG02647,"Checked CLK continuity on unit B9707, 5.00Ohm (within spec), per ECO-114.",B9707,CONTINUITY,PASS
LOG02648,"Checked CH1 signal check on board A3107, 3.32Vpp, per ECO-114.",A3107,SIGNAL_INTEGRITY,PASS
LOG02649,Unit board D9046: VDD_3V3 rail reading 2.79V (flagged for rework).,D9046,POWER_RAIL_3V3,FAIL
LOG02650,"Checked VDD_3V3 rail on B4883, 3.30V, unit was reworked yesterday.",B4883,POWER_RAIL_3V3,PASS
LOG02651,"D 6855 - 5V rail 5.11V — OK, line 2.",D6855,POWER_RAIL_5V,PASS
LOG02652,"Checked 5V rail on A 6431, 4.79V, unit was reworked yesterday.",A6431,POWER_RAIL_5V,PASS
LOG02653,board C4070 scope reading CH4 measured 3.43Vpp.,C4070,SIGNAL_INTEGRITY,PASS
LOG02654,"Unit unit B4982: 12V rail reading 10.83V, no good.",B4982,POWER_RAIL_12V,FAIL
LOG02655,"Checked 5v power check on board D8739, 4.70V, line 2.",D8739,POWER_RAIL_5V,FAIL
LOG02656,board D4728 case temp measured 44.2C.,D4728,THERMAL,PASS
LOG02657,"Unit board C1294: current draw at idle reading 113.39mA, within spec.",C1294,CURRENT_DRAW,PASS
LOG02658,Unit B6629: VDD_3V3 rail reading 3.30V — good reading.,B6629,POWER_RAIL_3V3,PASS
LOG02659,"Checked J12 continuity on B 0595, 1.06Ohm, unit was reworked yesterday.",B0595,CONTINUITY,PASS
LOG02660,"Checked 3.3V rail on A-4706, 3.66V — failed, customer return unit.",A4706,POWER_RAIL_3V3,FAIL
LOG02661,Unit A 4678: thermal soak reading reading 30.2C.,A4678,THERMAL,PASS
LOG02662,"D 5613 - thermal reading after burn-in 37.1C, per ECO-114.",D5613,THERMAL,PASS
LOG02663,unit C8533 3v3 supply measured 3.21V.,C8533,POWER_RAIL_3V3,PASS
LOG02664,B-5770 continuity on J12: 4.75 Ohm (looks good).,B5770,CONTINUITY,PASS
LOG02665,Unit board B1993: +3.3V rail reading 3.19V.,B1993,POWER_RAIL_3V3,PASS
LOG02666,C 3849 3v3 supply measured 3.46V — good reading.,C3849,POWER_RAIL_3V3,PASS
LOG02667,D7628 +12V supply: 13.32 V — reject.,D7628,POWER_RAIL_12V,FAIL
LOG02668,"board C7544 +5V supply: 4.86 V, nominal.",C7544,POWER_RAIL_5V,PASS
LOG02669,Unit board D4349: signal amplitude CH3 reading 2.96Vpp.,D4349,SIGNAL_INTEGRITY,PASS
LOG02670,"Checked signal amplitude CH4 on board C4095, 2.95Vpp, customer return unit.",C4095,SIGNAL_INTEGRITY,PASS
LOG02671,"board C6828 12v power check measured 12.40V, passes.",C6828,POWER_RAIL_12V,PASS
LOG02672,"Checked continuity on J12 on D2534, 4.31Ohm, unit was reworked yesterday.",D2534,CONTINUITY,PASS
LOG02673,Unit A 7763: cont check J7 reading 6.62Ohm (doesn't look right).,A7763,CONTINUITY,FAIL
LOG02674,"unit A0535 - VDD_5V rail 5.25V, customer return unit.",A0535,POWER_RAIL_5V,PASS
LOG02675,"A 0791 - 3v3 supply 3.26V, shift B.",A0791,POWER_RAIL_3V3,PASS
LOG02676,B-3212 3v3 supply measured 3.16V.,B3212,POWER_RAIL_3V3,PASS
LOG02677,Unit board B9358: continuity on EN_LINE reading 4.71Ohm.,B9358,CONTINUITY,PASS
LOG02678,"Checked scope reading CH2 on D5793, 3.53Vpp, looks good, customer return unit.",D5793,SIGNAL_INTEGRITY,PASS
LOG02679,board D9247 resistance check J12: 7.35 Ohm — flagged for rework.,D9247,CONTINUITY,FAIL
LOG02680,"B-2254 - 5v power check 4.51V (fails), per ECO-114.",B2254,POWER_RAIL_5V,FAIL
LOG02681,Unit C-4219: VDD_5V rail reading 5.51V.,C4219,POWER_RAIL_5V,FAIL
LOG02682,"Unit unit D0874: quiescent current reading 118.78mA, checks out.",D0874,CURRENT_DRAW,PASS
LOG02683,"C1523 5V rail: 4.91 V, checks out.",C1523,POWER_RAIL_5V,PASS
LOG02684,board A7227 12v power check measured 12.02V (checks out).,A7227,POWER_RAIL_12V,PASS
LOG02685,"Checked thermal soak reading on board A4646, 48.3C — all good, customer return unit.",A4646,THERMAL,PASS
LOG02686,"B-9318 case temp: 11.5 C, doesn't look right.",B9318,THERMAL,FAIL
LOG02687,"C 1965 - CH2 signal check 3.05Vpp (OK), after reflow.",C1965,SIGNAL_INTEGRITY,PASS
LOG02688,C-7880 5v power check measured 4.96V.,C7880,POWER_RAIL_5V,PASS
LOG02689,Unit D7345: 3.3V rail reading 3.33V (all good).,D7345,POWER_RAIL_3V3,PASS
LOG02690,"A-4893 - 12V rail 12.10V, per ECO-114.",A4893,POWER_RAIL_12V,PASS
LOG02691,Unit D 6698: case temp reading 54.3C.,D6698,THERMAL,PASS
LOG02692,"Checked 3.3v power check on B-2856, 3.20V — good reading, per ECO-114.",B2856,POWER_RAIL_3V3,PASS
LOG02693,"Checked +12V supply on C 3712, 12.68V, line 2.",C3712,POWER_RAIL_12V,FAIL
LOG02694,"Checked +12V supply on unit D5544, 13.26V, no good, second attempt.",D5544,POWER_RAIL_12V,FAIL
LOG02695,"unit D9510 - +5V supply 5.18V — within spec, per ECO-114.",D9510,POWER_RAIL_5V,PASS
LOG02696,"A5288 - thermal soak reading 7.1C, fails, line 2.",A5288,THERMAL,FAIL
LOG02697,B4956 12V rail: 12.39 V — good reading.,B4956,POWER_RAIL_12V,PASS
LOG02698,"C-6240 continuity on CLK measured 3.16Ohm, nominal.",C6240,CONTINUITY,PASS
LOG02699,Unit C2356: VDD_12V rail reading 12.15V (within spec).,C2356,POWER_RAIL_12V,PASS
LOG02700,Unit A 3655: 5V rail reading 4.97V.,A3655,POWER_RAIL_5V,PASS
LOG02701,"checked ch2 signal check on a 6245, 3.88vpp — doesn't look right.",A6245,SIGNAL_INTEGRITY,FAIL
LOG02702,"A 4270 - eye height CH2 3.37Vpp, customer return unit.",A4270,SIGNAL_INTEGRITY,PASS
LOG02703,"unit C4671 - signal amplitude CH3 4.02Vpp, per ECO-114.",C4671,SIGNAL_INTEGRITY,FAIL
LOG02704,"Checked 3v3 supply on A 0895, 3.35V, all good, second attempt.",A0895,POWER_RAIL_3V3,PASS
LOG02705,"checked +12v supply on board c0183, 11.79v, nominal, unit was reworked yesterday.",C0183,POWER_RAIL_12V,PASS
LOG02706,"Checked VDD_5V rail on D-8734, 4.92V — looks good.",D8734,POWER_RAIL_5V,PASS
LOG02707,"Unit A8959: thermal reading after burn-in reading 41.2C, OK.",A8959,THERMAL,PASS
LOG02708,"Checked eye height CH4 on B-1351, 2.40Vpp, flagged for rework, after reflow.",B1351,SIGNAL_INTEGRITY,FAIL
LOG02709,Unit A5748: resistance check J12 reading 0.08Ohm.,A5748,CONTINUITY,PASS
LOG02710,unit D8446 VDD_12V rail: 12.15 V.,D8446,POWER_RAIL_12V,PASS
LOG02711,"Checked J7 continuity on board A2766, 1.90Ohm (OK), shift B.",A2766,CONTINUITY,PASS
LOG02712,"Checked cont check J4 on D-6419, 1.45Ohm, unit was reworked yesterday.",D6419,CONTINUITY,PASS
LOG02713,"Unit C9643: 3.3v power check reading 3.23V, within spec.",C9643,POWER_RAIL_3V3,PASS
LOG02714,"A3012 board temp after 10min soak: 74.2 C, no good.",A3012,THERMAL,FAIL
LOG02715,board B5859 +12V supply: 12.93 V — flagged for rework.,B5859,POWER_RAIL_12V,FAIL
LOG02716,"Unit board C4857: 3.3V rail reading 3.58V, bad reading.",C4857,POWER_RAIL_3V3,FAIL
LOG02717,C-1630 case temp: 10.6 C.,C1630,THERMAL,FAIL
LOG02718,A-7723 VDD_12V rail measured 12.38V (looks good).,A7723,POWER_RAIL_12V,PASS
LOG02719,board C4063 idle current draw: 4.60 mA — doesn't look right.,C4063,CURRENT_DRAW,FAIL
LOG02720,unit b9930: board temp after 10min soak reading 27.6c.,B9930,THERMAL,PASS
LOG02721,unit B0901 signal amplitude CH3 measured 3.16Vpp — nominal.,B0901,SIGNAL_INTEGRITY,PASS
LOG02722,board C8754 thermal reading after burn-in: 42.3 C — checks out.,C8754,THERMAL,PASS
LOG02723,A-6135 eye height CH2: 3.75 Vpp — no good.,A6135,SIGNAL_INTEGRITY,FAIL
LOG02724,"board C1235 - board temp after 10min soak 63.5C (failed), second attempt.",C1235,THERMAL,FAIL
LOG02725,"Checked signal amplitude CH1 on C-8275, 3.13Vpp, good reading, shift B.",C8275,SIGNAL_INTEGRITY,PASS
LOG02726,"A 8778 - EN_LINE continuity 6.37Ohm, after reflow.",A8778,CONTINUITY,FAIL
LOG02727,"Checked cont check J7 on board B3893, 2.30Ohm, customer return unit.",B3893,CONTINUITY,PASS
LOG02728,"board A3389 - 5v power check 4.37V, shift B.",A3389,POWER_RAIL_5V,FAIL
LOG02729,unit D3522 5V rail measured 5.25V.,D3522,POWER_RAIL_5V,PASS
LOG02730,board B1322 VDD_5V rail: 5.41 V.,B1322,POWER_RAIL_5V,FAIL
LOG02731,B-8653 CH2 signal check: 3.60 Vpp — looks good.,B8653,SIGNAL_INTEGRITY,PASS
LOG02732,"B 5900 - thermal reading after burn-in 36.2C, shift B.",B5900,THERMAL,PASS
LOG02733,Unit A4084: resistance check J4 reading 7.51Ohm — bad reading.,A4084,CONTINUITY,FAIL
LOG02734,"unit C1227 CH2 signal check measured 3.78Vpp, no good.",C1227,SIGNAL_INTEGRITY,FAIL
LOG02735,C1753 5V rail: 5.05 V.,C1753,POWER_RAIL_5V,PASS
LOG02736,board D3485 scope reading CH3: 3.48 Vpp.,D3485,SIGNAL_INTEGRITY,PASS
LOG02737,"Checked +12V supply on board C0260, 10.73V, retest after rework.",C0260,POWER_RAIL_12V,FAIL
LOG02738,"Checked eye height CH2 on unit C1122, 2.48Vpp, no good, unit was reworked yesterday.",C1122,SIGNAL_INTEGRITY,FAIL
LOG02739,"unit D2103 - 12V rail 11.11V, bad reading.",D2103,POWER_RAIL_12V,FAIL
LOG02740,A 8444 quiescent current measured 196.73mA — no good.,A8444,CURRENT_DRAW,FAIL
LOG02741,C 6396 CH1 signal check measured 3.33Vpp — within spec.,C6396,SIGNAL_INTEGRITY,PASS
LOG02742,"Checked VDD_5V rail on unit B6751, 4.82V — nominal, retest after rework.",B6751,POWER_RAIL_5V,PASS
LOG02743,"B-5897 - 3.3V rail 3.17V, customer return unit.",B5897,POWER_RAIL_3V3,PASS
LOG02744,Unit C9677: +3.3V rail reading 3.76V (bad reading).,C9677,POWER_RAIL_3V3,FAIL
LOG02745,d 3786 3.3v rail: 3.23 v — nominal.,D3786,POWER_RAIL_3V3,PASS
LOG02746,board d3906 vdd_5v rail: 4.99 v — within spec.,D3906,POWER_RAIL_5V,PASS
LOG02747,"Checked CH4 signal check on D-3531, 3.11Vpp — looks good, line 2.",D3531,SIGNAL_INTEGRITY,PASS
LOG02748,"board c3088 - thermal soak reading 46.8c, checks out, second attempt.",C3088,THERMAL,PASS
LOG02749,B1372 idle current draw measured 72.79mA (nominal).,B1372,CURRENT_DRAW,PASS
LOG02750,Unit C-4418: quiescent current reading 100.08mA.,C4418,CURRENT_DRAW,PASS
LOG02751,"A9068 - idle current draw 179.95mA, failed, customer return unit.",A9068,CURRENT_DRAW,FAIL
LOG02752,"C-7222 VDD_3V3 rail measured 3.14V, OK.",C7222,POWER_RAIL_3V3,PASS
LOG02753,d 0442 eye height ch3: 2.96 vpp (all good).,D0442,SIGNAL_INTEGRITY,PASS
LOG02754,Unit board D5380: +12V supply reading 11.16V.,D5380,POWER_RAIL_12V,FAIL
LOG02755,"B-7097 case temp measured 0.2C, fails.",B7097,THERMAL,FAIL
LOG02756,unit A3924 - case temp 70.5C — reject.,A3924,THERMAL,FAIL
LOG02757,"checked 12v power check on board c9389, 12.06v — checks out, customer return unit.",C9389,POWER_RAIL_12V,PASS
LOG02758,"board D7756 - 3.3V rail 3.13V, customer return unit.",D7756,POWER_RAIL_3V3,PASS
LOG02759,"Checked standby current on A 8783, 76.89mA, customer return unit.",A8783,CURRENT_DRAW,PASS
LOG02760,"Checked +5V supply on D 3594, 5.01V, good reading.",D3594,POWER_RAIL_5V,PASS
LOG02761,Unit A-3548: VDD_3V3 rail reading 3.35V (all good).,A3548,POWER_RAIL_3V3,PASS
LOG02762,unit D2854 - 5v power check 5.14V (good reading).,D2854,POWER_RAIL_5V,PASS
LOG02763,"unit D0824 VDD_12V rail measured 11.78V, within spec.",D0824,POWER_RAIL_12V,PASS
LOG02764,"Unit unit B9719: +5V supply reading 4.31V, flagged for rework.",B9719,POWER_RAIL_5V,FAIL
LOG02765,"Unit C-6138: quiescent current reading 95.72mA, checks out.",C6138,CURRENT_DRAW,PASS
LOG02766,unit C6851 3v3 supply measured 3.34V.,C6851,POWER_RAIL_3V3,PASS
LOG02767,Unit D 4703: thermal reading after burn-in reading 62.6C.,D4703,THERMAL,FAIL
LOG02768,"board C0002 - board temp after 10min soak 28.8C, within spec, per ECO-114.",C0002,THERMAL,PASS
LOG02769,Unit unit C5869: +5V supply reading 4.96V — good reading.,C5869,POWER_RAIL_5V,PASS
LOG02770,board a7573 case temp measured 65.2c.,A7573,THERMAL,FAIL
LOG02771,unit board d6977: quiescent current reading 171.09ma.,D6977,CURRENT_DRAW,FAIL
LOG02772,"Checked case temp on C 2086, 63.2C, fails, after reflow.",C2086,THERMAL,FAIL
LOG02773,C-4637 idle current draw measured 69.30mA (good reading).,C4637,CURRENT_DRAW,PASS
LOG02774,board B4747 3.3V rail: 3.30 V (all good).,B4747,POWER_RAIL_3V3,PASS
LOG02775,C 2307 idle current draw measured 50.00mA — nominal.,C2307,CURRENT_DRAW,PASS
LOG02776,"Unit A 0019: +3.3V rail reading 3.41V, looks good.",A0019,POWER_RAIL_3V3,PASS
LOG02777,C 9222 - J7 continuity 3.07Ohm.,C9222,CONTINUITY,PASS
LOG02778,"board d3029 - 5v power check 4.84v, customer return unit.",D3029,POWER_RAIL_5V,PASS
LOG02779,Unit unit C6702: case temp reading 29.6C.,C6702,THERMAL,PASS
LOG02780,Unit unit D7472: idle current draw reading 169.72mA.,D7472,CURRENT_DRAW,FAIL
LOG02781,Unit C 4166: VDD_5V rail reading 4.96V — good reading.,C4166,POWER_RAIL_5V,PASS
LOG02782,"B-0885 - 5v power check 5.37V, customer return unit.",B0885,POWER_RAIL_5V,FAIL
LOG02783,"Unit unit D9642: thermal reading after burn-in reading -0.6C, flagged for rework.",D9642,THERMAL,FAIL
LOG02784,"checked eye height ch3 on a 7043, 3.24vpp, line 2.",A7043,SIGNAL_INTEGRITY,PASS
LOG02785,"Checked 3.3v power check on C 2548, 3.13V, per ECO-114.",C2548,POWER_RAIL_3V3,PASS
LOG02786,Unit A6608: thermal soak reading reading 35.7C.,A6608,THERMAL,PASS
LOG02787,board A9841 eye height CH1 measured 3.88Vpp.,A9841,SIGNAL_INTEGRITY,FAIL
LOG02788,"D-7772 - thermal soak reading 31.6C, second attempt.",D7772,THERMAL,PASS
LOG02789,"B 7338 - current draw at idle 177.80mA (reject), shift B.",B7338,CURRENT_DRAW,FAIL
LOG02790,C-8039 12V rail measured 12.60V (passes).,C8039,POWER_RAIL_12V,PASS
LOG02791,Unit unit C8490: 3.3v power check reading 3.25V.,C8490,POWER_RAIL_3V3,PASS
LOG02792,"Checked VDD_5V rail on D4061, 5.10V, customer return unit.",D4061,POWER_RAIL_5V,PASS
LOG02793,board a5213 j4 continuity: 6.08 ohm (flagged for rework).,A5213,CONTINUITY,FAIL
LOG02794,A7984 +5V supply: 4.94 V (good reading).,A7984,POWER_RAIL_5V,PASS
LOG02795,Unit unit A5884: VDD_12V rail reading 12.46V — within spec.,A5884,POWER_RAIL_12V,PASS
LOG02796,"unit A6905 - case temp 41.5C (all good), shift B.",A6905,THERMAL,PASS
LOG02797,"Checked quiescent current on D-7298, 82.75mA, line 2.",D7298,CURRENT_DRAW,PASS
LOG02798,"C8283 +12V supply: 12.60 V, looks good.",C8283,POWER_RAIL_12V,PASS
LOG02799,"A5588 - 5V rail 4.94V (within spec), shift B.",A5588,POWER_RAIL_5V,PASS
LOG02800,"B9958 - 5v power check 4.63V, line 2.",B9958,POWER_RAIL_5V,FAIL
LOG02801,Unit A1546: 5v power check reading 4.88V.,A1546,POWER_RAIL_5V,PASS
LOG02802,B 1573 +12V supply measured 12.22V.,B1573,POWER_RAIL_12V,PASS
LOG02803,board C6687 scope reading CH1 measured 3.32Vpp (good reading).,C6687,SIGNAL_INTEGRITY,PASS
LOG02804,A2418 5v power check: 4.98 V.,A2418,POWER_RAIL_5V,PASS
LOG02805,C3361 continuity on J7 measured 4.15Ohm.,C3361,CONTINUITY,PASS
LOG02806,"A-1689 - board temp after 10min soak 41.4C — nominal, per ECO-114.",A1689,THERMAL,PASS
LOG02807,Unit board B9044: 5v power check reading 5.28V (flagged for rework).,B9044,POWER_RAIL_5V,FAIL
LOG02808,"Unit board C4373: 3v3 supply reading 3.33V, good reading.",C4373,POWER_RAIL_3V3,PASS
LOG02809,A 5495 - 12v power check 12.45V.,A5495,POWER_RAIL_12V,PASS
LOG02810,board C7134 - 3.3v power check 3.96V — doesn't look right.,C7134,POWER_RAIL_3V3,FAIL
LOG02811,"Checked thermal soak reading on unit D3766, 10.0C, unit was reworked yesterday.",D3766,THERMAL,FAIL
LOG02812,unit B1325 - board temp after 10min soak 20.0C.,B1325,THERMAL,PASS
LOG02813,Unit B1485: standby current reading 16.39mA (doesn't look right).,B1485,CURRENT_DRAW,FAIL
LOG02814,board B1211 continuity on J4: 6.06 Ohm — failed.,B1211,CONTINUITY,FAIL
LOG02815,"Checked standby current on C-8715, 175.76mA, customer return unit.",C8715,CURRENT_DRAW,FAIL
LOG02816,A 6698 resistance check RESET: 6.01 Ohm — reject.,A6698,CONTINUITY,FAIL
LOG02817,"board B4699 - 12v power check 11.43V, unit was reworked yesterday.",B4699,POWER_RAIL_12V,PASS
LOG02818,"D6745 cont check J7: 2.58 Ohm, OK.",D6745,CONTINUITY,PASS
LOG02819,Unit unit D0232: signal amplitude CH2 reading 2.95Vpp.,D0232,SIGNAL_INTEGRITY,PASS
LOG02820,"D-0341 - 5V rail 5.18V (within spec), per ECO-114.",D0341,POWER_RAIL_5V,PASS
LOG02821,"B-8324 idle current draw measured 73.16mA, all good.",B8324,CURRENT_DRAW,PASS
LOG02822,"A 6354 - signal amplitude CH3 2.50Vpp, retest after rework.",A6354,SIGNAL_INTEGRITY,FAIL
LOG02823,Unit D-1370: thermal reading after burn-in reading 1.2C.,D1370,THERMAL,FAIL
LOG02824,Unit unit B7788: thermal reading after burn-in reading 63.2C (flagged for rework).,B7788,THERMAL,FAIL
LOG02825,Unit B 1448: board temp after 10min soak reading 74.6C.,B1448,THERMAL,FAIL
LOG02826,"D4272 - VDD_5V rail 4.90V, nominal, second attempt.",D4272,POWER_RAIL_5V,PASS
LOG02827,unit D9702 signal amplitude CH1: 3.79 Vpp.,D9702,SIGNAL_INTEGRITY,FAIL
LOG02828,board D9429 signal amplitude CH3: 3.17 Vpp — nominal.,D9429,SIGNAL_INTEGRITY,PASS
LOG02829,"A4410 - 12v power check 12.21V (OK), customer return unit.",A4410,POWER_RAIL_12V,PASS
LOG02830,"Unit unit A0699: +12V supply reading 12.17V, nominal.",A0699,POWER_RAIL_12V,PASS
LOG02831,A-0687 board temp after 10min soak: -0.5 C — bad reading.,A0687,THERMAL,FAIL
LOG02832,A1469 board temp after 10min soak measured 16.9C — reject.,A1469,THERMAL,FAIL
LOG02833,"Checked eye height CH3 on C7478, 2.92Vpp (looks good), per ECO-114.",C7478,SIGNAL_INTEGRITY,PASS
LOG02834,Unit D 0708: thermal soak reading reading 36.4C.,D0708,THERMAL,PASS
LOG02835,"Unit C 5847: current draw at idle reading 91.03mA, nominal.",C5847,CURRENT_DRAW,PASS
LOG02836,"D-2310 - VDD_12V rail 11.96V, shift B.",D2310,POWER_RAIL_12V,PASS
LOG02837,unit D1383 quiescent current: 3.60 mA — bad reading.,D1383,CURRENT_DRAW,FAIL
LOG02838,"unit B3563 12v power check measured 12.50V, looks good.",B3563,POWER_RAIL_12V,PASS
LOG02839,A6727 VDD_5V rail measured 5.04V.,A6727,POWER_RAIL_5V,PASS
LOG02840,"Checked CH3 signal check on D9321, 3.35Vpp — within spec, second attempt.",D9321,SIGNAL_INTEGRITY,PASS
LOG02841,"Checked VDD_5V rail on C-0414, 4.31V — failed, customer return unit.",C0414,POWER_RAIL_5V,FAIL
LOG02842,"Unit D-4028: quiescent current reading 200.75mA, fails.",D4028,CURRENT_DRAW,FAIL
LOG02843,"board A0551 - CLK continuity 0.00Ohm, customer return unit.",A0551,CONTINUITY,PASS
LOG02844,Unit unit A7790: 3v3 supply reading 3.13V — good reading.,A7790,POWER_RAIL_3V3,PASS
LOG02845,"A 9129 signal amplitude CH2 measured 3.73Vpp, no good.",A9129,SIGNAL_INTEGRITY,FAIL
LOG02846,unit A3437 VDD_12V rail: 12.13 V.,A3437,POWER_RAIL_12V,PASS
LOG02847,A 9476 thermal soak reading measured 16.3C.,A9476,THERMAL,FAIL
LOG02848,unit a 4479: +3.3v rail reading 3.28v.,A4479,POWER_RAIL_3V3,PASS
LOG02849,board A5624 quiescent current: 124.20 mA — passes.,A5624,CURRENT_DRAW,PASS
LOG02850,D 5031 3.3v power check measured 3.24V.,D5031,POWER_RAIL_3V3,PASS
LOG02851,unit B5562 12V rail measured 11.98V.,B5562,POWER_RAIL_12V,PASS
LOG02852,"checked resistance check reset on d 0573, 7.10ohm — no good.",D0573,CONTINUITY,FAIL
LOG02853,Unit B-6142: 3.3v power check reading 3.27V — passes.,B6142,POWER_RAIL_3V3,PASS
LOG02854,"board B1081 - board temp after 10min soak 13.0C, second attempt.",B1081,THERMAL,FAIL
LOG02855,"board C5336 - thermal reading after burn-in 43.0C — all good, line 2.",C5336,THERMAL,PASS
LOG02856,"D-0328 - resistance check RESET 5.82Ohm, shift B.",D0328,CONTINUITY,FAIL
LOG02857,c 5911 cont check j12 measured 3.09ohm.,C5911,CONTINUITY,PASS
LOG02858,unit C7131 VDD_5V rail: 5.01 V.,C7131,POWER_RAIL_5V,PASS
LOG02859,"A2911 - +12V supply 12.13V, all good, customer return unit.",A2911,POWER_RAIL_12V,PASS
LOG02860,"C 0884 - thermal reading after burn-in 29.1C, checks out.",C0884,THERMAL,PASS
LOG02861,board D2328 resistance check RESET measured 1.28Ohm — passes.,D2328,CONTINUITY,PASS
LOG02862,"board A6718 - 12V rail 13.04V, retest after rework.",A6718,POWER_RAIL_12V,FAIL
LOG02863,"Unit unit C0644: resistance check RESET reading 7.44Ohm, bad reading.",C0644,CONTINUITY,FAIL
LOG02864,"D1520 case temp measured 31.5C, all good.",D1520,THERMAL,PASS
LOG02865,board D3498 5v power check: 5.06 V (passes).,D3498,POWER_RAIL_5V,PASS
LOG02866,board A9772 - continuity on RESET 3.16Ohm (passes).,A9772,CONTINUITY,PASS
LOG02867,D-5600 - VDD_5V rail 4.44V (bad reading).,D5600,POWER_RAIL_5V,FAIL
LOG02868,board A3987 board temp after 10min soak: 40.6 C (all good).,A3987,THERMAL,PASS
LOG02869,b-2439 +5v supply measured 5.32v (no good).,B2439,POWER_RAIL_5V,FAIL
LOG02870,Unit C 7226: VDD_3V3 rail reading 3.34V (passes).,C7226,POWER_RAIL_3V3,PASS
LOG02871,B-0355 thermal reading after burn-in measured 39.3C — OK.,B0355,THERMAL,PASS
LOG02872,"checked 12v rail on b6448, 12.01v, per eco-114.",B6448,POWER_RAIL_12V,PASS
LOG02873,C-3300 idle current draw: 51.67 mA — nominal.,C3300,CURRENT_DRAW,PASS
LOG02874,board C5136 +3.3V rail measured 3.31V.,C5136,POWER_RAIL_3V3,PASS
LOG02875,Unit board D8938: standby current reading 82.22mA (all good).,D8938,CURRENT_DRAW,PASS
LOG02876,"checked case temp on unit a2784, 32.0c (within spec), retest after rework.",A2784,THERMAL,PASS
LOG02877,A-7166 3.3V rail measured 3.08V — reject.,A7166,POWER_RAIL_3V3,FAIL
LOG02878,Unit unit C9663: 5v power check reading 4.85V.,C9663,POWER_RAIL_5V,PASS
LOG02879,"Checked standby current on D7270, 118.98mA, unit was reworked yesterday.",D7270,CURRENT_DRAW,PASS
LOG02880,"C 1517 signal amplitude CH1 measured 3.04Vpp, within spec.",C1517,SIGNAL_INTEGRITY,PASS
LOG02881,Unit B 9486: +3.3V rail reading 2.71V.,B9486,POWER_RAIL_3V3,FAIL
LOG02882,C 3061 RESET continuity measured 7.47Ohm — bad reading.,C3061,CONTINUITY,FAIL
LOG02883,"Unit unit C0839: 12v power check reading 13.30V, doesn't look right.",C0839,POWER_RAIL_12V,FAIL
LOG02884,"C 0353 - 3v3 supply 3.18V (OK), line 2.",C0353,POWER_RAIL_3V3,PASS
LOG02885,"D 7771 - signal amplitude CH1 3.18Vpp, line 2.",D7771,SIGNAL_INTEGRITY,PASS
LOG02886,"Checked case temp on B 3209, 72.6C, customer return unit.",B3209,THERMAL,FAIL
LOG02887,"unit A4140 - 5v power check 5.14V, line 2.",A4140,POWER_RAIL_5V,PASS
LOG02888,"Checked +5V supply on B5672, 5.02V (checks out), customer return unit.",B5672,POWER_RAIL_5V,PASS
LOG02889,"board C1154 - continuity on RESET 1.17Ohm, looks good, line 2.",C1154,CONTINUITY,PASS
LOG02890,"Checked 5v power check on board C3973, 5.05V, after reflow.",C3973,POWER_RAIL_5V,PASS
LOG02891,Unit D8282: 3.3V rail reading 3.13V (nominal).,D8282,POWER_RAIL_3V3,PASS
LOG02892,Unit board A0204: VDD_5V rail reading 4.75V (passes).,A0204,POWER_RAIL_5V,PASS
LOG02893,Unit C-9505: +5V supply reading 5.01V — passes.,C9505,POWER_RAIL_5V,PASS
LOG02894,"B5829 - cont check J12 7.03Ohm, customer return unit.",B5829,CONTINUITY,FAIL
LOG02895,"Checked +5V supply on B-5278, 4.99V, looks good, shift B.",B5278,POWER_RAIL_5V,PASS
LOG02896,unit C7303 quiescent current measured 108.05mA — looks good.,C7303,CURRENT_DRAW,PASS
LOG02897,"board B5411 12v power check: 11.95 V, all good.",B5411,POWER_RAIL_12V,PASS
LOG02898,"Checked +5V supply on D 9808, 5.06V.",D9808,POWER_RAIL_5V,PASS
LOG02899,B-0737 case temp measured 42.1C.,B0737,THERMAL,PASS
LOG02900,"C0269 - 3.3v power check 3.20V, shift B.",C0269,POWER_RAIL_3V3,PASS
LOG02901,"Checked quiescent current on B 8095, 99.28mA, retest after rework.",B8095,CURRENT_DRAW,PASS
LOG02902,"board D3266 - VDD_12V rail 11.94V (passes), after reflow.",D3266,POWER_RAIL_12V,PASS
LOG02903,"Checked signal amplitude CH4 on unit D5002, 2.54Vpp, line 2.",D5002,SIGNAL_INTEGRITY,FAIL
LOG02904,"A 7819 idle current draw: 82.46 mA, OK.",A7819,CURRENT_DRAW,PASS
LOG02905,D-7477 VDD_12V rail: 11.91 V.,D7477,POWER_RAIL_12V,PASS
LOG02906,A3716 signal amplitude CH3: 3.03 Vpp.,A3716,SIGNAL_INTEGRITY,PASS
LOG02907,"Unit board C0998: standby current reading 96.20mA, checks out.",C0998,CURRENT_DRAW,PASS
LOG02908,unit B6470 signal amplitude CH1: 3.24 Vpp.,B6470,SIGNAL_INTEGRITY,PASS
LOG02909,D2403 VDD_3V3 rail measured 3.42V.,D2403,POWER_RAIL_3V3,PASS
LOG02910,"Checked 12V rail on unit B5889, 11.74V, retest after rework.",B5889,POWER_RAIL_12V,PASS
LOG02911,unit B4730 current draw at idle measured 112.27mA (OK).,B4730,CURRENT_DRAW,PASS
LOG02912,Unit B8088: VDD_3V3 rail reading 3.44V.,B8088,POWER_RAIL_3V3,PASS
LOG02913,C-3056 12v power check measured 10.97V.,C3056,POWER_RAIL_12V,FAIL
LOG02914,unit B6282 signal amplitude CH1 measured 3.30Vpp (looks good).,B6282,SIGNAL_INTEGRITY,PASS
LOG02915,"board C1235 - board temp after 10min soak 20.0C, after reflow.",C1235,THERMAL,PASS
LOG02916,B6842 3.3V rail measured 3.32V.,B6842,POWER_RAIL_3V3,PASS
LOG02917,unit b2303 eye height ch1 measured 3.19vpp (all good).,B2303,SIGNAL_INTEGRITY,PASS
LOG02918,Unit unit A1924: idle current draw reading 35.16mA.,A1924,CURRENT_DRAW,FAIL
LOG02919,Unit B 6226: case temp reading 43.2C — within spec.,B6226,THERMAL,PASS
LOG02920,Unit unit D3852: cont check CLK reading 7.93Ohm.,D3852,CONTINUITY,FAIL
LOG02921,A-3193 VDD_3V3 rail measured 3.28V.,A3193,POWER_RAIL_3V3,PASS
LOG02922,Unit D-2522: 3.3V rail reading 3.13V.,D2522,POWER_RAIL_3V3,PASS
LOG02923,"B-4640 - case temp 8.9C — reject, per ECO-114.",B4640,THERMAL,FAIL
LOG02924,B 4263 5V rail: 4.91 V — all good.,B4263,POWER_RAIL_5V,PASS
LOG02925,"Checked board temp after 10min soak on board A3468, 16.4C (no good), shift B.",A3468,THERMAL,FAIL
LOG02926,unit C5716 VDD_5V rail measured 5.05V (looks good).,C5716,POWER_RAIL_5V,PASS
LOG02927,A-6163 VDD_12V rail measured 11.27V.,A6163,POWER_RAIL_12V,FAIL
LOG02928,"board C6478 - scope reading CH3 3.60Vpp, per ECO-114.",C6478,SIGNAL_INTEGRITY,PASS
LOG02929,"Checked +12V supply on unit C2351, 11.91V (all good), unit was reworked yesterday.",C2351,POWER_RAIL_12V,PASS
LOG02930,unit D3147 12v power check: 11.04 V — doesn't look right.,D3147,POWER_RAIL_12V,FAIL
LOG02931,board A8028 signal amplitude CH2 measured 2.44Vpp — failed.,A8028,SIGNAL_INTEGRITY,FAIL
LOG02932,"Checked case temp on unit C0267, 23.0C, second attempt.",C0267,THERMAL,PASS
LOG02933,"Checked 12V rail on A0523, 11.87V, customer return unit.",A0523,POWER_RAIL_12V,PASS
LOG02934,B-3671 cont check J7: 3.96 Ohm.,B3671,CONTINUITY,PASS
LOG02935,A0899 continuity on J12 measured 0.86Ohm (passes).,A0899,CONTINUITY,PASS
LOG02936,"a-0102 - idle current draw 143.20ma, after reflow.",A0102,CURRENT_DRAW,PASS
LOG02937,"board D7646 - thermal soak reading 70.3C, line 2.",D7646,THERMAL,FAIL
LOG02938,"Checked signal amplitude CH4 on unit B3585, 3.21Vpp, all good.",B3585,SIGNAL_INTEGRITY,PASS
LOG02939,"checked 3.3v power check on board a5423, 2.75v, bad reading.",A5423,POWER_RAIL_3V3,FAIL
LOG02940,A 4602 eye height CH3 measured 3.36Vpp.,A4602,SIGNAL_INTEGRITY,PASS
LOG02941,"Checked VDD_12V rail on D-1248, 11.44V, retest after rework.",D1248,POWER_RAIL_12V,PASS
LOG02942,"Checked VDD_12V rail on A6260, 11.97V, good reading, unit was reworked yesterday.",A6260,POWER_RAIL_12V,PASS
LOG02943,"Checked scope reading CH1 on board D4839, 3.18Vpp (OK), retest after rework.",D4839,SIGNAL_INTEGRITY,PASS
LOG02944,Unit A-8328: standby current reading 103.41mA.,A8328,CURRENT_DRAW,PASS
LOG02945,"Checked thermal soak reading on B-5474, 65.3C (no good), after reflow.",B5474,THERMAL,FAIL
LOG02946,A7786 12V rail measured 11.55V — OK.,A7786,POWER_RAIL_12V,PASS
LOG02947,"board C7920 - 3v3 supply 3.71V, unit was reworked yesterday.",C7920,POWER_RAIL_3V3,FAIL
LOG02948,unit D5999 thermal reading after burn-in measured 39.5C — OK.,D5999,THERMAL,PASS
LOG02949,"Checked 3.3V rail on unit B2086, 3.46V — OK, retest after rework.",B2086,POWER_RAIL_3V3,PASS
LOG02950,Unit A-4724: cont check CLK reading 5.55Ohm.,A4724,CONTINUITY,FAIL
LOG02951,unit C8059 scope reading CH4 measured 3.22Vpp — all good.,C8059,SIGNAL_INTEGRITY,PASS
LOG02952,"Checked 3v3 supply on board D8836, 3.32V, all good, second attempt.",D8836,POWER_RAIL_3V3,PASS
LOG02953,"unit b 1385: current draw at idle reading 126.81ma, good reading.",B1385,CURRENT_DRAW,PASS
LOG02954,D8264 12V rail measured 12.32V.,D8264,POWER_RAIL_12V,PASS
LOG02955,"D 2113 - board temp after 10min soak 54.0C — all good, shift B.",D2113,THERMAL,PASS
LOG02956,"c-8163 - eye height ch3 3.83vpp, second attempt.",C8163,SIGNAL_INTEGRITY,FAIL
LOG02957,"unit A4460 - RESET continuity 3.67Ohm, per ECO-114.",A4460,CONTINUITY,PASS
LOG02958,B-1658 VDD_12V rail measured 11.56V (nominal).,B1658,POWER_RAIL_12V,PASS
LOG02959,unit d8859 vdd_5v rail measured 5.08v.,D8859,POWER_RAIL_5V,PASS
LOG02960,"B-8612 - VDD_12V rail 12.48V, customer return unit.",B8612,POWER_RAIL_12V,PASS
LOG02961,Unit unit C7490: case temp reading 38.4C.,C7490,THERMAL,PASS
LOG02962,D 8187 board temp after 10min soak: 28.8 C — all good.,D8187,THERMAL,PASS
LOG02963,unit b2885 12v power check measured 11.44v — looks good.,B2885,POWER_RAIL_12V,PASS
LOG02964,"Checked board temp after 10min soak on D6311, 73.4C, line 2.",D6311,THERMAL,FAIL
LOG02965,"C 1181 - scope reading CH4 3.24Vpp — checks out, after reflow.",C1181,SIGNAL_INTEGRITY,PASS
LOG02966,Unit B4229: board temp after 10min soak reading 53.0C — within spec.,B4229,THERMAL,PASS
LOG02967,unit D6891 J4 continuity measured 2.08Ohm — all good.,D6891,CONTINUITY,PASS
LOG02968,"unit D6666 - 5v power check 5.17V, within spec, after reflow.",D6666,POWER_RAIL_5V,PASS
LOG02969,board c1434 - scope reading ch2 3.56vpp.,C1434,SIGNAL_INTEGRITY,PASS
LOG02970,"unit D3189 - continuity on J4 6.34Ohm — flagged for rework, shift B.",D3189,CONTINUITY,FAIL
LOG02971,C3036 5V rail: 4.91 V.,C3036,POWER_RAIL_5V,PASS
LOG02972,C 2070 case temp measured 0.8C.,C2070,THERMAL,FAIL
LOG02973,C9570 VDD_5V rail measured 4.46V.,C9570,POWER_RAIL_5V,FAIL
LOG02974,A0996 - +3.3V rail 3.92V.,A0996,POWER_RAIL_3V3,FAIL
LOG02975,unit a 1543: thermal reading after burn-in reading 40.0c (within spec).,A1543,THERMAL,PASS
LOG02976,A 4866 - +5V supply 5.13V.,A4866,POWER_RAIL_5V,PASS
LOG02977,"Checked case temp on C2998, 55.0C — checks out, after reflow.",C2998,THERMAL,PASS
LOG02978,"Checked current draw at idle on unit D2906, 184.02mA — out of spec, retest after rework.",D2906,CURRENT_DRAW,FAIL
LOG02979,"Checked case temp on D6001, 2.8C, no good, unit was reworked yesterday.",D6001,THERMAL,FAIL
LOG02980,"checked scope reading ch3 on a 8242, 3.52vpp, after reflow.",A8242,SIGNAL_INTEGRITY,PASS
LOG02981,board A2799 - 3.3V rail 3.82V.,A2799,POWER_RAIL_3V3,FAIL
LOG02982,D4313 thermal reading after burn-in measured 38.5C (passes).,D4313,THERMAL,PASS
LOG02983,board D6950 thermal reading after burn-in measured 2.0C (fails).,D6950,THERMAL,FAIL
LOG02984,board B4380 case temp measured 26.0C.,B4380,THERMAL,PASS
LOG02985,Unit D-6694: case temp reading 33.2C (within spec).,D6694,THERMAL,PASS
LOG02986,Unit unit C2066: 3.3V rail reading 2.72V.,C2066,POWER_RAIL_3V3,FAIL
LOG02987,"board D8579 scope reading CH3 measured 2.80Vpp, OK.",D8579,SIGNAL_INTEGRITY,PASS
LOG02988,board b4573 signal amplitude ch4 measured 3.04vpp (good reading).,B4573,SIGNAL_INTEGRITY,PASS
LOG02989,A-3725 +5V supply measured 5.18V.,A3725,POWER_RAIL_5V,PASS
LOG02990,"B0808 5v power check: 4.92 V, within spec.",B0808,POWER_RAIL_5V,PASS
LOG02991,"D 9036 - 5V rail 5.34V, flagged for rework, retest after rework.",D9036,POWER_RAIL_5V,FAIL
LOG02992,"Checked board temp after 10min soak on A 9017, 38.3C, second attempt.",A9017,THERMAL,PASS
LOG02993,Unit D 5849: +5V supply reading 5.73V.,D5849,POWER_RAIL_5V,FAIL
LOG02994,"a4176 - eye height ch4 3.89vpp, fails, line 2.",A4176,SIGNAL_INTEGRITY,FAIL
LOG02995,"Unit D-3698: 12V rail reading 12.06V, good reading.",D3698,POWER_RAIL_12V,PASS
LOG02996,C-1093 12v power check measured 12.74V (flagged for rework).,C1093,POWER_RAIL_12V,FAIL
LOG02997,"board c6402 - vdd_5v rail 5.05v — nominal, retest after rework.",C6402,POWER_RAIL_5V,PASS
LOG02998,A5305 standby current: 85.39 mA.,A5305,CURRENT_DRAW,PASS
LOG02999,board B1621 VDD_5V rail: 4.38 V — failed.,B1621,POWER_RAIL_5V,FAIL
LOG03000,"a9292 5v rail measured 5.51v, reject.",A9292,POWER_RAIL_5V,FAIL
LOG03001,A-3967 12V rail measured 11.92V — OK.,A3967,POWER_RAIL_12V,PASS
LOG03002,C 2784 +12V supply measured 11.75V.,C2784,POWER_RAIL_12V,PASS
LOG03003,"Checked standby current on A-0975, 111.94mA, shift B.",A0975,CURRENT_DRAW,PASS
LOG03004,Unit D 0050: board temp after 10min soak reading 37.5C — passes.,D0050,THERMAL,PASS
LOG03005,"Checked signal amplitude CH4 on D3331, 2.45Vpp — reject.",D3331,SIGNAL_INTEGRITY,FAIL
LOG03006,B-5280 5v power check: 5.01 V — passes.,B5280,POWER_RAIL_5V,PASS
LOG03007,A5024 idle current draw measured 63.97mA — OK.,A5024,CURRENT_DRAW,PASS
LOG03008,Unit unit B8650: 12V rail reading 12.25V.,B8650,POWER_RAIL_12V,PASS
LOG03009,Unit board A2420: cont check CLK reading 6.38Ohm — bad reading.,A2420,CONTINUITY,FAIL
LOG03010,"Checked 5v power check on board A2284, 5.11V, second attempt.",A2284,POWER_RAIL_5V,PASS
LOG03011,Unit B3424: 3v3 supply reading 3.35V — looks good.,B3424,POWER_RAIL_3V3,PASS
LOG03012,"unit A2407 - 12V rail 11.24V, failed, per ECO-114.",A2407,POWER_RAIL_12V,FAIL
LOG03013,A 4831 thermal reading after burn-in measured 59.8C (flagged for rework).,A4831,THERMAL,FAIL
LOG03014,C 3916 VDD_3V3 rail: 3.22 V (all good).,C3916,POWER_RAIL_3V3,PASS
LOG03015,"Checked 3.3V rail on A 8447, 3.89V.",A8447,POWER_RAIL_3V3,FAIL
LOG03016,B 2098 VDD_5V rail measured 5.74V.,B2098,POWER_RAIL_5V,FAIL
LOG03017,"Checked current draw at idle on B 9793, 173.16mA — failed, retest after rework.",B9793,CURRENT_DRAW,FAIL
LOG03018,"Checked 12V rail on A 1018, 12.12V, after reflow.",A1018,POWER_RAIL_12V,PASS
LOG03019,"A-7238 case temp measured 2.6C, doesn't look right.",A7238,THERMAL,FAIL
LOG03020,C 0292 thermal soak reading: 36.9 C — passes.,C0292,THERMAL,PASS
LOG03021,"checked +12v supply on c7964, 11.96v (checks out), retest after rework.",C7964,POWER_RAIL_12V,PASS
LOG03022,B8906 continuity on CLK: 2.45 Ohm.,B8906,CONTINUITY,PASS
LOG03023,"B 3259 - 12V rail 13.22V — reject, after reflow.",B3259,POWER_RAIL_12V,FAIL
LOG03024,B 6766 current draw at idle measured 90.69mA — good reading.,B6766,CURRENT_DRAW,PASS
LOG03025,"Checked board temp after 10min soak on unit B3059, 35.8C, retest after rework.",B3059,THERMAL,PASS
LOG03026,"Checked quiescent current on A8746, 104.25mA (all good), customer return unit.",A8746,CURRENT_DRAW,PASS
LOG03027,"Unit C-3419: thermal soak reading reading 3.7C, reject.",C3419,THERMAL,FAIL
LOG03028,Unit unit D3954: 3.3v power check reading 3.54V.,D3954,POWER_RAIL_3V3,FAIL
LOG03029,"C-4432 - VDD_12V rail 11.98V, per ECO-114.",C4432,POWER_RAIL_12V,PASS
LOG03030,Unit unit C5217: case temp reading 36.8C.,C5217,THERMAL,PASS
LOG03031,"checked vdd_5v rail on unit a0529, 5.17v — all good, per eco-114.",A0529,POWER_RAIL_5V,PASS
LOG03032,unit A7857 VDD_3V3 rail measured 3.27V.,A7857,POWER_RAIL_3V3,PASS
LOG03033,"Checked board temp after 10min soak on A 3718, 25.7C, unit was reworked yesterday.",A3718,THERMAL,PASS
LOG03034,"Checked 3.3V rail on board A6376, 3.34V — nominal, line 2.",A6376,POWER_RAIL_3V3,PASS
LOG03035,unit d-4723: ch4 signal check reading 2.82vpp.,D4723,SIGNAL_INTEGRITY,PASS
LOG03036,c-5199 - vdd_12v rail 11.84v.,C5199,POWER_RAIL_12V,PASS
LOG03037,board D6267 CH4 signal check: 3.34 Vpp — good reading.,D6267,SIGNAL_INTEGRITY,PASS
LOG03038,B 9094 CH2 signal check: 3.02 Vpp — checks out.,B9094,SIGNAL_INTEGRITY,PASS
LOG03039,board A8877 - 12v power check 12.02V (all good).,A8877,POWER_RAIL_12V,PASS
LOG03040,board C6117 CH2 signal check measured 3.07Vpp.,C6117,SIGNAL_INTEGRITY,PASS
LOG03041,unit board d3755: cont check clk reading 1.50ohm (looks good).,D3755,CONTINUITY,PASS
LOG03042,"unit A0299 - board temp after 10min soak 70.0C, customer return unit.",A0299,THERMAL,FAIL
LOG03043,"Checked +5V supply on board D5268, 5.03V, OK, per ECO-114.",D5268,POWER_RAIL_5V,PASS
LOG03044,unit B2046 scope reading CH4 measured 2.62Vpp.,B2046,SIGNAL_INTEGRITY,FAIL
LOG03045,"D 9756 - current draw at idle 155.89mA, bad reading, shift B.",D9756,CURRENT_DRAW,FAIL
LOG03046,B 3721 VDD_3V3 rail: 3.24 V.,B3721,POWER_RAIL_3V3,PASS
LOG03047,Unit C-2649: continuity on RESET reading 5.59Ohm.,C2649,CONTINUITY,FAIL
LOG03048,Unit board A8023: thermal reading after burn-in reading 35.1C (looks good).,A8023,THERMAL,PASS
LOG03049,B1141 CH1 signal check measured 3.25Vpp.,B1141,SIGNAL_INTEGRITY,PASS
LOG03050,"C 9156 idle current draw measured 172.86mA, no good.",C9156,CURRENT_DRAW,FAIL
LOG03051,Unit B8036: 12V rail reading 12.10V — within spec.,B8036,POWER_RAIL_12V,PASS
LOG03052,"Checked signal amplitude CH1 on C2623, 3.26Vpp, customer return unit.",C2623,SIGNAL_INTEGRITY,PASS
LOG03053,"checked standby current on unit d7429, 81.03ma — looks good, line 2.",D7429,CURRENT_DRAW,PASS
LOG03054,A3708 +3.3V rail measured 3.46V (all good).,A3708,POWER_RAIL_3V3,PASS
LOG03055,"Checked 5v power check on board A6310, 5.44V — fails, customer return unit.",A6310,POWER_RAIL_5V,FAIL
LOG03056,"Checked 12v power check on B-0691, 12.14V, checks out, per ECO-114.",B0691,POWER_RAIL_12V,PASS
LOG03057,D-0551 12V rail: 13.11 V (bad reading).,D0551,POWER_RAIL_12V,FAIL
LOG03058,Unit C-0055: +5V supply reading 5.49V.,C0055,POWER_RAIL_5V,FAIL
LOG03059,unit B5706 VDD_5V rail: 4.83 V (looks good).,B5706,POWER_RAIL_5V,PASS
LOG03060,unit C4019 12v power check measured 12.80V — reject.,C4019,POWER_RAIL_12V,FAIL
LOG03061,unit B8785 12v power check measured 12.19V (looks good).,B8785,POWER_RAIL_12V,PASS
LOG03062,A9157 continuity on CLK measured 0.00Ohm.,A9157,CONTINUITY,PASS
LOG03063,"Checked thermal reading after burn-in on board A6706, 44.6C, good reading.",A6706,THERMAL,PASS
LOG03064,"Checked continuity on J7 on A 4697, 0.71Ohm, second attempt.",A4697,CONTINUITY,PASS
LOG03065,"board B5203 - 3.3V rail 3.37V — nominal, shift B.",B5203,POWER_RAIL_3V3,PASS
LOG03066,C1757 CH2 signal check: 3.58 Vpp — OK.,C1757,SIGNAL_INTEGRITY,PASS
LOG03067,B 8390 - resistance check J4 7.79Ohm (no good).,B8390,CONTINUITY,FAIL
LOG03068,"B3367 board temp after 10min soak: 20.0 C, looks good.",B3367,THERMAL,PASS
LOG03069,"D 3603 5v power check measured 4.82V, nominal.",D3603,POWER_RAIL_5V,PASS
LOG03070,unit D2779 5v power check: 5.19 V.,D2779,POWER_RAIL_5V,PASS
LOG03071,Unit board A3213: cont check J7 reading 3.36Ohm — within spec.,A3213,CONTINUITY,PASS
LOG03072,"Unit C-1293: continuity on CLK reading 6.06Ohm, flagged for rework.",C1293,CONTINUITY,FAIL
LOG03073,"unit A5996 - CH3 signal check 3.22Vpp (passes), after reflow.",A5996,SIGNAL_INTEGRITY,PASS
LOG03074,"Checked VDD_3V3 rail on C 2317, 3.46V — nominal, retest after rework.",C2317,POWER_RAIL_3V3,PASS
LOG03075,Unit board B1588: CH2 signal check reading 3.35Vpp (all good).,B1588,SIGNAL_INTEGRITY,PASS
LOG03076,B 5974 +5V supply measured 4.28V.,B5974,POWER_RAIL_5V,FAIL
LOG03077,Unit D 1724: J12 continuity reading 1.52Ohm.,D1724,CONTINUITY,PASS
LOG03078,b5518 j4 continuity measured 3.96ohm — looks good.,B5518,CONTINUITY,PASS
LOG03079,"Checked resistance check J4 on D-1077, 5.00Ohm, second attempt.",D1077,CONTINUITY,PASS
LOG03080,Unit A-5465: VDD_5V rail reading 5.55V — reject.,A5465,POWER_RAIL_5V,FAIL
LOG03081,Unit unit A6479: signal amplitude CH4 reading 4.07Vpp (bad reading).,A6479,SIGNAL_INTEGRITY,FAIL
LOG03082,"unit D1955 - scope reading CH3 3.74Vpp (reject), after reflow.",D1955,SIGNAL_INTEGRITY,FAIL
LOG03083,"C3071 - +5V supply 5.02V, second attempt.",C3071,POWER_RAIL_5V,PASS
LOG03084,Unit C-4927: 12V rail reading 12.07V.,C4927,POWER_RAIL_12V,PASS
LOG03085,B4106 case temp: 2.0 C.,B4106,THERMAL,FAIL
LOG03086,board D4782 CH1 signal check: 3.10 Vpp.,D4782,SIGNAL_INTEGRITY,PASS
LOG03087,"checked ch1 signal check on b-4230, 2.95vpp.",B4230,SIGNAL_INTEGRITY,PASS
LOG03088,board a6976 thermal reading after burn-in measured 29.4c.,A6976,THERMAL,PASS
LOG03089,"Checked 3.3V rail on D 8157, 3.31V, customer return unit.",D8157,POWER_RAIL_3V3,PASS
LOG03090,"Checked +12V supply on B 5913, 11.81V, per ECO-114.",B5913,POWER_RAIL_12V,PASS
LOG03091,"Checked VDD_5V rail on B 7301, 4.91V, within spec, retest after rework.",B7301,POWER_RAIL_5V,PASS
LOG03092,"B 2247 - 3.3v power check 3.31V (checks out), customer return unit.",B2247,POWER_RAIL_3V3,PASS
LOG03093,"Checked case temp on C-1232, 44.4C, unit was reworked yesterday.",C1232,THERMAL,PASS
LOG03094,unit D4501 cont check J7 measured 2.17Ohm.,D4501,CONTINUITY,PASS
LOG03095,"checked standby current on d 1085, 100.67ma (within spec), retest after rework.",D1085,CURRENT_DRAW,PASS
LOG03096,unit A1453 resistance check RESET measured 4.35Ohm — looks good.,A1453,CONTINUITY,PASS
LOG03097,D-8277 scope reading CH2 measured 3.83Vpp — doesn't look right.,D8277,SIGNAL_INTEGRITY,FAIL
LOG03098,Unit board A9258: 3.3V rail reading 3.16V (OK).,A9258,POWER_RAIL_3V3,PASS
LOG03099,B 7403 3.3v power check measured 3.46V — passes.,B7403,POWER_RAIL_3V3,PASS
LOG03100,"Checked J4 continuity on board B1975, 1.60Ohm, checks out, retest after rework.",B1975,CONTINUITY,PASS
LOG03101,"Checked +3.3V rail on unit D1504, 3.94V — no good, line 2.",D1504,POWER_RAIL_3V3,FAIL
LOG03102,"unit A3195 - resistance check RESET 7.78Ohm, unit was reworked yesterday.",A3195,CONTINUITY,FAIL
LOG03103,A1007 cont check J12 measured 1.88Ohm (good reading).,A1007,CONTINUITY,PASS
LOG03104,"unit B8224 - +12V supply 12.43V — OK, customer return unit.",B8224,POWER_RAIL_12V,PASS
LOG03105,"B4994 - standby current 50.00mA — passes, after reflow.",B4994,CURRENT_DRAW,PASS
LOG03106,"A 6507 - thermal soak reading 9.6C, after reflow.",A6507,THERMAL,FAIL
LOG03107,Unit board B9806: thermal reading after burn-in reading 73.4C.,B9806,THERMAL,FAIL
LOG03108,"Checked current draw at idle on C-7428, 183.90mA, customer return unit.",C7428,CURRENT_DRAW,FAIL
LOG03109,B 0591 idle current draw: 189.99 mA.,B0591,CURRENT_DRAW,FAIL
LOG03110,"Checked cont check RESET on D-3110, 7.14Ohm.",D3110,CONTINUITY,FAIL
LOG03111,"board D7328 - 12V rail 11.87V (passes), customer return unit.",D7328,POWER_RAIL_12V,PASS
LOG03112,"B-0517 - VDD_3V3 rail 3.31V (passes), shift B.",B0517,POWER_RAIL_3V3,PASS
LOG03113,A 0272 current draw at idle measured 173.65mA.,A0272,CURRENT_DRAW,FAIL
LOG03114,"C-3762 - case temp 11.2C, per ECO-114.",C3762,THERMAL,FAIL
LOG03115,"Checked continuity on J4 on A-2388, 3.40Ohm, within spec, unit was reworked yesterday.",A2388,CONTINUITY,PASS
LOG03116,"unit B5027 - continuity on J12 6.70Ohm, shift B.",B5027,CONTINUITY,FAIL
LOG03117,board D6666 signal amplitude CH4 measured 3.18Vpp.,D6666,SIGNAL_INTEGRITY,PASS
LOG03118,"B-7834 - VDD_12V rail 11.81V, line 2.",B7834,POWER_RAIL_12V,PASS
LOG03119,d1865 idle current draw measured 50.00ma.,D1865,CURRENT_DRAW,PASS
LOG03120,"Checked VDD_5V rail on C 1934, 4.75V, retest after rework.",C1934,POWER_RAIL_5V,PASS
LOG03121,unit D7380 continuity on RESET measured 6.81Ohm.,D7380,CONTINUITY,FAIL
LOG03122,Unit unit D8885: 5V rail reading 4.43V.,D8885,POWER_RAIL_5V,FAIL
LOG03123,"Checked VDD_12V rail on B 1952, 10.77V (doesn't look right), retest after rework.",B1952,POWER_RAIL_12V,FAIL
LOG03124,Unit D-8632: idle current draw reading 105.03mA.,D8632,CURRENT_DRAW,PASS
LOG03125,"Checked 12v power check on board C3988, 11.40V (looks good).",C3988,POWER_RAIL_12V,PASS
LOG03126,"Unit A 2038: cont check RESET reading 7.65Ohm, out of spec.",A2038,CONTINUITY,FAIL
LOG03127,Unit unit B8690: 3.3v power check reading 2.81V — failed.,B8690,POWER_RAIL_3V3,FAIL
LOG03128,"checked cont check clk on b9714, 7.21ohm — bad reading, per eco-114.",B9714,CONTINUITY,FAIL
LOG03129,Unit A-3587: 5V rail reading 4.62V — doesn't look right.,A3587,POWER_RAIL_5V,FAIL
LOG03130,"Checked VDD_5V rail on unit B6154, 5.65V (out of spec), after reflow.",B6154,POWER_RAIL_5V,FAIL
LOG03131,board A1326 VDD_5V rail: 4.98 V — within spec.,A1326,POWER_RAIL_5V,PASS
LOG03132,"B-3294 - quiescent current 114.46mA, unit was reworked yesterday.",B3294,CURRENT_DRAW,PASS
LOG03133,"B-7850 - thermal reading after burn-in 17.8C, shift B.",B7850,THERMAL,FAIL
LOG03134,"Checked idle current draw on A 8525, 36.27mA (fails).",A8525,CURRENT_DRAW,FAIL
LOG03135,unit d 8799: ch3 signal check reading 2.80vpp (looks good).,D8799,SIGNAL_INTEGRITY,PASS
LOG03136,unit C8881 VDD_5V rail: 4.62 V — doesn't look right.,C8881,POWER_RAIL_5V,FAIL
LOG03137,"Checked CH2 signal check on board C5670, 3.03Vpp (good reading), second attempt.",C5670,SIGNAL_INTEGRITY,PASS
LOG03138,"Checked 5v power check on D-2398, 5.03V, checks out, second attempt.",D2398,POWER_RAIL_5V,PASS
LOG03139,"B8542 scope reading CH4: 4.08 Vpp, bad reading.",B8542,SIGNAL_INTEGRITY,FAIL
LOG03140,"A1114 - +12V supply 11.91V, unit was reworked yesterday.",A1114,POWER_RAIL_12V,PASS
LOG03141,board C2763 quiescent current measured 37.73mA — no good.,C2763,CURRENT_DRAW,FAIL
LOG03142,Unit board D4311: 5v power check reading 5.15V.,D4311,POWER_RAIL_5V,PASS
LOG03143,board B0813 continuity on EN_LINE measured 2.40Ohm.,B0813,CONTINUITY,PASS
LOG03144,"Checked case temp on board B2818, 14.9C, fails.",B2818,THERMAL,FAIL
LOG03145,Unit B1967: J4 continuity reading 7.30Ohm — no good.,B1967,CONTINUITY,FAIL
LOG03146,"C-8186 VDD_5V rail measured 5.03V, all good.",C8186,POWER_RAIL_5V,PASS
LOG03147,unit B1100 thermal soak reading measured 45.7C — all good.,B1100,THERMAL,PASS
LOG03148,"c 8174 vdd_5v rail: 5.60 v, failed.",C8174,POWER_RAIL_5V,FAIL
LOG03149,C 3159 continuity on J4 measured 1.20Ohm.,C3159,CONTINUITY,PASS
LOG03150,Unit D8724: idle current draw reading 86.70mA.,D8724,CURRENT_DRAW,PASS
LOG03151,D 9206 standby current measured 105.23mA.,D9206,CURRENT_DRAW,PASS
LOG03152,Unit unit C6607: VDD_12V rail reading 11.92V (nominal).,C6607,POWER_RAIL_12V,PASS
LOG03153,"unit A1920 - +5V supply 5.06V, good reading, per ECO-114.",A1920,POWER_RAIL_5V,PASS
LOG03154,"C7065 - current draw at idle 111.41mA — looks good, line 2.",C7065,CURRENT_DRAW,PASS
LOG03155,board B2644 case temp measured 38.2C — checks out.,B2644,THERMAL,PASS
LOG03156,"board D6903 - 3.3V rail 3.30V — looks good, line 2.",D6903,POWER_RAIL_3V3,PASS
LOG03157,board A5591 12V rail measured 12.23V (within spec).,A5591,POWER_RAIL_12V,PASS
LOG03158,A-9754 current draw at idle measured 150.00mA.,A9754,CURRENT_DRAW,PASS
LOG03159,d-9320 signal amplitude ch3 measured 3.42vpp.,D9320,SIGNAL_INTEGRITY,PASS
LOG03160,Unit D-0802: board temp after 10min soak reading 29.5C.,D0802,THERMAL,PASS
LOG03161,unit B8921 current draw at idle measured 86.96mA (all good).,B8921,CURRENT_DRAW,PASS
LOG03162,board D0804 quiescent current measured 80.29mA.,D0804,CURRENT_DRAW,PASS
LOG03163,"Checked EN_LINE continuity on board A6378, 1.43Ohm, retest after rework.",A6378,CONTINUITY,PASS
LOG03164,C 5385 3v3 supply: 3.77 V.,C5385,POWER_RAIL_3V3,FAIL
LOG03165,"board A7502 J12 continuity measured 2.67Ohm, nominal.",A7502,CONTINUITY,PASS
LOG03166,"C-8697 - 3v3 supply 3.60V, second attempt.",C8697,POWER_RAIL_3V3,FAIL
LOG03167,unit board b4908: 5v rail reading 5.01v.,B4908,POWER_RAIL_5V,PASS
LOG03168,"checked signal amplitude ch1 on unit b4938, 3.83vpp — out of spec, per eco-114.",B4938,SIGNAL_INTEGRITY,FAIL
LOG03169,"board B9782 CH3 signal check measured 3.91Vpp, reject.",B9782,SIGNAL_INTEGRITY,FAIL
LOG03170,C5731 +5V supply measured 5.49V.,C5731,POWER_RAIL_5V,FAIL
LOG03171,unit c3007 continuity on j12 measured 2.96ohm (within spec).,C3007,CONTINUITY,PASS
LOG03172,C 0911 +12V supply: 12.35 V.,C0911,POWER_RAIL_12V,PASS
LOG03173,Unit unit C8313: +5V supply reading 4.99V.,C8313,POWER_RAIL_5V,PASS
LOG03174,"D4872 - continuity on CLK 2.30Ohm (good reading), customer return unit.",D4872,CONTINUITY,PASS
LOG03175,D-2314 5v power check measured 5.08V.,D2314,POWER_RAIL_5V,PASS
LOG03176,board C4614 VDD_12V rail: 12.00 V.,C4614,POWER_RAIL_12V,PASS
LOG03177,board A2784 +5V supply measured 5.16V — passes.,A2784,POWER_RAIL_5V,PASS
LOG03178,A-1879 5V rail: 4.98 V.,A1879,POWER_RAIL_5V,PASS
LOG03179,"checked ch4 signal check on unit b2308, 3.14vpp, all good, per eco-114.",B2308,SIGNAL_INTEGRITY,PASS
LOG03180,"Checked VDD_5V rail on D-2448, 5.14V (within spec), after reflow.",D2448,POWER_RAIL_5V,PASS
LOG03181,"Checked 5V rail on D5956, 5.16V (passes), second attempt.",D5956,POWER_RAIL_5V,PASS
LOG03182,Unit D 5925: idle current draw reading 191.66mA.,D5925,CURRENT_DRAW,FAIL
LOG03183,A 5385 eye height CH1 measured 3.73Vpp.,A5385,SIGNAL_INTEGRITY,FAIL
LOG03184,"Checked cont check EN_LINE on A-7096, 2.40Ohm — OK.",A7096,CONTINUITY,PASS
LOG03185,unit D3959 +12V supply: 12.58 V.,D3959,POWER_RAIL_12V,PASS
LOG03186,"C-9080 - +3.3V rail 2.72V (out of spec), after reflow.",C9080,POWER_RAIL_3V3,FAIL
LOG03187,unit board a9330: ch1 signal check reading 3.82vpp (no good).,A9330,SIGNAL_INTEGRITY,FAIL
LOG03188,Unit unit D7159: EN_LINE continuity reading 3.70Ohm.,D7159,CONTINUITY,PASS
LOG03189,"Checked quiescent current on board C3595, 26.88mA — bad reading, shift B.",C3595,CURRENT_DRAW,FAIL
LOG03190,Unit board A3191: eye height CH4 reading 2.84Vpp.,A3191,SIGNAL_INTEGRITY,PASS
LOG03191,unit D3431 3.3v power check measured 3.16V — within spec.,D3431,POWER_RAIL_3V3,PASS
LOG03192,A 5848 signal amplitude CH4 measured 2.98Vpp.,A5848,SIGNAL_INTEGRITY,PASS
LOG03193,"Checked quiescent current on C-7407, 116.91mA (within spec), per ECO-114.",C7407,CURRENT_DRAW,PASS
LOG03194,B-4382 12V rail measured 12.88V (fails).,B4382,POWER_RAIL_12V,FAIL
LOG03195,b 5613 current draw at idle measured 4.33ma.,B5613,CURRENT_DRAW,FAIL
LOG03196,A2167 RESET continuity: 1.96 Ohm.,A2167,CONTINUITY,PASS
LOG03197,"Checked 12v power check on board D9523, 12.60V (good reading), line 2.",D9523,POWER_RAIL_12V,PASS
LOG03198,A 8385 +12V supply measured 12.77V — failed.,A8385,POWER_RAIL_12V,FAIL
LOG03199,B 2737 signal amplitude CH1: 3.19 Vpp.,B2737,SIGNAL_INTEGRITY,PASS
LOG03200,A1766 continuity on RESET measured 3.53Ohm.,A1766,CONTINUITY,PASS
LOG03201,Unit unit C6353: CLK continuity reading 5.68Ohm.,C6353,CONTINUITY,FAIL
LOG03202,A-6477 12v power check: 12.79 V.,A6477,POWER_RAIL_12V,FAIL
LOG03203,"C7740 cont check EN_LINE: 2.54 Ohm, checks out.",C7740,CONTINUITY,PASS
LOG03204,unit C4202 +5V supply: 4.60 V.,C4202,POWER_RAIL_5V,FAIL
LOG03205,Unit C5360: +5V supply reading 5.55V.,C5360,POWER_RAIL_5V,FAIL
LOG03206,Unit C-2162: thermal reading after burn-in reading 33.4C — nominal.,C2162,THERMAL,PASS
LOG03207,"C 6496 - resistance check CLK 3.83Ohm — passes, second attempt.",C6496,CONTINUITY,PASS
LOG03208,"board B4604 - 3v3 supply 3.34V, all good, after reflow.",B4604,POWER_RAIL_3V3,PASS
LOG03209,"Checked thermal soak reading on D 2411, 75.9C, flagged for rework, per ECO-114.",D2411,THERMAL,FAIL
LOG03210,unit d-8675: thermal soak reading reading 39.6c.,D8675,THERMAL,PASS
LOG03211,Unit unit C1904: +5V supply reading 4.57V (bad reading).,C1904,POWER_RAIL_5V,FAIL
LOG03212,A-0410 12V rail: 11.83 V.,A0410,POWER_RAIL_12V,PASS
LOG03213,"board B5137 - VDD_5V rail 5.00V, all good.",B5137,POWER_RAIL_5V,PASS
LOG03214,"Unit board B6156: 5V rail reading 4.89V, all good.",B6156,POWER_RAIL_5V,PASS
LOG03215,unit C0789 resistance check EN_LINE: 4.00 Ohm (looks good).,C0789,CONTINUITY,PASS
LOG03216,"board A9474 VDD_3V3 rail: 3.24 V, checks out.",A9474,POWER_RAIL_3V3,PASS
LOG03217,unit B9098 case temp: 70.8 C.,B9098,THERMAL,FAIL
LOG03218,B 4220 5v power check: 4.95 V (nominal).,B4220,POWER_RAIL_5V,PASS
LOG03219,"C8210 - +12V supply 11.95V, per ECO-114.",C8210,POWER_RAIL_12V,PASS
LOG03220,D 9278 cont check EN_LINE: 7.49 Ohm.,D9278,CONTINUITY,FAIL
LOG03221,"Checked thermal soak reading on C-7355, 27.3C.",C7355,THERMAL,PASS
LOG03222,"unit A1060 - 5V rail 4.28V — flagged for rework, unit was reworked yesterday.",A1060,POWER_RAIL_5V,FAIL
LOG03223,D-5626 standby current measured 157.26mA.,D5626,CURRENT_DRAW,FAIL
LOG03224,"checked 5v power check on unit c3524, 5.38v.",C3524,POWER_RAIL_5V,FAIL
LOG03225,b1870 - ch3 signal check 2.31vpp — out of spec.,B1870,SIGNAL_INTEGRITY,FAIL
LOG03226,"Checked +12V supply on C 9848, 10.96V (doesn't look right), retest after rework.",C9848,POWER_RAIL_12V,FAIL
LOG03227,C-4204 VDD_5V rail: 5.12 V.,C4204,POWER_RAIL_5V,PASS
LOG03228,unit D8802 +5V supply measured 4.95V — looks good.,D8802,POWER_RAIL_5V,PASS
LOG03229,"B-2895 thermal reading after burn-in measured 45.6C, looks good.",B2895,THERMAL,PASS
LOG03230,"D 4583 - CH1 signal check 3.44Vpp — OK, second attempt.",D4583,SIGNAL_INTEGRITY,PASS
LOG03231,B-5746 continuity on RESET measured 3.92Ohm.,B5746,CONTINUITY,PASS
LOG03232,"unit C6994 - standby current 122.30mA, shift B.",C6994,CURRENT_DRAW,PASS
LOG03233,"board D3768 +3.3V rail measured 2.71V, flagged for rework.",D3768,POWER_RAIL_3V3,FAIL
LOG03234,board c0680 +3.3v rail measured 3.51v.,C0680,POWER_RAIL_3V3,FAIL
LOG03235,board C2098 +12V supply: 12.15 V — all good.,C2098,POWER_RAIL_12V,PASS
LOG03236,"Checked VDD_12V rail on A2938, 11.25V, after reflow.",A2938,POWER_RAIL_12V,FAIL
LOG03237,"Unit D 4698: resistance check CLK reading 5.91Ohm, bad reading.",D4698,CONTINUITY,FAIL
LOG03238,C6659 3.3V rail: 3.38 V — good reading.,C6659,POWER_RAIL_3V3,PASS
LOG03239,"Checked current draw at idle on board D9121, 35.46mA, after reflow.",D9121,CURRENT_DRAW,FAIL
LOG03240,unit a0312 vdd_3v3 rail measured 3.25v.,A0312,POWER_RAIL_3V3,PASS
LOG03241,D-7410 resistance check J4 measured 0.00Ohm.,D7410,CONTINUITY,PASS
LOG03242,"Checked current draw at idle on B 0831, 69.42mA — OK, after reflow.",B0831,CURRENT_DRAW,PASS
LOG03243,board A3271 cont check J4: 5.98 Ohm.,A3271,CONTINUITY,FAIL
LOG03244,A1937 thermal soak reading measured 29.2C — passes.,A1937,THERMAL,PASS
LOG03245,"Checked +12V supply on unit D6873, 12.28V — nominal, shift B.",D6873,POWER_RAIL_12V,PASS
LOG03246,"B4708 standby current measured 102.89mA, within spec.",B4708,CURRENT_DRAW,PASS
LOG03247,"Checked +5V supply on A 8109, 4.96V, all good, shift B.",A8109,POWER_RAIL_5V,PASS
LOG03248,"Checked thermal soak reading on unit C9474, 36.9C, second attempt.",C9474,THERMAL,PASS
LOG03249,Unit board C6503: continuity on J7 reading 5.00Ohm.,C6503,CONTINUITY,PASS
LOG03250,Unit C-2004: 5v power check reading 4.27V.,C2004,POWER_RAIL_5V,FAIL
LOG03251,A9781 thermal soak reading measured 38.3C — nominal.,A9781,THERMAL,PASS
LOG03252,"board A0539 - 3.3V rail 2.77V, reject, line 2.",A0539,POWER_RAIL_3V3,FAIL
LOG03253,"Checked case temp on B0995, 27.6C, shift B.",B0995,THERMAL,PASS
LOG03254,unit unit d9796: +12v supply reading 12.35v.,D9796,POWER_RAIL_12V,PASS
LOG03255,"C 8567 - 12V rail 10.81V, unit was reworked yesterday.",C8567,POWER_RAIL_12V,FAIL
LOG03256,"Checked board temp after 10min soak on C 5573, 39.7C, shift B.",C5573,THERMAL,PASS
LOG03257,C2920 thermal reading after burn-in: 33.5 C.,C2920,THERMAL,PASS
LOG03258,"Checked eye height CH2 on board C9606, 2.60Vpp, shift B.",C9606,SIGNAL_INTEGRITY,FAIL
LOG03259,board C1665 +5V supply: 4.39 V.,C1665,POWER_RAIL_5V,FAIL
LOG03260,"unit A1132 - +3.3V rail 3.30V, nominal, per ECO-114.",A1132,POWER_RAIL_3V3,PASS
LOG03261,C-8997 signal amplitude CH4 measured 2.64Vpp.,C8997,SIGNAL_INTEGRITY,FAIL
LOG03262,"Unit D 8371: standby current reading 63.17mA, all good.",D8371,CURRENT_DRAW,PASS
LOG03263,unit C1826 CH2 signal check: 3.75 Vpp.,C1826,SIGNAL_INTEGRITY,FAIL
LOG03264,b7725 5v rail measured 5.63v.,B7725,POWER_RAIL_5V,FAIL
LOG03265,D-4880 case temp measured 31.9C (within spec).,D4880,THERMAL,PASS
LOG03266,"unit D7783 - CH3 signal check 3.43Vpp, after reflow.",D7783,SIGNAL_INTEGRITY,PASS
LOG03267,"Unit unit C6193: +5V supply reading 5.25V, nominal.",C6193,POWER_RAIL_5V,PASS
LOG03268,"B1394 5v power check: 4.67 V, flagged for rework.",B1394,POWER_RAIL_5V,FAIL
LOG03269,unit D3045 - resistance check J12 3.68Ohm.,D3045,CONTINUITY,PASS
LOG03270,C 8844 5v power check measured 4.85V — within spec.,C8844,POWER_RAIL_5V,PASS
LOG03271,D8468 12V rail measured 11.19V.,D8468,POWER_RAIL_12V,FAIL
LOG03272,"Checked current draw at idle on B 1256, 164.84mA — reject, line 2.",B1256,CURRENT_DRAW,FAIL
LOG03273,"Checked 5V rail on board B8340, 5.01V, shift B.",B8340,POWER_RAIL_5V,PASS
LOG03274,"C 4573 - eye height CH3 3.00Vpp, shift B.",C4573,SIGNAL_INTEGRITY,PASS
LOG03275,b 9100 vdd_12v rail measured 11.95v (nominal).,B9100,POWER_RAIL_12V,PASS
LOG03276,"checked j4 continuity on unit c6337, 0.66ohm.",C6337,CONTINUITY,PASS
LOG03277,"Checked standby current on A0710, 80.90mA, second attempt.",A0710,CURRENT_DRAW,PASS
LOG03278,unit C8786 3.3v power check measured 3.34V.,C8786,POWER_RAIL_3V3,PASS
LOG03279,"Checked VDD_3V3 rail on D 3864, 3.96V, shift B.",D3864,POWER_RAIL_3V3,FAIL
LOG03280,"D 4966 - 12v power check 11.40V, OK, line 2.",D4966,POWER_RAIL_12V,PASS
LOG03281,"Checked continuity on J7 on B7564, 3.23Ohm, line 2.",B7564,CONTINUITY,PASS
LOG03282,"A9413 - +5V supply 5.01V, passes, shift B.",A9413,POWER_RAIL_5V,PASS
LOG03283,unit unit b4634: cont check reset reading 1.88ohm (all good).,B4634,CONTINUITY,PASS
LOG03284,"A 7426 - continuity on J4 6.80Ohm, flagged for rework, retest after rework.",A7426,CONTINUITY,FAIL
LOG03285,"Checked cont check J7 on board C9538, 7.00Ohm, retest after rework.",C9538,CONTINUITY,FAIL
LOG03286,Unit unit C4279: scope reading CH1 reading 3.40Vpp (looks good).,C4279,SIGNAL_INTEGRITY,PASS
LOG03287,"unit B1723 - case temp 40.5C, line 2.",B1723,THERMAL,PASS
LOG03288,B-0432 scope reading CH2: 2.86 Vpp.,B0432,SIGNAL_INTEGRITY,PASS
LOG03289,"A-2443 quiescent current measured 99.17mA, checks out.",A2443,CURRENT_DRAW,PASS
LOG03290,Unit A 8577: scope reading CH2 reading 2.68Vpp (fails).,A8577,SIGNAL_INTEGRITY,FAIL
LOG03291,"Checked 3.3v power check on board A1851, 3.28V (passes), customer return unit.",A1851,POWER_RAIL_3V3,PASS
LOG03292,Unit B-7622: 12V rail reading 12.85V — flagged for rework.,B7622,POWER_RAIL_12V,FAIL
LOG03293,"D1701 - +5V supply 4.90V (within spec), second attempt.",D1701,POWER_RAIL_5V,PASS
LOG03294,"Checked 12V rail on board D9421, 12.08V, per ECO-114.",D9421,POWER_RAIL_12V,PASS
LOG03295,"Checked thermal soak reading on C9897, 29.9C — OK.",C9897,THERMAL,PASS
LOG03296,unit A8182 resistance check J4 measured 3.61Ohm (good reading).,A8182,CONTINUITY,PASS
LOG03297,B 2949 quiescent current: 84.67 mA (looks good).,B2949,CURRENT_DRAW,PASS
LOG03298,"Checked +12V supply on B-2741, 13.11V, retest after rework.",B2741,POWER_RAIL_12V,FAIL
LOG03299,"Checked 5v power check on unit B8542, 4.28V — bad reading, per ECO-114.",B8542,POWER_RAIL_5V,FAIL
LOG03300,"Checked 3.3v power check on C-0458, 3.32V, line 2.",C0458,POWER_RAIL_3V3,PASS
LOG03301,"board C5780 - VDD_3V3 rail 3.05V — doesn't look right, per ECO-114.",C5780,POWER_RAIL_3V3,FAIL
LOG03302,board d8807 idle current draw: -2.89 ma (bad reading).,D8807,CURRENT_DRAW,FAIL
LOG03303,"checked idle current draw on board a3829, 80.24ma (checks out), retest after rework.",A3829,CURRENT_DRAW,PASS
LOG03304,A3883 3.3v power check measured 3.23V — passes.,A3883,POWER_RAIL_3V3,PASS
LOG03305,"Checked VDD_5V rail on B6325, 4.31V, customer return unit.",B6325,POWER_RAIL_5V,FAIL
LOG03306,board A0936 12v power check measured 11.91V (good reading).,A0936,POWER_RAIL_12V,PASS
LOG03307,"Unit unit B5118: +5V supply reading 5.72V, flagged for rework.",B5118,POWER_RAIL_5V,FAIL
LOG03308,C-2237 scope reading CH3: 3.11 Vpp — good reading.,C2237,SIGNAL_INTEGRITY,PASS
LOG03309,"Unit C0165: J4 continuity reading 7.81Ohm, out of spec.",C0165,CONTINUITY,FAIL
LOG03310,B1168 quiescent current: 94.24 mA — nominal.,B1168,CURRENT_DRAW,PASS
LOG03311,"A-8155 +3.3V rail measured 3.36V, checks out.",A8155,POWER_RAIL_3V3,PASS
LOG03312,"board D6366 - 12v power check 12.04V, second attempt.",D6366,POWER_RAIL_12V,PASS
LOG03313,"Checked scope reading CH2 on board C2552, 3.77Vpp, second attempt.",C2552,SIGNAL_INTEGRITY,FAIL
LOG03314,Unit B7621: 12v power check reading 11.77V.,B7621,POWER_RAIL_12V,PASS
LOG03315,C7963 signal amplitude CH4: 2.99 Vpp — within spec.,C7963,SIGNAL_INTEGRITY,PASS
LOG03316,"unit A9407 - thermal reading after burn-in 33.9C, shift B.",A9407,THERMAL,PASS
LOG03317,unit b 0760: 3v3 supply reading 3.38v (checks out).,B0760,POWER_RAIL_3V3,PASS
LOG03318,unit A7459 thermal soak reading: 59.8 C.,A7459,THERMAL,FAIL
LOG03319,"Checked 12V rail on C-5241, 12.54V, line 2.",C5241,POWER_RAIL_12V,PASS
LOG03320,"C5973 - scope reading CH4 2.36Vpp (no good), per ECO-114.",C5973,SIGNAL_INTEGRITY,FAIL
LOG03321,Unit A-0697: VDD_3V3 rail reading 3.27V (checks out).,A0697,POWER_RAIL_3V3,PASS
LOG03322,Unit D4256: quiescent current reading 115.19mA.,D4256,CURRENT_DRAW,PASS
LOG03323,"B 1130 12V rail: 11.95 V, OK.",B1130,POWER_RAIL_12V,PASS
LOG03324,Unit board D2759: +3.3V rail reading 2.92V.,D2759,POWER_RAIL_3V3,FAIL
LOG03325,unit d7513 scope reading ch3 measured 3.17vpp.,D7513,SIGNAL_INTEGRITY,PASS
LOG03326,board b9032 ch1 signal check: 3.19 vpp.,B9032,SIGNAL_INTEGRITY,PASS
LOG03327,unit B6780 5v power check: 4.62 V.,B6780,POWER_RAIL_5V,FAIL
LOG03328,A 9704 5V rail measured 5.21V.,A9704,POWER_RAIL_5V,PASS
LOG03329,unit A4234 quiescent current measured 111.49mA.,A4234,CURRENT_DRAW,PASS
LOG03330,"c8671 - vdd_12v rail 10.89v, unit was reworked yesterday.",C8671,POWER_RAIL_12V,FAIL
LOG03331,Unit A-8502: VDD_12V rail reading 12.22V.,A8502,POWER_RAIL_12V,PASS
LOG03332,C6655 thermal soak reading measured 40.7C (passes).,C6655,THERMAL,PASS
LOG03333,"D1430 - 5V rail 5.17V (looks good), shift B.",D1430,POWER_RAIL_5V,PASS
LOG03334,Unit B8332: board temp after 10min soak reading 36.9C.,B8332,THERMAL,PASS
LOG03335,"d 4592 quiescent current measured 104.61ma, nominal.",D4592,CURRENT_DRAW,PASS
LOG03336,"unit A9615 - VDD_12V rail 12.83V, shift B.",A9615,POWER_RAIL_12V,FAIL
LOG03337,"A 8578 VDD_12V rail: 13.15 V, fails.",A8578,POWER_RAIL_12V,FAIL
LOG03338,"A-7451 - continuity on J7 6.49Ohm, failed, retest after rework.",A7451,CONTINUITY,FAIL
LOG03339,"a4904 vdd_12v rail measured 11.89v, checks out.",A4904,POWER_RAIL_12V,PASS
LOG03340,"C 6377 - resistance check J4 6.09Ohm (fails), retest after rework.",C6377,CONTINUITY,FAIL
LOG03341,board D5168 +12V supply measured 12.14V.,D5168,POWER_RAIL_12V,PASS
LOG03342,"B 2474 board temp after 10min soak: 32.4 C, good reading.",B2474,THERMAL,PASS
LOG03343,C3496 cont check J12: 4.58 Ohm — OK.,C3496,CONTINUITY,PASS
LOG03344,"Checked idle current draw on C 8164, 60.63mA — checks out, shift B.",C8164,CURRENT_DRAW,PASS
LOG03345,"Checked J7 continuity on D-4112, 2.92Ohm, good reading.",D4112,CONTINUITY,PASS
LOG03346,A 5598 current draw at idle measured 160.82mA (reject).,A5598,CURRENT_DRAW,FAIL
LOG03347,"B 2806 VDD_3V3 rail measured 3.04V, failed.",B2806,POWER_RAIL_3V3,FAIL
LOG03348,unit A5575 current draw at idle measured 64.92mA.,A5575,CURRENT_DRAW,PASS
LOG03349,D 2375 continuity on RESET: 0.32 Ohm.,D2375,CONTINUITY,PASS
LOG03350,A 6822 VDD_3V3 rail: 2.98 V.,A6822,POWER_RAIL_3V3,FAIL
LOG03351,Unit C2611: VDD_5V rail reading 4.99V (OK).,C2611,POWER_RAIL_5V,PASS
LOG03352,"unit a-5203: thermal soak reading reading 37.6c, all good.",A5203,THERMAL,PASS
LOG03353,"unit b9934 12v rail: 12.18 v, ok.",B9934,POWER_RAIL_12V,PASS
LOG03354,D 5664 +3.3V rail measured 2.74V — bad reading.,D5664,POWER_RAIL_3V3,FAIL
LOG03355,A 5107 +12V supply measured 12.57V (nominal).,A5107,POWER_RAIL_12V,PASS
LOG03356,"checked vdd_5v rail on c7348, 4.44v, per eco-114.",C7348,POWER_RAIL_5V,FAIL
LOG03357,Unit D 4958: CH2 signal check reading 2.80Vpp — passes.,D4958,SIGNAL_INTEGRITY,PASS
LOG03358,board B9741 RESET continuity measured 2.64Ohm.,B9741,CONTINUITY,PASS
LOG03359,"Unit B2461: standby current reading 73.55mA, checks out.",B2461,CURRENT_DRAW,PASS
LOG03360,board D5553 idle current draw: 137.78 mA.,D5553,CURRENT_DRAW,PASS
LOG03361,C-1033 5V rail: 4.97 V.,C1033,POWER_RAIL_5V,PASS
LOG03362,"Checked VDD_3V3 rail on unit C6462, 3.80V, failed, per ECO-114.",C6462,POWER_RAIL_3V3,FAIL
LOG03363,"B-4943 - case temp 31.0C, after reflow.",B4943,THERMAL,PASS
LOG03364,C 2543 3.3v power check: 3.36 V.,C2543,POWER_RAIL_3V3,PASS
LOG03365,"board C3816 - VDD_3V3 rail 3.30V (all good), retest after rework.",C3816,POWER_RAIL_3V3,PASS
LOG03366,"B 2639 3v3 supply measured 3.27V, all good.",B2639,POWER_RAIL_3V3,PASS
LOG03367,D 8643 resistance check CLK: 3.72 Ohm.,D8643,CONTINUITY,PASS
LOG03368,"d3909 scope reading ch1 measured 3.07vpp, looks good.",D3909,SIGNAL_INTEGRITY,PASS
LOG03369,A5180 thermal soak reading measured 20.0C (OK).,A5180,THERMAL,PASS
LOG03370,unit B8972 3v3 supply measured 3.43V (looks good).,B8972,POWER_RAIL_3V3,PASS
LOG03371,"C 0449 5v power check: 4.92 V, within spec.",C0449,POWER_RAIL_5V,PASS
LOG03372,"C-8598 - +12V supply 12.37V, per ECO-114.",C8598,POWER_RAIL_12V,PASS
LOG03373,b0485 current draw at idle: 100.94 ma (all good).,B0485,CURRENT_DRAW,PASS
LOG03374,"checked vdd_12v rail on b 0225, 11.80v (checks out), per eco-114.",B0225,POWER_RAIL_12V,PASS
LOG03375,A-5294 VDD_5V rail: 4.31 V.,A5294,POWER_RAIL_5V,FAIL
LOG03376,"c 4092 - resistance check clk 1.22ohm — good reading, after reflow.",C4092,CONTINUITY,PASS
LOG03377,B 6130 standby current: 122.81 mA.,B6130,CURRENT_DRAW,PASS
LOG03378,A-4940 3.3V rail measured 3.14V (passes).,A4940,POWER_RAIL_3V3,PASS
LOG03379,"board D5887 - 3.3v power check 3.37V, looks good, after reflow.",D5887,POWER_RAIL_3V3,PASS
LOG03380,"board C1033 - idle current draw 68.00mA (looks good), shift B.",C1033,CURRENT_DRAW,PASS
LOG03381,A 5081 resistance check CLK measured 7.45Ohm — bad reading.,A5081,CONTINUITY,FAIL
LOG03382,unit board c6352: vdd_3v3 rail reading 3.01v.,C6352,POWER_RAIL_3V3,FAIL
LOG03383,a1136 resistance check clk: 4.57 ohm (nominal).,A1136,CONTINUITY,PASS
LOG03384,"checked j12 continuity on b-3735, 3.66ohm (all good), line 2.",B3735,CONTINUITY,PASS
LOG03385,D 0933 signal amplitude CH3 measured 3.17Vpp.,D0933,SIGNAL_INTEGRITY,PASS
LOG03386,"Checked quiescent current on C-7270, 26.42mA (flagged for rework), shift B.",C7270,CURRENT_DRAW,FAIL
LOG03387,board A1070 3v3 supply measured 3.42V.,A1070,POWER_RAIL_3V3,PASS
LOG03388,D-1584 eye height CH2 measured 3.15Vpp (nominal).,D1584,SIGNAL_INTEGRITY,PASS
LOG03389,B4599 - quiescent current 104.63mA (all good).,B4599,CURRENT_DRAW,PASS
LOG03390,C-6037 board temp after 10min soak measured 33.4C (passes).,C6037,THERMAL,PASS
LOG03391,"B4810 - 3.3V rail 2.71V — flagged for rework, customer return unit.",B4810,POWER_RAIL_3V3,FAIL
LOG03392,Unit unit B4638: 3.3v power check reading 3.30V (checks out).,B4638,POWER_RAIL_3V3,PASS
LOG03393,"unit B1345 - signal amplitude CH2 3.12Vpp (passes), shift B.",B1345,SIGNAL_INTEGRITY,PASS
LOG03394,A-3745 VDD_5V rail: 5.48 V.,A3745,POWER_RAIL_5V,FAIL
LOG03395,unit C6535 3.3V rail: 3.02 V.,C6535,POWER_RAIL_3V3,FAIL
LOG03396,B 1178 3.3V rail: 3.45 V.,B1178,POWER_RAIL_3V3,PASS
LOG03397,"unit a0927 +5v supply: 4.78 v, checks out.",A0927,POWER_RAIL_5V,PASS
LOG03398,A-8561 cont check J4: 5.28 Ohm (doesn't look right).,A8561,CONTINUITY,FAIL
LOG03399,"Checked case temp on B-4049, 34.1C.",B4049,THERMAL,PASS
LOG03400,"unit B7207 resistance check EN_LINE measured 3.44Ohm, looks good.",B7207,CONTINUITY,PASS
LOG03401,board C1198 scope reading CH3: 3.06 Vpp — checks out.,C1198,SIGNAL_INTEGRITY,PASS
LOG03402,"board C4349 cont check CLK measured 5.00Ohm, OK.",C4349,CONTINUITY,PASS
LOG03403,"C3780 - resistance check J12 4.61Ohm (within spec), after reflow.",C3780,CONTINUITY,PASS
LOG03404,b-0587 cont check j7 measured 3.00ohm.,B0587,CONTINUITY,PASS
LOG03405,"A9103 signal amplitude CH1: 3.20 Vpp, good reading.",A9103,SIGNAL_INTEGRITY,PASS
LOG03406,"A8671 - VDD_12V rail 12.31V (nominal), line 2.",A8671,POWER_RAIL_12V,PASS
LOG03407,board C8879 thermal soak reading: 40.1 C.,C8879,THERMAL,PASS
LOG03408,Unit board A1405: continuity on J4 reading 5.70Ohm — failed.,A1405,CONTINUITY,FAIL
LOG03409,"Checked board temp after 10min soak on unit A1097, 37.6C, per ECO-114.",A1097,THERMAL,PASS
LOG03410,"B 0158 - VDD_12V rail 12.02V — good reading, per ECO-114.",B0158,POWER_RAIL_12V,PASS
LOG03411,Unit board B2848: board temp after 10min soak reading 20.0C.,B2848,THERMAL,PASS
LOG03412,"Checked thermal soak reading on A 9402, 27.5C — OK, second attempt.",A9402,THERMAL,PASS
LOG03413,Unit A 9807: VDD_5V rail reading 4.88V.,A9807,POWER_RAIL_5V,PASS
LOG03414,board D1070 continuity on J4 measured 1.24Ohm.,D1070,CONTINUITY,PASS
LOG03415,"Checked 12v power check on B 8595, 12.38V, line 2.",B8595,POWER_RAIL_12V,PASS
LOG03416,unit B1624 - 3.3V rail 3.34V.,B1624,POWER_RAIL_3V3,PASS
LOG03417,"unit A8122 thermal soak reading: 3.2 C, failed.",A8122,THERMAL,FAIL
LOG03418,"Checked board temp after 10min soak on board B3111, 47.8C, after reflow.",B3111,THERMAL,PASS
LOG03419,C3575 cont check J7 measured 2.54Ohm — good reading.,C3575,CONTINUITY,PASS
LOG03420,"Checked case temp on B-4077, 15.9C, shift B.",B4077,THERMAL,FAIL
LOG03421,unit unit b6466: 3v3 supply reading 2.77v.,B6466,POWER_RAIL_3V3,FAIL
LOG03422,board A8924 12V rail: 12.93 V — no good.,A8924,POWER_RAIL_12V,FAIL
LOG03423,A 3507 - +5V supply 4.96V — good reading.,A3507,POWER_RAIL_5V,PASS
LOG03424,Unit B 8340: 12v power check reading 12.70V (reject).,B8340,POWER_RAIL_12V,FAIL
LOG03425,Unit unit C1621: VDD_3V3 rail reading 3.32V — good reading.,C1621,POWER_RAIL_3V3,PASS
LOG03426,board a1731 3.3v rail measured 3.55v.,A1731,POWER_RAIL_3V3,FAIL
LOG03427,Unit B3375: 3v3 supply reading 2.77V.,B3375,POWER_RAIL_3V3,FAIL
LOG03428,D0005 - idle current draw 110.94mA.,D0005,CURRENT_DRAW,PASS
LOG03429,A6124 case temp measured 69.3C.,A6124,THERMAL,FAIL
LOG03430,D3366 +5V supply: 4.54 V.,D3366,POWER_RAIL_5V,FAIL
LOG03431,"board C9205 - 12v power check 11.69V, customer return unit.",C9205,POWER_RAIL_12V,PASS
LOG03432,Unit board C9728: VDD_12V rail reading 12.32V.,C9728,POWER_RAIL_12V,PASS
LOG03433,C-3240 EN_LINE continuity measured 3.12Ohm (all good).,C3240,CONTINUITY,PASS
LOG03434,"unit C5449 - CH4 signal check 3.24Vpp, after reflow.",C5449,SIGNAL_INTEGRITY,PASS
LOG03435,C4448 VDD_12V rail measured 12.43V (checks out).,C4448,POWER_RAIL_12V,PASS
LOG03436,"unit A1117 - standby current 130.09mA — all good, after reflow.",A1117,CURRENT_DRAW,PASS
LOG03437,C6639 +12V supply measured 11.40V.,C6639,POWER_RAIL_12V,PASS
LOG03438,"Checked +5V supply on D-6193, 4.94V (looks good), unit was reworked yesterday.",D6193,POWER_RAIL_5V,PASS
LOG03439,Unit D 6677: +5V supply reading 5.09V.,D6677,POWER_RAIL_5V,PASS
LOG03440,"checked standby current on a1507, 120.80ma (within spec), line 2.",A1507,CURRENT_DRAW,PASS
LOG03441,C9308 thermal soak reading measured 36.4C.,C9308,THERMAL,PASS
LOG03442,board C0045 VDD_3V3 rail: 2.64 V.,C0045,POWER_RAIL_3V3,FAIL
LOG03443,"board B4201 - idle current draw 188.03mA, after reflow.",B4201,CURRENT_DRAW,FAIL
LOG03444,unit a3945 +3.3v rail measured 3.27v (all good).,A3945,POWER_RAIL_3V3,PASS
LOG03445,D-3913 12V rail measured 11.77V.,D3913,POWER_RAIL_12V,PASS
LOG03446,unit b2444 12v power check: 11.64 v (looks good).,B2444,POWER_RAIL_12V,PASS
LOG03447,board A5137 cont check J12: 7.67 Ohm — no good.,A5137,CONTINUITY,FAIL
LOG03448,"Unit unit D8493: +3.3V rail reading 3.51V, bad reading.",D8493,POWER_RAIL_3V3,FAIL
LOG03449,unit A3595 - +5V supply 5.04V.,A3595,POWER_RAIL_5V,PASS
LOG03450,d0581 +3.3v rail measured 3.16v.,D0581,POWER_RAIL_3V3,PASS
LOG03451,"d-8240 idle current draw measured -4.76ma, flagged for rework.",D8240,CURRENT_DRAW,FAIL
LOG03452,"D 6500 - VDD_5V rail 5.02V, good reading, after reflow.",D6500,POWER_RAIL_5V,PASS
LOG03453,board B4780 VDD_12V rail: 10.86 V (out of spec).,B4780,POWER_RAIL_12V,FAIL
LOG03454,"Checked 5V rail on unit A4035, 4.33V — failed, retest after rework.",A4035,POWER_RAIL_5V,FAIL
LOG03455,Unit D1039: board temp after 10min soak reading 72.3C — failed.,D1039,THERMAL,FAIL
LOG03456,"Checked +5V supply on board B4254, 5.07V, nominal, customer return unit.",B4254,POWER_RAIL_5V,PASS
LOG03457,"unit D8946 - +5V supply 4.95V (passes), per ECO-114.",D8946,POWER_RAIL_5V,PASS
LOG03458,D-4780 continuity on J12 measured 4.02Ohm.,D4780,CONTINUITY,PASS
LOG03459,"Unit board A9346: VDD_12V rail reading 12.39V, passes.",A9346,POWER_RAIL_12V,PASS
LOG03460,board C9236 +5V supply: 5.18 V.,C9236,POWER_RAIL_5V,PASS
LOG03461,"B 3261 - eye height CH3 3.19Vpp — within spec, after reflow.",B3261,SIGNAL_INTEGRITY,PASS
LOG03462,Unit unit D6325: board temp after 10min soak reading 36.1C.,D6325,THERMAL,PASS
LOG03463,board C6593 standby current: 90.04 mA.,C6593,CURRENT_DRAW,PASS
LOG03464,C1848 12v power check measured 12.05V.,C1848,POWER_RAIL_12V,PASS
LOG03465,A-8374 +5V supply measured 4.86V.,A8374,POWER_RAIL_5V,PASS
LOG03466,board B8514 case temp: 57.1 C.,B8514,THERMAL,FAIL
LOG03467,"B3156 - 5v power check 4.95V, unit was reworked yesterday.",B3156,POWER_RAIL_5V,PASS
LOG03468,D-1405 current draw at idle measured 92.01mA.,D1405,CURRENT_DRAW,PASS
LOG03469,"Checked VDD_5V rail on A 5292, 4.86V, unit was reworked yesterday.",A5292,POWER_RAIL_5V,PASS
LOG03470,Unit A 6204: VDD_5V rail reading 5.01V.,A6204,POWER_RAIL_5V,PASS
LOG03471,"Checked +5V supply on C 5506, 5.34V, second attempt.",C5506,POWER_RAIL_5V,FAIL
LOG03472,"A5017 - RESET continuity 5.84Ohm, second attempt.",A5017,CONTINUITY,FAIL
LOG03473,A-6037 12v power check: 12.09 V.,A6037,POWER_RAIL_12V,PASS
LOG03474,"board A4265 - signal amplitude CH3 2.34Vpp, after reflow.",A4265,SIGNAL_INTEGRITY,FAIL
LOG03475,"Checked board temp after 10min soak on C1378, 52.1C, looks good, after reflow.",C1378,THERMAL,PASS
LOG03476,Unit board C1327: 5V rail reading 5.08V — nominal.,C1327,POWER_RAIL_5V,PASS
LOG03477,"board a7334 - 12v rail 11.82v, unit was reworked yesterday.",A7334,POWER_RAIL_12V,PASS
LOG03478,Unit unit A4887: thermal soak reading reading 71.5C — flagged for rework.,A4887,THERMAL,FAIL
LOG03479,"board b0833 scope reading ch3 measured 4.04vpp, reject.",B0833,SIGNAL_INTEGRITY,FAIL
LOG03480,"Checked board temp after 10min soak on unit A7818, 29.8C.",A7818,THERMAL,PASS
LOG03481,C5730 signal amplitude CH4 measured 2.92Vpp — checks out.,C5730,SIGNAL_INTEGRITY,PASS
LOG03482,Unit D-2489: +5V supply reading 5.25V — checks out.,D2489,POWER_RAIL_5V,PASS
LOG03483,unit A9580 thermal soak reading: 25.6 C.,A9580,THERMAL,PASS
LOG03484,Unit B 0829: VDD_12V rail reading 11.76V.,B0829,POWER_RAIL_12V,PASS
LOG03485,B 2001 current draw at idle: 103.79 mA.,B2001,CURRENT_DRAW,PASS
LOG03486,"Unit B 9195: idle current draw reading 119.01mA, good reading.",B9195,CURRENT_DRAW,PASS
LOG03487,"unit B8458 - case temp 55.0C (within spec), per ECO-114.",B8458,THERMAL,PASS
LOG03488,board A5428 3v3 supply: 3.16 V — looks good.,A5428,POWER_RAIL_3V3,PASS
LOG03489,C 4853 VDD_5V rail measured 5.14V.,C4853,POWER_RAIL_5V,PASS
LOG03490,"d8243 - 5v rail 4.85v, per eco-114.",D8243,POWER_RAIL_5V,PASS
LOG03491,"Checked 12V rail on D8401, 11.04V, reject, customer return unit.",D8401,POWER_RAIL_12V,FAIL
LOG03492,"Unit B-5738: scope reading CH2 reading 2.80Vpp, all good.",B5738,SIGNAL_INTEGRITY,PASS
LOG03493,"board C4421 resistance check J12: 6.94 Ohm, doesn't look right.",C4421,CONTINUITY,FAIL
LOG03494,"a 5812 thermal soak reading: 71.0 c, no good.",A5812,THERMAL,FAIL
LOG03495,B-7547 RESET continuity measured 5.00Ohm.,B7547,CONTINUITY,PASS
LOG03496,"Checked standby current on D7636, 50.00mA, checks out, unit was reworked yesterday.",D7636,CURRENT_DRAW,PASS
LOG03497,C 0931 cont check RESET measured 0.26Ohm — checks out.,C0931,CONTINUITY,PASS
LOG03498,Unit C8333: standby current reading 29.29mA — out of spec.,C8333,CURRENT_DRAW,FAIL
LOG03499,"Checked +3.3V rail on unit A8386, 3.13V, checks out, unit was reworked yesterday.",A8386,POWER_RAIL_3V3,PASS
LOG03500,"Checked eye height CH4 on unit D6925, 3.28Vpp, customer return unit.",D6925,SIGNAL_INTEGRITY,PASS
LOG03501,c 1769 12v power check measured 11.98v (ok).,C1769,POWER_RAIL_12V,PASS
LOG03502,"Unit C5274: idle current draw reading 109.21mA, checks out.",C5274,CURRENT_DRAW,PASS
LOG03503,Unit B3529: signal amplitude CH4 reading 3.28Vpp — all good.,B3529,SIGNAL_INTEGRITY,PASS
LOG03504,unit C9515 - board temp after 10min soak 37.1C — all good.,C9515,THERMAL,PASS
LOG03505,"unit board a5775: vdd_3v3 rail reading 3.51v, reject.",A5775,POWER_RAIL_3V3,FAIL
LOG03506,"D 3207 - current draw at idle 38.33mA, fails, per ECO-114.",D3207,CURRENT_DRAW,FAIL
LOG03507,"Unit unit A8076: 12V rail reading 12.12V, checks out.",A8076,POWER_RAIL_12V,PASS
LOG03508,d5359 scope reading ch2: 3.48 vpp.,D5359,SIGNAL_INTEGRITY,PASS
LOG03509,"D-4314 12V rail: 13.14 V, doesn't look right.",D4314,POWER_RAIL_12V,FAIL
LOG03510,"Checked cont check EN_LINE on B7087, 0.15Ohm, passes, retest after rework.",B7087,CONTINUITY,PASS
LOG03511,"Checked 5V rail on board C2833, 5.10V — good reading, second attempt.",C2833,POWER_RAIL_5V,PASS
LOG03512,Unit unit B9532: CH3 signal check reading 3.71Vpp.,B9532,SIGNAL_INTEGRITY,FAIL
LOG03513,unit A3034 +12V supply measured 12.34V.,A3034,POWER_RAIL_12V,PASS
LOG03514,board A9407 - 12V rail 12.70V (bad reading).,A9407,POWER_RAIL_12V,FAIL
LOG03515,board C0876 - +5V supply 4.68V.,C0876,POWER_RAIL_5V,FAIL
LOG03516,Unit unit B0242: +12V supply reading 12.34V — passes.,B0242,POWER_RAIL_12V,PASS
LOG03517,"Checked eye height CH1 on board A3304, 3.85Vpp (bad reading), customer return unit.",A3304,SIGNAL_INTEGRITY,FAIL
LOG03518,unit D4821 12v power check measured 11.30V.,D4821,POWER_RAIL_12V,FAIL
LOG03519,C 6883 eye height CH1: 3.32 Vpp.,C6883,SIGNAL_INTEGRITY,PASS
LOG03520,board D1559 3v3 supply measured 3.41V.,D1559,POWER_RAIL_3V3,PASS
LOG03521,Unit board D7112: signal amplitude CH2 reading 4.08Vpp.,D7112,SIGNAL_INTEGRITY,FAIL
LOG03522,"board D6756 - +3.3V rail 3.33V, second attempt.",D6756,POWER_RAIL_3V3,PASS
LOG03523,C-2394 12V rail measured 12.16V.,C2394,POWER_RAIL_12V,PASS
LOG03524,"A-5648 - scope reading CH1 2.97Vpp, per ECO-114.",A5648,SIGNAL_INTEGRITY,PASS
LOG03525,"unit A9018 - 5V rail 5.72V, after reflow.",A9018,POWER_RAIL_5V,FAIL
LOG03526,B8149 CH1 signal check: 3.64 Vpp — fails.,B8149,SIGNAL_INTEGRITY,FAIL
LOG03527,"Checked case temp on D2085, 36.1C (all good), retest after rework.",D2085,THERMAL,PASS
LOG03528,A 1542 resistance check J4: 0.00 Ohm (looks good).,A1542,CONTINUITY,PASS
LOG03529,B-4925 VDD_12V rail: 10.75 V — bad reading.,B4925,POWER_RAIL_12V,FAIL
LOG03530,"C2137 +12V supply measured 11.83V, looks good.",C2137,POWER_RAIL_12V,PASS
LOG03531,"A9542 - 12V rail 11.86V — nominal, second attempt.",A9542,POWER_RAIL_12V,PASS
LOG03532,Unit A-3649: case temp reading 26.3C.,A3649,THERMAL,PASS
LOG03533,board B0486 CLK continuity measured 3.83Ohm (all good).,B0486,CONTINUITY,PASS
LOG03534,"B 5923 scope reading CH3: 2.71 Vpp, fails.",B5923,SIGNAL_INTEGRITY,FAIL
LOG03535,B 4746 continuity on J7 measured 5.53Ohm.,B4746,CONTINUITY,FAIL
LOG03536,C6872 continuity on J4: 4.12 Ohm.,C6872,CONTINUITY,PASS
LOG03537,unit c1314 +5v supply: 4.75 v.,C1314,POWER_RAIL_5V,PASS
LOG03538,d-4953 cont check clk: 5.29 ohm.,D4953,CONTINUITY,FAIL
LOG03539,A 9789 thermal reading after burn-in measured 51.7C.,A9789,THERMAL,PASS
LOG03540,Unit board C5313: quiescent current reading 197.29mA (reject).,C5313,CURRENT_DRAW,FAIL
LOG03541,board B7967 +5V supply measured 4.99V.,B7967,POWER_RAIL_5V,PASS
LOG03542,Unit D6987: case temp reading 46.0C — within spec.,D6987,THERMAL,PASS
LOG03543,"A 6681 - continuity on J4 0.21Ohm, within spec, unit was reworked yesterday.",A6681,CONTINUITY,PASS
LOG03544,Unit unit B6298: signal amplitude CH1 reading 3.17Vpp — passes.,B6298,SIGNAL_INTEGRITY,PASS
LOG03545,"Checked +3.3V rail on D4687, 3.26V (nominal), unit was reworked yesterday.",D4687,POWER_RAIL_3V3,PASS
LOG03546,C1744 idle current draw measured 171.92mA.,C1744,CURRENT_DRAW,FAIL
LOG03547,C-4967 idle current draw measured 12.53mA — bad reading.,C4967,CURRENT_DRAW,FAIL
LOG03548,"unit D0370 - 5v power check 5.67V — bad reading, unit was reworked yesterday.",D0370,POWER_RAIL_5V,FAIL
LOG03549,"A-2848 resistance check EN_LINE measured 4.57Ohm, nominal.",A2848,CONTINUITY,PASS
LOG03550,B-9499 +12V supply: 11.57 V.,B9499,POWER_RAIL_12V,PASS
LOG03551,unit d 0864: +5v supply reading 5.04v — within spec.,D0864,POWER_RAIL_5V,PASS
LOG03552,a-0665 eye height ch3: 3.18 vpp.,A0665,SIGNAL_INTEGRITY,PASS
LOG03553,"Checked idle current draw on C 3157, 90.68mA (good reading).",C3157,CURRENT_DRAW,PASS
LOG03554,"D-0760 - 3v3 supply 2.92V, line 2.",D0760,POWER_RAIL_3V3,FAIL
LOG03555,board B5926 VDD_3V3 rail measured 3.35V — passes.,B5926,POWER_RAIL_3V3,PASS
LOG03556,unit C9170 signal amplitude CH1: 3.69 Vpp.,C9170,SIGNAL_INTEGRITY,FAIL
LOG03557,board D5070 3.3v power check measured 3.27V (checks out).,D5070,POWER_RAIL_3V3,PASS
LOG03558,Unit C-7016: 12v power check reading 11.61V.,C7016,POWER_RAIL_12V,PASS
LOG03559,"Unit C2066: 3v3 supply reading 3.72V, bad reading.",C2066,POWER_RAIL_3V3,FAIL
LOG03560,C-6214 scope reading CH2: 3.07 Vpp.,C6214,SIGNAL_INTEGRITY,PASS
LOG03561,D 5237 - J12 continuity 3.86Ohm — checks out.,D5237,CONTINUITY,PASS
LOG03562,"Checked CLK continuity on A-3880, 2.84Ohm, second attempt.",A3880,CONTINUITY,PASS
LOG03563,"unit C9250 - cont check RESET 3.62Ohm (OK), after reflow.",C9250,CONTINUITY,PASS
LOG03564,Unit unit B7973: quiescent current reading 89.53mA (OK).,B7973,CURRENT_DRAW,PASS
LOG03565,board A1291 case temp measured 23.3C.,A1291,THERMAL,PASS
LOG03566,unit D5207 eye height CH1: 2.80 Vpp (passes).,D5207,SIGNAL_INTEGRITY,PASS
LOG03567,board C1885 thermal reading after burn-in measured 17.7C — doesn't look right.,C1885,THERMAL,FAIL
LOG03568,"C5513 3.3V rail: 2.65 V, bad reading.",C5513,POWER_RAIL_3V3,FAIL
LOG03569,"checked 5v rail on board d3624, 5.53v, customer return unit.",D3624,POWER_RAIL_5V,FAIL
LOG03570,"A 1430 - 3.3V rail 3.28V, after reflow.",A1430,POWER_RAIL_3V3,PASS
LOG03571,b7328 current draw at idle measured 127.28ma.,B7328,CURRENT_DRAW,PASS
LOG03572,"A 8674 3.3v power check measured 3.22V, good reading.",A8674,POWER_RAIL_3V3,PASS
LOG03573,"board A8561 - 3.3v power check 2.65V, retest after rework.",A8561,POWER_RAIL_3V3,FAIL
LOG03574,"Unit unit C8859: 5V rail reading 5.16V, good reading.",C8859,POWER_RAIL_5V,PASS
LOG03575,"unit d 6540: +12v supply reading 11.52v, within spec.",D6540,POWER_RAIL_12V,PASS
LOG03576,Unit A 9420: +3.3V rail reading 3.11V.,A9420,POWER_RAIL_3V3,FAIL
LOG03577,unit D6908 12V rail measured 13.08V (flagged for rework).,D6908,POWER_RAIL_12V,FAIL
LOG03578,C-6929 - VDD_3V3 rail 2.70V.,C6929,POWER_RAIL_3V3,FAIL
LOG03579,"Checked signal amplitude CH1 on unit C4636, 3.88Vpp (fails), second attempt.",C4636,SIGNAL_INTEGRITY,FAIL
LOG03580,Unit B 0489: idle current draw reading 132.61mA.,B0489,CURRENT_DRAW,PASS
LOG03581,"B2622 - idle current draw 162.47mA, per ECO-114.",B2622,CURRENT_DRAW,FAIL
LOG03582,"unit c2287 vdd_5v rail measured 4.86v, ok.",C2287,POWER_RAIL_5V,PASS
LOG03583,"Unit board A3896: 12v power check reading 11.78V, looks good.",A3896,POWER_RAIL_12V,PASS
LOG03584,A5947 eye height CH1: 2.49 Vpp (failed).,A5947,SIGNAL_INTEGRITY,FAIL
LOG03585,board A4893 idle current draw: 186.14 mA.,A4893,CURRENT_DRAW,FAIL
LOG03586,A-3088 +5V supply: 4.43 V — flagged for rework.,A3088,POWER_RAIL_5V,FAIL
LOG03587,C-2391 standby current measured 37.60mA.,C2391,CURRENT_DRAW,FAIL
LOG03588,Unit unit B9326: 12v power check reading 12.11V (looks good).,B9326,POWER_RAIL_12V,PASS
LOG03589,"Checked quiescent current on C 5870, 83.65mA (looks good), second attempt.",C5870,CURRENT_DRAW,PASS
LOG03590,"Checked standby current on B-6337, 77.01mA (all good).",B6337,CURRENT_DRAW,PASS
LOG03591,Unit board D8836: RESET continuity reading 4.76Ohm — all good.,D8836,CONTINUITY,PASS
LOG03592,Unit A 2058: eye height CH4 reading 3.27Vpp — nominal.,A2058,SIGNAL_INTEGRITY,PASS
LOG03593,"Checked VDD_5V rail on B-3870, 5.53V, per ECO-114.",B3870,POWER_RAIL_5V,FAIL
LOG03594,d1223 eye height ch3: 2.53 vpp.,D1223,SIGNAL_INTEGRITY,FAIL
LOG03595,C-3474 signal amplitude CH4: 4.03 Vpp.,C3474,SIGNAL_INTEGRITY,FAIL
LOG03596,"D8713 - resistance check EN_LINE 2.43Ohm, good reading, unit was reworked yesterday.",D8713,CONTINUITY,PASS
LOG03597,C 1585 current draw at idle measured 100.76mA.,C1585,CURRENT_DRAW,PASS
LOG03598,C 4229 J7 continuity measured 2.85Ohm.,C4229,CONTINUITY,PASS
LOG03599,"Unit A 7124: resistance check EN_LINE reading 0.00Ohm, all good.",A7124,CONTINUITY,PASS
LOG03600,"Checked idle current draw on B 8191, -5.26mA — flagged for rework, per ECO-114.",B8191,CURRENT_DRAW,FAIL
LOG03601,Unit board B3660: thermal soak reading reading 22.7C (nominal).,B3660,THERMAL,PASS
LOG03602,Unit A2184: standby current reading 99.93mA.,A2184,CURRENT_DRAW,PASS
LOG03603,A 9645 signal amplitude CH3 measured 3.12Vpp (within spec).,A9645,SIGNAL_INTEGRITY,PASS
LOG03604,board D6780 continuity on J12 measured 4.01Ohm — within spec.,D6780,CONTINUITY,PASS
LOG03605,C-0953 cont check EN_LINE: 6.43 Ohm — out of spec.,C0953,CONTINUITY,FAIL
LOG03606,A-7335 case temp: 23.1 C.,A7335,THERMAL,PASS
LOG03607,Unit board C7861: VDD_3V3 rail reading 3.37V.,C7861,POWER_RAIL_3V3,PASS
LOG03608,B-6876 idle current draw: 104.05 mA.,B6876,CURRENT_DRAW,PASS
LOG03609,Unit board C9603: 3.3v power check reading 2.68V.,C9603,POWER_RAIL_3V3,FAIL
LOG03610,"board C8074 - standby current 79.53mA, unit was reworked yesterday.",C8074,CURRENT_DRAW,PASS
LOG03611,"A2421 - VDD_3V3 rail 3.28V, line 2.",A2421,POWER_RAIL_3V3,PASS
LOG03612,unit a 4865: vdd_3v3 rail reading 3.22v.,A4865,POWER_RAIL_3V3,PASS
LOG03613,"Checked CH3 signal check on board C8262, 3.29Vpp, line 2.",C8262,SIGNAL_INTEGRITY,PASS
LOG03614,"unit C2488 - 3.3V rail 3.65V, after reflow.",C2488,POWER_RAIL_3V3,FAIL
LOG03615,"B-6949 VDD_5V rail: 4.65 V, reject.",B6949,POWER_RAIL_5V,FAIL
LOG03616,"board B1036 - +12V supply 11.89V (looks good), shift B.",B1036,POWER_RAIL_12V,PASS
LOG03617,"d-2565 - 3v3 supply 3.46v, line 2.",D2565,POWER_RAIL_3V3,PASS
LOG03618,"Checked 3v3 supply on A-7947, 3.53V, doesn't look right, unit was reworked yesterday.",A7947,POWER_RAIL_3V3,FAIL
LOG03619,B-6500 12V rail: 12.32 V — all good.,B6500,POWER_RAIL_12V,PASS
LOG03620,"unit c4228 3.3v power check measured 3.15v, ok.",C4228,POWER_RAIL_3V3,PASS
LOG03621,"D-8688 - EN_LINE continuity 3.71Ohm (all good), customer return unit.",D8688,CONTINUITY,PASS
LOG03622,B8484 12V rail: 12.43 V — within spec.,B8484,POWER_RAIL_12V,PASS
LOG03623,Unit A-2262: thermal reading after burn-in reading 39.1C.,A2262,THERMAL,PASS
LOG03624,"Checked signal amplitude CH1 on D-5210, 3.48Vpp, retest after rework.",D5210,SIGNAL_INTEGRITY,PASS
LOG03625,"Checked +12V supply on board C2677, 12.17V — within spec, line 2.",C2677,POWER_RAIL_12V,PASS
LOG03626,"Checked CLK continuity on D 1938, 3.06Ohm, shift B.",D1938,CONTINUITY,PASS
LOG03627,C5663 - standby current 29.89mA.,C5663,CURRENT_DRAW,FAIL
LOG03628,D 9095 current draw at idle: 18.67 mA.,D9095,CURRENT_DRAW,FAIL
LOG03629,Unit board A5605: eye height CH4 reading 3.13Vpp (checks out).,A5605,SIGNAL_INTEGRITY,PASS
LOG03630,"Checked CH1 signal check on D9363, 3.37Vpp, per ECO-114.",D9363,SIGNAL_INTEGRITY,PASS
LOG03631,"Checked VDD_3V3 rail on unit B0112, 3.19V — OK, shift B.",B0112,POWER_RAIL_3V3,PASS
LOG03632,Unit unit D2617: idle current draw reading 159.51mA.,D2617,CURRENT_DRAW,FAIL
LOG03633,"Checked 3.3V rail on unit B0635, 3.23V (nominal), second attempt.",B0635,POWER_RAIL_3V3,PASS
LOG03634,"board b8761 - 5v rail 4.66v, flagged for rework, retest after rework.",B8761,POWER_RAIL_5V,FAIL
LOG03635,board A7464 - board temp after 10min soak 34.2C — all good.,A7464,THERMAL,PASS
LOG03636,"Checked standby current on C 8007, 112.55mA (OK), shift B.",C8007,CURRENT_DRAW,PASS
LOG03637,Unit C 4368: CH4 signal check reading 3.42Vpp (within spec).,C4368,SIGNAL_INTEGRITY,PASS
LOG03638,board C7254 case temp measured 38.2C — within spec.,C7254,THERMAL,PASS
LOG03639,"unit A8330 - case temp 33.2C — all good, per ECO-114.",A8330,THERMAL,PASS
LOG03640,"unit A1578 - quiescent current 99.46mA, good reading.",A1578,CURRENT_DRAW,PASS
LOG03641,"unit C2509 12V rail: 12.47 V, all good.",C2509,POWER_RAIL_12V,PASS
LOG03642,"unit A6537 - current draw at idle 55.62mA (OK), after reflow.",A6537,CURRENT_DRAW,PASS
LOG03643,"board C5952 - eye height CH4 3.36Vpp, unit was reworked yesterday.",C5952,SIGNAL_INTEGRITY,PASS
LOG03644,"checked 12v power check on b 7129, 11.73v (nominal), second attempt.",B7129,POWER_RAIL_12V,PASS
LOG03645,"Checked resistance check J7 on D9050, 2.86Ohm, unit was reworked yesterday.",D9050,CONTINUITY,PASS
LOG03646,"checked current draw at idle on unit a7079, 68.28ma, retest after rework.",A7079,CURRENT_DRAW,PASS
LOG03647,"Checked VDD_5V rail on unit A5323, 5.00V, second attempt.",A5323,POWER_RAIL_5V,PASS
LOG03648,"D6714 - VDD_3V3 rail 3.29V — OK, per ECO-114.",D6714,POWER_RAIL_3V3,PASS
LOG03649,A9718 CH3 signal check measured 3.10Vpp.,A9718,SIGNAL_INTEGRITY,PASS
LOG03650,A 4808 current draw at idle: 126.80 mA.,A4808,CURRENT_DRAW,PASS
LOG03651,"Checked 5V rail on C4710, 4.96V, all good, retest after rework.",C4710,POWER_RAIL_5V,PASS
LOG03652,Unit board C6155: standby current reading 194.07mA.,C6155,CURRENT_DRAW,FAIL
LOG03653,Unit D-1821: current draw at idle reading 41.14mA — flagged for rework.,D1821,CURRENT_DRAW,FAIL
LOG03654,"Checked VDD_5V rail on board A8929, 4.95V, customer return unit.",A8929,POWER_RAIL_5V,PASS
LOG03655,C-5287 standby current: 95.42 mA.,C5287,CURRENT_DRAW,PASS
LOG03656,"c1294 - vdd_3v3 rail 3.23v, looks good, line 2.",C1294,POWER_RAIL_3V3,PASS
LOG03657,A0213 scope reading CH2: 3.71 Vpp.,A0213,SIGNAL_INTEGRITY,FAIL
LOG03658,Unit unit A4939: 3v3 supply reading 2.80V.,A4939,POWER_RAIL_3V3,FAIL
LOG03659,"Checked 5v power check on C8021, 4.75V — nominal.",C8021,POWER_RAIL_5V,PASS
LOG03660,"Unit unit A6659: idle current draw reading 150.00mA, looks good.",A6659,CURRENT_DRAW,PASS
LOG03661,Unit C 5259: 12v power check reading 10.85V.,C5259,POWER_RAIL_12V,FAIL
LOG03662,"Checked +12V supply on board B5571, 11.79V (good reading), unit was reworked yesterday.",B5571,POWER_RAIL_12V,PASS
LOG03663,Unit unit D5647: CLK continuity reading 5.75Ohm (flagged for rework).,D5647,CONTINUITY,FAIL
LOG03664,A5486 +5V supply measured 4.35V — out of spec.,A5486,POWER_RAIL_5V,FAIL
LOG03665,"b4088 - +3.3v rail 3.34v, ok.",B4088,POWER_RAIL_3V3,PASS
LOG03666,board D6078 resistance check J7 measured 2.83Ohm (within spec).,D6078,CONTINUITY,PASS
LOG03667,"unit A9197 12v power check: 12.14 V, nominal.",A9197,POWER_RAIL_12V,PASS
LOG03668,"Unit unit B0972: idle current draw reading 101.00mA, checks out.",B0972,CURRENT_DRAW,PASS
LOG03669,"a-4261 vdd_5v rail: 5.09 v, looks good.",A4261,POWER_RAIL_5V,PASS
LOG03670,"b 4453 12v rail: 12.31 v, ok.",B4453,POWER_RAIL_12V,PASS
LOG03671,unit A7701 12V rail: 11.22 V (flagged for rework).,A7701,POWER_RAIL_12V,FAIL
LOG03672,"Checked VDD_5V rail on unit A9319, 4.45V, failed, unit was reworked yesterday.",A9319,POWER_RAIL_5V,FAIL
LOG03673,"D 1997 - eye height CH3 3.66Vpp, unit was reworked yesterday.",D1997,SIGNAL_INTEGRITY,FAIL
LOG03674,"board b9287 standby current: 1.85 ma, doesn't look right.",B9287,CURRENT_DRAW,FAIL
LOG03675,"Checked signal amplitude CH2 on unit A0101, 3.80Vpp, out of spec, after reflow.",A0101,SIGNAL_INTEGRITY,FAIL
LOG03676,unit A8809 quiescent current: 189.07 mA.,A8809,CURRENT_DRAW,FAIL
LOG03677,"B-6750 - 12v power check 12.83V, bad reading, after reflow.",B6750,POWER_RAIL_12V,FAIL
LOG03678,"Unit board B9352: +3.3V rail reading 3.75V, reject.",B9352,POWER_RAIL_3V3,FAIL
LOG03679,"B8112 - resistance check J7 5.72Ohm (fails), line 2.",B8112,CONTINUITY,FAIL
LOG03680,Unit C-4707: CLK continuity reading 5.00Ohm (OK).,C4707,CONTINUITY,PASS
LOG03681,"Checked +12V supply on C-4891, 12.14V, all good, customer return unit.",C4891,POWER_RAIL_12V,PASS
LOG03682,B-2179 cont check J7 measured 3.55Ohm.,B2179,CONTINUITY,PASS
LOG03683,C-5963 standby current measured 50.00mA.,C5963,CURRENT_DRAW,PASS
LOG03684,unit C8576 3.3v power check: 3.26 V.,C8576,POWER_RAIL_3V3,PASS
LOG03685,board d3821 +12v supply measured 10.76v.,D3821,POWER_RAIL_12V,FAIL
LOG03686,C8677 3.3V rail measured 3.39V — nominal.,C8677,POWER_RAIL_3V3,PASS
LOG03687,Unit board B8986: current draw at idle reading 34.40mA.,B8986,CURRENT_DRAW,FAIL
LOG03688,"Checked scope reading CH1 on C-7070, 3.33Vpp, within spec, customer return unit.",C7070,SIGNAL_INTEGRITY,PASS
LOG03689,board D4590 12v power check measured 12.60V.,D4590,POWER_RAIL_12V,PASS
LOG03690,"B 5889 resistance check CLK measured 7.56Ohm, failed.",B5889,CONTINUITY,FAIL
LOG03691,"Checked thermal reading after burn-in on D 3424, 31.8C — looks good, per ECO-114.",D3424,THERMAL,PASS
LOG03692,Unit D 2394: CH3 signal check reading 3.31Vpp (nominal).,D2394,SIGNAL_INTEGRITY,PASS
LOG03693,Unit B3281: 5v power check reading 5.03V.,B3281,POWER_RAIL_5V,PASS
LOG03694,"Checked thermal reading after burn-in on B 4430, 15.9C, reject, line 2.",B4430,THERMAL,FAIL
LOG03695,A 0922 quiescent current: 190.33 mA.,A0922,CURRENT_DRAW,FAIL
LOG03696,"B 7057 - standby current 70.88mA, per ECO-114.",B7057,CURRENT_DRAW,PASS
LOG03697,Unit board C6354: 3.3V rail reading 2.87V — fails.,C6354,POWER_RAIL_3V3,FAIL
LOG03698,B 1672 CH2 signal check measured 2.55Vpp — doesn't look right.,B1672,SIGNAL_INTEGRITY,FAIL
LOG03699,unit B3516 signal amplitude CH4: 3.32 Vpp.,B3516,SIGNAL_INTEGRITY,PASS
LOG03700,"Checked standby current on D-2532, 81.38mA.",D2532,CURRENT_DRAW,PASS
LOG03701,"Unit board A8391: case temp reading 1.5C, flagged for rework.",A8391,THERMAL,FAIL
LOG03702,"unit B3179 - 3.3v power check 3.45V, per ECO-114.",B3179,POWER_RAIL_3V3,PASS
LOG03703,"A 4678 - resistance check J7 1.48Ohm, unit was reworked yesterday.",A4678,CONTINUITY,PASS
LOG03704,unit C3810 +12V supply: 11.61 V.,C3810,POWER_RAIL_12V,PASS
LOG03705,Unit unit C3815: idle current draw reading 91.39mA.,C3815,CURRENT_DRAW,PASS
LOG03706,board d0947 scope reading ch1: 2.98 vpp.,D0947,SIGNAL_INTEGRITY,PASS
LOG03707,"Checked idle current draw on D-3655, 109.20mA.",D3655,CURRENT_DRAW,PASS
LOG03708,Unit board D4077: case temp reading 20.0C.,D4077,THERMAL,PASS
LOG03709,"unit C0325 - 12V rail 13.23V (flagged for rework), shift B.",C0325,POWER_RAIL_12V,FAIL
LOG03710,"B5238 VDD_5V rail measured 5.25V, passes.",B5238,POWER_RAIL_5V,PASS
LOG03711,Unit B 0535: 3v3 supply reading 3.36V (nominal).,B0535,POWER_RAIL_3V3,PASS
LOG03712,"B4660 - 12v power check 11.80V, after reflow.",B4660,POWER_RAIL_12V,PASS
LOG03713,"D 3558 - board temp after 10min soak 31.3C (OK), second attempt.",D3558,THERMAL,PASS
LOG03714,Unit C7125: idle current draw reading 86.22mA (nominal).,C7125,CURRENT_DRAW,PASS
LOG03715,"board A1630 - 5V rail 5.06V, after reflow.",A1630,POWER_RAIL_5V,PASS
LOG03716,D 4098 VDD_5V rail: 4.75 V (within spec).,D4098,POWER_RAIL_5V,PASS
LOG03717,"Checked VDD_12V rail on D1475, 10.97V, no good, shift B.",D1475,POWER_RAIL_12V,FAIL
LOG03718,"Checked VDD_12V rail on A 1559, 11.12V — failed, unit was reworked yesterday.",A1559,POWER_RAIL_12V,FAIL
LOG03719,"Checked case temp on unit A9476, 56.9C, out of spec, retest after rework.",A9476,THERMAL,FAIL
LOG03720,unit B9853 3v3 supply: 3.42 V — within spec.,B9853,POWER_RAIL_3V3,PASS
LOG03721,A 4409 thermal soak reading measured 1.7C.,A4409,THERMAL,FAIL
LOG03722,B-1784 quiescent current measured 95.75mA.,B1784,CURRENT_DRAW,PASS
LOG03723,board b0759 vdd_5v rail: 5.16 v (all good).,B0759,POWER_RAIL_5V,PASS
LOG03724,"B 7162 - 12V rail 12.24V — nominal, second attempt.",B7162,POWER_RAIL_12V,PASS
LOG03725,"Checked quiescent current on unit C8706, 41.74mA, after reflow.",C8706,CURRENT_DRAW,FAIL
LOG03726,unit A2191 VDD_3V3 rail measured 3.15V (all good).,A2191,POWER_RAIL_3V3,PASS
LOG03727,Unit D-4276: 3.3V rail reading 3.36V — good reading.,D4276,POWER_RAIL_3V3,PASS
LOG03728,b-8627 signal amplitude ch3: 3.67 vpp (no good).,B8627,SIGNAL_INTEGRITY,FAIL
LOG03729,"Checked 3v3 supply on B 2169, 2.94V (bad reading), unit was reworked yesterday.",B2169,POWER_RAIL_3V3,FAIL
LOG03730,"C 3840 - 12v power check 11.84V (OK), after reflow.",C3840,POWER_RAIL_12V,PASS
LOG03731,"B2155 - thermal reading after burn-in 20.0C, looks good, customer return unit.",B2155,THERMAL,PASS
LOG03732,unit D4637 - quiescent current 170.61mA (failed).,D4637,CURRENT_DRAW,FAIL
LOG03733,A 1876 cont check J4 measured 5.89Ohm.,A1876,CONTINUITY,FAIL
LOG03734,"B4595 - 3.3V rail 3.29V — looks good, retest after rework.",B4595,POWER_RAIL_3V3,PASS
LOG03735,"board A4182 +12V supply measured 12.00V, OK.",A4182,POWER_RAIL_12V,PASS
LOG03736,A 5378 3v3 supply measured 2.86V.,A5378,POWER_RAIL_3V3,FAIL
LOG03737,"Checked VDD_3V3 rail on C3360, 2.83V, retest after rework.",C3360,POWER_RAIL_3V3,FAIL
LOG03738,Unit unit D9973: cont check J4 reading 5.79Ohm.,D9973,CONTINUITY,FAIL
LOG03739,D-9159 scope reading CH4 measured 3.84Vpp (fails).,D9159,SIGNAL_INTEGRITY,FAIL
LOG03740,A 8851 eye height CH2: 3.05 Vpp — nominal.,A8851,SIGNAL_INTEGRITY,PASS
LOG03741,"Checked quiescent current on board B4780, 99.34mA — passes, line 2.",B4780,CURRENT_DRAW,PASS
LOG03742,board A0618 5V rail: 4.39 V.,A0618,POWER_RAIL_5V,FAIL
LOG03743,C-4202 eye height CH4 measured 2.87Vpp (passes).,C4202,SIGNAL_INTEGRITY,PASS
LOG03744,"Checked case temp on B7014, 48.6C — passes, second attempt.",B7014,THERMAL,PASS
LOG03745,B-5869 5v power check measured 4.85V — looks good.,B5869,POWER_RAIL_5V,PASS
LOG03746,Unit unit C7695: CH3 signal check reading 2.42Vpp.,C7695,SIGNAL_INTEGRITY,FAIL
LOG03747,"unit a0253: +3.3v rail reading 2.85v, no good.",A0253,POWER_RAIL_3V3,FAIL
LOG03748,unit A5622 VDD_5V rail: 5.58 V.,A5622,POWER_RAIL_5V,FAIL
LOG03749,Unit B 4438: continuity on J12 reading 2.59Ohm.,B4438,CONTINUITY,PASS
LOG03750,c-4482 case temp: 44.8 c.,C4482,THERMAL,PASS
LOG03751,A8061 12V rail: 11.73 V — looks good.,A8061,POWER_RAIL_12V,PASS
LOG03752,Unit A-3724: board temp after 10min soak reading 37.2C — looks good.,A3724,THERMAL,PASS
LOG03753,Unit C-7670: case temp reading 39.8C — looks good.,C7670,THERMAL,PASS
LOG03754,Unit unit D6688: 5v power check reading 5.56V.,D6688,POWER_RAIL_5V,FAIL
LOG03755,"board D2359 - quiescent current 95.31mA, retest after rework.",D2359,CURRENT_DRAW,PASS
LOG03756,"B 0299 cont check CLK measured 2.00Ohm, good reading.",B0299,CONTINUITY,PASS
LOG03757,Unit unit D1729: 12V rail reading 10.97V.,D1729,POWER_RAIL_12V,FAIL
LOG03758,board A4477 thermal soak reading: 45.9 C.,A4477,THERMAL,PASS
LOG03759,Unit unit B6115: 12V rail reading 11.56V.,B6115,POWER_RAIL_12V,PASS
LOG03760,"checked thermal soak reading on b-6874, 32.7c, second attempt.",B6874,THERMAL,PASS
LOG03761,board B5600 - resistance check J7 6.52Ohm.,B5600,CONTINUITY,FAIL
LOG03762,"Checked quiescent current on B 4596, 37.51mA, no good, line 2.",B4596,CURRENT_DRAW,FAIL
LOG03763,Unit A8082: quiescent current reading 109.44mA.,A8082,CURRENT_DRAW,PASS
LOG03764,B 9904 5v power check: 5.06 V (looks good).,B9904,POWER_RAIL_5V,PASS
LOG03765,"Checked J12 continuity on C5655, 4.21Ohm, customer return unit.",C5655,CONTINUITY,PASS
LOG03766,"A 3835 - eye height CH4 4.09Vpp (flagged for rework), per ECO-114.",A3835,SIGNAL_INTEGRITY,FAIL
LOG03767,B-5522 scope reading CH2: 3.20 Vpp.,B5522,SIGNAL_INTEGRITY,PASS
LOG03768,Unit C 9965: CH4 signal check reading 2.80Vpp.,C9965,SIGNAL_INTEGRITY,PASS
LOG03769,unit A7304 continuity on J7: 0.50 Ohm.,A7304,CONTINUITY,PASS
LOG03770,"Checked thermal reading after burn-in on A7908, 64.5C, failed, unit was reworked yesterday.",A7908,THERMAL,FAIL
LOG03771,"c7989 - vdd_5v rail 5.65v, shift b.",C7989,POWER_RAIL_5V,FAIL
LOG03772,"A-2155 quiescent current: 101.90 mA, passes.",A2155,CURRENT_DRAW,PASS
LOG03773,C 2464 5v power check measured 5.24V.,C2464,POWER_RAIL_5V,PASS
LOG03774,D2586 +5V supply measured 5.54V (failed).,D2586,POWER_RAIL_5V,FAIL
LOG03775,"D 0137 - idle current draw 134.15mA — nominal, retest after rework.",D0137,CURRENT_DRAW,PASS
LOG03776,C-3489 VDD_3V3 rail: 3.26 V — looks good.,C3489,POWER_RAIL_3V3,PASS
LOG03777,"Unit A8262: case temp reading 40.0C, looks good.",A8262,THERMAL,PASS
LOG03778,"A-4832 - VDD_12V rail 11.66V, second attempt.",A4832,POWER_RAIL_12V,PASS
LOG03779,"Checked current draw at idle on board C5204, 97.85mA (nominal).",C5204,CURRENT_DRAW,PASS
LOG03780,b-6433 scope reading ch1 measured 3.60vpp (within spec).,B6433,SIGNAL_INTEGRITY,PASS
LOG03781,unit c-0313: scope reading ch3 reading 3.91vpp.,C0313,SIGNAL_INTEGRITY,FAIL
LOG03782,D-5794 standby current: 108.98 mA.,D5794,CURRENT_DRAW,PASS
LOG03783,D 8202 standby current: 26.06 mA.,D8202,CURRENT_DRAW,FAIL
LOG03784,"B0004 - +5V supply 5.10V (looks good), after reflow.",B0004,POWER_RAIL_5V,PASS
LOG03785,"A 7489 +12V supply measured 12.16V, within spec.",A7489,POWER_RAIL_12V,PASS
LOG03786,D-3532 5V rail: 4.87 V — good reading.,D3532,POWER_RAIL_5V,PASS
LOG03787,C-6119 thermal reading after burn-in measured 46.0C (within spec).,C6119,THERMAL,PASS
LOG03788,"Checked RESET continuity on board B5324, 1.07Ohm, checks out, retest after rework.",B5324,CONTINUITY,PASS
LOG03789,"C-5390 VDD_12V rail: 11.40 V, good reading.",C5390,POWER_RAIL_12V,PASS
LOG03790,"C-6629 - 3v3 supply 2.93V (doesn't look right), shift B.",C6629,POWER_RAIL_3V3,FAIL
LOG03791,"unit a3816 - +3.3v rail 3.33v, second attempt.",A3816,POWER_RAIL_3V3,PASS
LOG03792,unit board c4264: scope reading ch2 reading 3.37vpp.,C4264,SIGNAL_INTEGRITY,PASS
LOG03793,"unit A1942 5V rail: 4.87 V, passes.",A1942,POWER_RAIL_5V,PASS
LOG03794,C 5744 3.3V rail: 3.21 V.,C5744,POWER_RAIL_3V3,PASS
LOG03795,"checked thermal reading after burn-in on a-9636, 63.9c (out of spec), after reflow.",A9636,THERMAL,FAIL
LOG03796,"Checked current draw at idle on A 8884, 85.48mA — passes, shift B.",A8884,CURRENT_DRAW,PASS
LOG03797,unit B1391 scope reading CH2: 3.09 Vpp (looks good).,B1391,SIGNAL_INTEGRITY,PASS
LOG03798,Unit board C7700: idle current draw reading 100.80mA.,C7700,CURRENT_DRAW,PASS
LOG03799,"board C8907 - scope reading CH4 3.21Vpp, shift B.",C8907,SIGNAL_INTEGRITY,PASS
LOG03800,unit c-0311: vdd_12v rail reading 12.26v.,C0311,POWER_RAIL_12V,PASS
LOG03801,"Checked 3.3v power check on C-9634, 3.89V, out of spec, second attempt.",C9634,POWER_RAIL_3V3,FAIL
LOG03802,Unit D 2902: cont check J7 reading 3.13Ohm — nominal.,D2902,CONTINUITY,PASS
LOG03803,Unit A 6169: standby current reading 42.19mA (out of spec).,A6169,CURRENT_DRAW,FAIL
LOG03804,"Checked continuity on J7 on B0244, 1.73Ohm, good reading, line 2.",B0244,CONTINUITY,PASS
LOG03805,D7456 thermal soak reading measured 24.9C.,D7456,THERMAL,PASS
LOG03806,"b5593 - 12v rail 12.55v, line 2.",B5593,POWER_RAIL_12V,PASS
LOG03807,"Checked VDD_5V rail on C-1830, 4.98V — passes, after reflow.",C1830,POWER_RAIL_5V,PASS
LOG03808,"Checked scope reading CH4 on A 5036, 3.34Vpp, after reflow.",A5036,SIGNAL_INTEGRITY,PASS
LOG03809,Unit D1223: board temp after 10min soak reading 35.3C (checks out).,D1223,THERMAL,PASS
LOG03810,unit D3908 VDD_12V rail: 11.84 V (OK).,D3908,POWER_RAIL_12V,PASS
LOG03811,Unit D5557: 5V rail reading 4.89V — checks out.,D5557,POWER_RAIL_5V,PASS
LOG03812,C8289 continuity on J12: 1.65 Ohm.,C8289,CONTINUITY,PASS
LOG03813,"A 1081 - 5V rail 5.25V, shift B.",A1081,POWER_RAIL_5V,PASS
LOG03814,"A 3221 - 3.3V rail 3.17V — checks out, customer return unit.",A3221,POWER_RAIL_3V3,PASS
LOG03815,"B-3765 - resistance check J4 3.87Ohm, retest after rework.",B3765,CONTINUITY,PASS
LOG03816,Unit board D2134: quiescent current reading -4.27mA (bad reading).,D2134,CURRENT_DRAW,FAIL
LOG03817,"D 2030 - 5v power check 5.47V, after reflow.",D2030,POWER_RAIL_5V,FAIL
LOG03818,Unit D-7799: CH1 signal check reading 3.77Vpp.,D7799,SIGNAL_INTEGRITY,FAIL
LOG03819,B1418 12V rail: 11.98 V — within spec.,B1418,POWER_RAIL_12V,PASS
LOG03820,unit board a2738: board temp after 10min soak reading 27.3c.,A2738,THERMAL,PASS
LOG03821,unit d1507 idle current draw measured 196.34ma — failed.,D1507,CURRENT_DRAW,FAIL
LOG03822,"Checked idle current draw on board C1400, 93.44mA — OK, per ECO-114.",C1400,CURRENT_DRAW,PASS
LOG03823,D 5092 CLK continuity measured 6.71Ohm.,D5092,CONTINUITY,FAIL
LOG03824,Unit D 0751: 12V rail reading 12.28V (all good).,D0751,POWER_RAIL_12V,PASS
LOG03825,D-6955 VDD_3V3 rail measured 3.60V — doesn't look right.,D6955,POWER_RAIL_3V3,FAIL
LOG03826,board B6719 eye height CH2 measured 3.44Vpp.,B6719,SIGNAL_INTEGRITY,PASS
LOG03827,"checked +5v supply on a-1333, 5.06v, line 2.",A1333,POWER_RAIL_5V,PASS
LOG03828,"unit D6012 - resistance check J12 7.43Ohm, per ECO-114.",D6012,CONTINUITY,FAIL
LOG03829,Unit D-7487: cont check EN_LINE reading 4.44Ohm.,D7487,CONTINUITY,PASS
LOG03830,unit B1545 resistance check EN_LINE: 1.90 Ohm.,B1545,CONTINUITY,PASS
LOG03831,Unit D1028: continuity on J7 reading 2.29Ohm — within spec.,D1028,CONTINUITY,PASS
LOG03832,A9968 - 12v power check 11.40V.,A9968,POWER_RAIL_12V,PASS
LOG03833,C2182 eye height CH2 measured 3.66Vpp.,C2182,SIGNAL_INTEGRITY,FAIL
LOG03834,Unit unit A5293: 5V rail reading 4.97V — checks out.,A5293,POWER_RAIL_5V,PASS
LOG03835,"Unit board B0352: 3.3V rail reading 3.18V, looks good.",B0352,POWER_RAIL_3V3,PASS
LOG03836,Unit unit D6652: 5V rail reading 4.96V.,D6652,POWER_RAIL_5V,PASS
LOG03837,D1733 +3.3V rail measured 2.79V — failed.,D1733,POWER_RAIL_3V3,FAIL
LOG03838,C 2079 eye height CH1: 3.71 Vpp (out of spec).,C2079,SIGNAL_INTEGRITY,FAIL
LOG03839,"Unit D-9687: VDD_12V rail reading 12.03V, OK.",D9687,POWER_RAIL_12V,PASS
LOG03840,C 4794 VDD_5V rail: 5.09 V.,C4794,POWER_RAIL_5V,PASS
LOG03841,Unit B-6048: 12v power check reading 11.84V — looks good.,B6048,POWER_RAIL_12V,PASS
LOG03842,"B 4428 J7 continuity measured 3.87Ohm, checks out.",B4428,CONTINUITY,PASS
LOG03843,"unit A8659 - continuity on J12 6.94Ohm, shift B.",A8659,CONTINUITY,FAIL
LOG03844,unit c8195 5v power check: 5.00 v.,C8195,POWER_RAIL_5V,PASS
LOG03845,"unit A0629 - standby current 163.05mA (reject), unit was reworked yesterday.",A0629,CURRENT_DRAW,FAIL
LOG03846,"board C7997 +5V supply measured 5.02V, looks good.",C7997,POWER_RAIL_5V,PASS
LOG03847,"D2189 - CLK continuity 4.96Ohm (checks out), unit was reworked yesterday.",D2189,CONTINUITY,PASS
LOG03848,C-6648 scope reading CH4: 3.42 Vpp (passes).,C6648,SIGNAL_INTEGRITY,PASS
LOG03849,Unit unit C2100: 12v power check reading 12.27V.,C2100,POWER_RAIL_12V,PASS
LOG03850,Unit unit A8450: 3v3 supply reading 3.32V.,A8450,POWER_RAIL_3V3,PASS
LOG03851,"Checked 3.3v power check on unit D7766, 3.27V, second attempt.",D7766,POWER_RAIL_3V3,PASS
LOG03852,"Checked VDD_5V rail on B 6360, 5.00V, shift B.",B6360,POWER_RAIL_5V,PASS
LOG03853,D-2169 thermal reading after burn-in measured 31.9C.,D2169,THERMAL,PASS
LOG03854,unit C5144 idle current draw: 106.98 mA (checks out).,C5144,CURRENT_DRAW,PASS
LOG03855,"B-3711 5V rail: 5.00 V, passes.",B3711,POWER_RAIL_5V,PASS
LOG03856,Unit C 5067: 3v3 supply reading 3.33V.,C5067,POWER_RAIL_3V3,PASS
LOG03857,"A2228 - VDD_12V rail 10.74V, retest after rework.",A2228,POWER_RAIL_12V,FAIL
LOG03858,"unit C5850 - VDD_3V3 rail 3.68V (doesn't look right), customer return unit.",C5850,POWER_RAIL_3V3,FAIL
LOG03859,D-8610 signal amplitude CH3 measured 3.34Vpp (all good).,D8610,SIGNAL_INTEGRITY,PASS
LOG03860,"Checked 12V rail on C-9552, 12.25V — within spec, unit was reworked yesterday.",C9552,POWER_RAIL_12V,PASS
LOG03861,"checked en_line continuity on c 7931, 7.38ohm, after reflow.",C7931,CONTINUITY,FAIL
LOG03862,d-9109 +3.3v rail: 3.82 v — no good.,D9109,POWER_RAIL_3V3,FAIL
LOG03863,"board B7733 - 3.3V rail 3.32V, after reflow.",B7733,POWER_RAIL_3V3,PASS
LOG03864,board C6296 - case temp 11.6C (bad reading).,C6296,THERMAL,FAIL
LOG03865,"D 2174 signal amplitude CH1: 2.56 Vpp, flagged for rework.",D2174,SIGNAL_INTEGRITY,FAIL
LOG03866,"Checked +3.3V rail on B-2821, 3.25V — checks out, unit was reworked yesterday.",B2821,POWER_RAIL_3V3,PASS
LOG03867,"C 4758 - current draw at idle 78.20mA, retest after rework.",C4758,CURRENT_DRAW,PASS
LOG03868,"Checked thermal soak reading on board D4936, 9.4C, customer return unit.",D4936,THERMAL,FAIL
LOG03869,"Checked standby current on B-7304, 74.97mA, within spec, line 2.",B7304,CURRENT_DRAW,PASS
LOG03870,b2967 vdd_12v rail: 11.62 v.,B2967,POWER_RAIL_12V,PASS
LOG03871,"d-2918 - scope reading ch4 2.45vpp, per eco-114.",D2918,SIGNAL_INTEGRITY,FAIL
LOG03872,B 7542 resistance check J4 measured 7.19Ohm.,B7542,CONTINUITY,FAIL
LOG03873,"checked thermal soak reading on d 7722, 73.7c, flagged for rework, retest after rework.",D7722,THERMAL,FAIL
LOG03874,"B0874 - RESET continuity 0.07Ohm (checks out), after reflow.",B0874,CONTINUITY,PASS
LOG03875,"Checked standby current on board C3516, 150.00mA — nominal, per ECO-114.",C3516,CURRENT_DRAW,PASS
LOG03876,B-2585 resistance check J7: 2.69 Ohm.,B2585,CONTINUITY,PASS
LOG03877,"C 5005 - VDD_3V3 rail 3.86V, second attempt.",C5005,POWER_RAIL_3V3,FAIL
LOG03878,"Checked eye height CH2 on B7096, 2.96Vpp, per ECO-114.",B7096,SIGNAL_INTEGRITY,PASS
LOG03879,"Checked VDD_5V rail on board A6996, 4.87V (passes), shift B.",A6996,POWER_RAIL_5V,PASS
LOG03880,board A8515 12V rail measured 11.96V.,A8515,POWER_RAIL_12V,PASS
LOG03881,board A7469 VDD_5V rail measured 4.27V.,A7469,POWER_RAIL_5V,FAIL
LOG03882,"checked +3.3v rail on board c5849, 3.54v, doesn't look right.",C5849,POWER_RAIL_3V3,FAIL
LOG03883,"D 1622 5V rail measured 4.82V, checks out.",D1622,POWER_RAIL_5V,PASS
LOG03884,"d 2260 vdd_5v rail measured 4.95v, all good.",D2260,POWER_RAIL_5V,PASS
LOG03885,A 2604 +3.3V rail measured 3.22V.,A2604,POWER_RAIL_3V3,PASS
LOG03886,D 1945 cont check J7: 3.17 Ohm (looks good).,D1945,CONTINUITY,PASS
LOG03887,"B7307 - case temp 41.7C, after reflow.",B7307,THERMAL,PASS
LOG03888,"board B0327 - VDD_12V rail 12.58V — OK, second attempt.",B0327,POWER_RAIL_12V,PASS
LOG03889,B1691 - thermal soak reading 34.3C.,B1691,THERMAL,PASS
LOG03890,D 0515 board temp after 10min soak: 40.0 C.,D0515,THERMAL,PASS
LOG03891,"D4468 12V rail: 13.31 V, no good.",D4468,POWER_RAIL_12V,FAIL
LOG03892,board C3948 3v3 supply measured 2.95V.,C3948,POWER_RAIL_3V3,FAIL
LOG03893,"A-1163 - CH1 signal check 2.40Vpp, retest after rework.",A1163,SIGNAL_INTEGRITY,FAIL
LOG03894,"A 5695 VDD_5V rail measured 4.28V, reject.",A5695,POWER_RAIL_5V,FAIL
LOG03895,board C0501 eye height CH4: 2.88 Vpp (OK).,C0501,SIGNAL_INTEGRITY,PASS
LOG03896,A9701 3.3v power check: 3.20 V.,A9701,POWER_RAIL_3V3,PASS
LOG03897,unit A4273 J7 continuity measured 2.37Ohm (nominal).,A4273,CONTINUITY,PASS
LOG03898,Unit D5695: CH4 signal check reading 3.09Vpp — all good.,D5695,SIGNAL_INTEGRITY,PASS
LOG03899,"unit c4373 standby current measured 33.04ma, bad reading.",C4373,CURRENT_DRAW,FAIL
LOG03900,Unit D0060: CH1 signal check reading 3.06Vpp.,D0060,SIGNAL_INTEGRITY,PASS
LOG03901,A6380 continuity on J4 measured 0.65Ohm.,A6380,CONTINUITY,PASS
LOG03902,"Checked CLK continuity on C 4581, 3.48Ohm (looks good), line 2.",C4581,CONTINUITY,PASS
LOG03903,"C 6635 - 12V rail 11.42V, within spec, after reflow.",C6635,POWER_RAIL_12V,PASS
LOG03904,unit C0177 thermal soak reading: 68.3 C — doesn't look right.,C0177,THERMAL,FAIL
LOG03905,Unit board D2174: 3.3v power check reading 3.29V — within spec.,D2174,POWER_RAIL_3V3,PASS
LOG03906,"A 2636 - idle current draw 127.10mA (nominal), retest after rework.",A2636,CURRENT_DRAW,PASS
LOG03907,D-9059 VDD_5V rail: 4.94 V — checks out.,D9059,POWER_RAIL_5V,PASS
LOG03908,B2008 eye height CH1 measured 3.08Vpp — OK.,B2008,SIGNAL_INTEGRITY,PASS
LOG03909,"unit B6971 - case temp 29.0C, nominal, shift B.",B6971,THERMAL,PASS
LOG03910,"C 6060 - 5v power check 5.16V, second attempt.",C6060,POWER_RAIL_5V,PASS
LOG03911,"board B2782 - +12V supply 11.90V, within spec, retest after rework.",B2782,POWER_RAIL_12V,PASS
LOG03912,"Checked 3.3v power check on board C6078, 3.34V, all good, line 2.",C6078,POWER_RAIL_3V3,PASS
LOG03913,Unit unit C3919: thermal reading after burn-in reading 45.7C.,C3919,THERMAL,PASS
LOG03914,Unit A-8601: CH3 signal check reading 3.33Vpp — within spec.,A8601,SIGNAL_INTEGRITY,PASS
LOG03915,Unit C-0761: current draw at idle reading 64.89mA.,C0761,CURRENT_DRAW,PASS
LOG03916,c 2193 12v power check: 11.82 v.,C2193,POWER_RAIL_12V,PASS
LOG03917,"checked quiescent current on c-0760, 176.55ma (doesn't look right), line 2.",C0760,CURRENT_DRAW,FAIL
LOG03918,"board b8654 - 12v rail 12.52v (looks good), second attempt.",B8654,POWER_RAIL_12V,PASS
LOG03919,Unit B4019: RESET continuity reading 1.44Ohm.,B4019,CONTINUITY,PASS
LOG03920,"D-7679 - +3.3V rail 2.68V, fails, per ECO-114.",D7679,POWER_RAIL_3V3,FAIL
LOG03921,"Checked standby current on board D3988, 81.87mA, second attempt.",D3988,CURRENT_DRAW,PASS
LOG03922,"C-6896 - resistance check RESET 3.15Ohm (within spec), shift B.",C6896,CONTINUITY,PASS
LOG03923,B 9983 +5V supply measured 5.22V.,B9983,POWER_RAIL_5V,PASS
LOG03924,"Checked quiescent current on unit D9475, -0.13mA — no good, second attempt.",D9475,CURRENT_DRAW,FAIL
LOG03925,"unit board d9459: idle current draw reading 95.79ma, nominal.",D9459,CURRENT_DRAW,PASS
LOG03926,B 5335 case temp measured 72.9C.,B5335,THERMAL,FAIL
LOG03927,a9136 board temp after 10min soak: 33.7 c.,A9136,THERMAL,PASS
LOG03928,"A-1018 cont check CLK measured 7.41Ohm, failed.",A1018,CONTINUITY,FAIL
LOG03929,Unit board D3394: quiescent current reading 150.00mA.,D3394,CURRENT_DRAW,PASS
LOG03930,Unit D4754: idle current draw reading 107.53mA — all good.,D4754,CURRENT_DRAW,PASS
LOG03931,"Unit D 7492: resistance check EN_LINE reading 3.38Ohm, all good.",D7492,CONTINUITY,PASS
LOG03932,B-4962 eye height CH4 measured 3.26Vpp — within spec.,B4962,SIGNAL_INTEGRITY,PASS
LOG03933,"board C8438 - 12V rail 12.13V, customer return unit.",C8438,POWER_RAIL_12V,PASS
LOG03934,unit a2196: j7 continuity reading 3.44ohm.,A2196,CONTINUITY,PASS
LOG03935,d7626 3.3v rail: 3.34 v.,D7626,POWER_RAIL_3V3,PASS
LOG03936,"Checked quiescent current on D 9961, 170.65mA — reject, line 2.",D9961,CURRENT_DRAW,FAIL
LOG03937,Unit B-8798: scope reading CH3 reading 3.20Vpp (checks out).,B8798,SIGNAL_INTEGRITY,PASS
LOG03938,Unit D0639: quiescent current reading 161.61mA.,D0639,CURRENT_DRAW,FAIL
LOG03939,"unit C1973 idle current draw measured 9.55mA, reject.",C1973,CURRENT_DRAW,FAIL
LOG03940,unit B6142 thermal reading after burn-in measured 42.5C (within spec).,B6142,THERMAL,PASS
LOG03941,"A7666 thermal soak reading: 35.5 C, looks good.",A7666,THERMAL,PASS
LOG03942,"unit C0283 - current draw at idle 99.86mA, customer return unit.",C0283,CURRENT_DRAW,PASS
LOG03943,D 3939 board temp after 10min soak: 48.9 C.,D3939,THERMAL,PASS
LOG03944,Unit C-7264: +12V supply reading 11.92V.,C7264,POWER_RAIL_12V,PASS
LOG03945,"A-3782 thermal reading after burn-in measured 33.0C, passes.",A3782,THERMAL,PASS
LOG03946,"Checked 3.3V rail on B 1561, 3.33V, customer return unit.",B1561,POWER_RAIL_3V3,PASS
LOG03947,Unit board C2478: idle current draw reading 146.02mA.,C2478,CURRENT_DRAW,PASS
LOG03948,"C1648 - board temp after 10min soak 71.2C, doesn't look right, customer return unit.",C1648,THERMAL,FAIL
LOG03949,"Checked +5V supply on C-6053, 4.99V, within spec, unit was reworked yesterday.",C6053,POWER_RAIL_5V,PASS
LOG03950,"D9241 VDD_3V3 rail measured 3.19V, passes.",D9241,POWER_RAIL_3V3,PASS
LOG03951,B 8140 thermal reading after burn-in: 52.8 C.,B8140,THERMAL,PASS
LOG03952,"Unit board D5225: standby current reading 149.79mA, nominal.",D5225,CURRENT_DRAW,PASS
LOG03953,C7848 5V rail: 4.98 V.,C7848,POWER_RAIL_5V,PASS
LOG03954,Unit C7206: signal amplitude CH4 reading 3.27Vpp.,C7206,SIGNAL_INTEGRITY,PASS
LOG03955,"Checked eye height CH2 on D1963, 3.14Vpp, per ECO-114.",D1963,SIGNAL_INTEGRITY,PASS
LOG03956,A 0805 scope reading CH1: 2.85 Vpp (looks good).,A0805,SIGNAL_INTEGRITY,PASS
LOG03957,"a-2002 - vdd_5v rail 4.99v (passes), second attempt.",A2002,POWER_RAIL_5V,PASS
LOG03958,Unit C 1556: EN_LINE continuity reading 2.39Ohm.,C1556,CONTINUITY,PASS
LOG03959,"B-2662 - +12V supply 13.01V, line 2.",B2662,POWER_RAIL_12V,FAIL
LOG03960,"Checked current draw at idle on D-3465, 4.36mA, retest after rework.",D3465,CURRENT_DRAW,FAIL
LOG03961,a 0261 thermal soak reading measured 45.3c (ok).,A0261,THERMAL,PASS
LOG03962,D 8935 +3.3V rail measured 3.29V (good reading).,D8935,POWER_RAIL_3V3,PASS
LOG03963,B-5258 current draw at idle measured 155.01mA — bad reading.,B5258,CURRENT_DRAW,FAIL
LOG03964,"Unit unit A8507: cont check CLK reading 3.90Ohm, good reading.",A8507,CONTINUITY,PASS
LOG03965,"Checked continuity on J4 on unit C4273, 3.52Ohm (within spec), per ECO-114.",C4273,CONTINUITY,PASS
LOG03966,B 2134 12V rail measured 12.53V.,B2134,POWER_RAIL_12V,PASS
LOG03967,"unit C5905 - signal amplitude CH4 2.84Vpp — nominal, second attempt.",C5905,SIGNAL_INTEGRITY,PASS
LOG03968,"Checked board temp after 10min soak on B6124, 73.3C, second attempt.",B6124,THERMAL,FAIL
LOG03969,"Checked +3.3V rail on C-7999, 3.83V (doesn't look right).",C7999,POWER_RAIL_3V3,FAIL
LOG03970,B-4375 resistance check J12: 1.96 Ohm.,B4375,CONTINUITY,PASS
LOG03971,Unit D-5975: 12V rail reading 11.91V — looks good.,D5975,POWER_RAIL_12V,PASS
LOG03972,B6018 VDD_3V3 rail: 3.36 V.,B6018,POWER_RAIL_3V3,PASS
LOG03973,"Checked 3.3V rail on unit B3302, 3.39V — passes, customer return unit.",B3302,POWER_RAIL_3V3,PASS
LOG03974,"Unit board D7542: scope reading CH2 reading 3.72Vpp, bad reading.",D7542,SIGNAL_INTEGRITY,FAIL
LOG03975,Unit unit A0660: +12V supply reading 11.34V.,A0660,POWER_RAIL_12V,FAIL
LOG03976,Unit unit D5683: +3.3V rail reading 3.33V.,D5683,POWER_RAIL_3V3,PASS
LOG03977,C 6125 signal amplitude CH1: 3.99 Vpp.,C6125,SIGNAL_INTEGRITY,FAIL
LOG03978,unit B7985 signal amplitude CH2 measured 3.08Vpp.,B7985,SIGNAL_INTEGRITY,PASS
LOG03979,"Checked 3v3 supply on unit D7721, 3.76V (bad reading), line 2.",D7721,POWER_RAIL_3V3,FAIL
LOG03980,"board A5403 5V rail: 5.01 V, all good.",A5403,POWER_RAIL_5V,PASS
LOG03981,"D9771 - 3.3V rail 2.84V (failed), customer return unit.",D9771,POWER_RAIL_3V3,FAIL
LOG03982,"A 6531 - 3v3 supply 3.01V — failed, second attempt.",A6531,POWER_RAIL_3V3,FAIL
LOG03983,B3317 12v power check measured 11.40V.,B3317,POWER_RAIL_12V,PASS
LOG03984,board C5329 CH4 signal check: 3.85 Vpp.,C5329,SIGNAL_INTEGRITY,FAIL
LOG03985,board C7988 board temp after 10min soak measured 26.7C.,C7988,THERMAL,PASS
LOG03986,board C0692 quiescent current measured 111.59mA — nominal.,C0692,CURRENT_DRAW,PASS
LOG03987,Unit D 5623: cont check CLK reading 3.48Ohm.,D5623,CONTINUITY,PASS
LOG03988,"Checked thermal soak reading on A 3350, 55.0C, within spec, per ECO-114.",A3350,THERMAL,PASS
LOG03989,B-4768 3.3V rail: 3.46 V — within spec.,B4768,POWER_RAIL_3V3,PASS
LOG03990,"unit board a7704: +5v supply reading 4.76v, within spec.",A7704,POWER_RAIL_5V,PASS
LOG03991,"B 3541 - 5V rail 5.00V, nominal, customer return unit.",B3541,POWER_RAIL_5V,PASS
LOG03992,"checked reset continuity on unit c3518, 0.47ohm.",C3518,CONTINUITY,PASS
LOG03993,"unit A7915 - 3.3v power check 3.31V, per ECO-114.",A7915,POWER_RAIL_3V3,PASS
LOG03994,b 1417 3.3v rail measured 3.21v.,B1417,POWER_RAIL_3V3,PASS
LOG03995,"C 7570 - J4 continuity 6.06Ohm, customer return unit.",C7570,CONTINUITY,FAIL
LOG03996,"d 8812 - 5v rail 5.20v, unit was reworked yesterday.",D8812,POWER_RAIL_5V,PASS
LOG03997,unit a-6006: resistance check reset reading 6.90ohm (doesn't look right).,A6006,CONTINUITY,FAIL
LOG03998,A0469 - 12v power check 10.88V (fails).,A0469,POWER_RAIL_12V,FAIL
LOG03999,Unit board D7475: VDD_5V rail reading 4.91V (OK).,D7475,POWER_RAIL_5V,PASS
LOG04000,"checked thermal soak reading on d-0479, 20.9c.",D0479,THERMAL,PASS
